surah,ayah,chunk,p,family,file,text
1,1,1,1,QCF4_Hafs_01_W,QCF4_Hafs_01_W.ttf,
1,2,1,1,QCF4_Hafs_01_W,QCF4_Hafs_01_W.ttf,
1,3,1,1,QCF4_Hafs_01_W,QCF4_Hafs_01_W.ttf,
1,4,1,1,QCF4_Hafs_01_W,QCF4_Hafs_01_W.ttf,
1,5,1,1,QCF4_Hafs_01_W,QCF4_Hafs_01_W.ttf,
1,6,1,1,QCF4_Hafs_01_W,QCF4_Hafs_01_W.ttf,
1,7,1,1,QCF4_Hafs_01_W,QCF4_Hafs_01_W.ttf,
2,1,1,1,QCF4_Hafs_01_W,QCF4_Hafs_01_W.ttf,
2,2,1,1,QCF4_Hafs_01_W,QCF4_Hafs_01_W.ttf,
2,3,1,1,QCF4_Hafs_01_W,QCF4_Hafs_01_W.ttf,
2,4,1,1,QCF4_Hafs_01_W,QCF4_Hafs_01_W.ttf,
2,5,1,1,QCF4_Hafs_01_W,QCF4_Hafs_01_W.ttf,
2,6,1,1,QCF4_Hafs_01_W,QCF4_Hafs_01_W.ttf,
2,7,1,1,QCF4_Hafs_01_W,QCF4_Hafs_01_W.ttf,
2,8,1,1,QCF4_Hafs_01_W,QCF4_Hafs_01_W.ttf,
2,9,1,1,QCF4_Hafs_01_W,QCF4_Hafs_01_W.ttf,
2,10,1,1,QCF4_Hafs_01_W,QCF4_Hafs_01_W.ttf,
2,11,1,1,QCF4_Hafs_01_W,QCF4_Hafs_01_W.ttf,
2,12,1,1,QCF4_Hafs_01_W,QCF4_Hafs_01_W.ttf,
2,13,1,1,QCF4_Hafs_01_W,QCF4_Hafs_01_W.ttf,
2,14,1,1,QCF4_Hafs_01_W,QCF4_Hafs_01_W.ttf,
2,15,1,1,QCF4_Hafs_01_W,QCF4_Hafs_01_W.ttf,
2,16,1,1,QCF4_Hafs_01_W,QCF4_Hafs_01_W.ttf,
2,17,1,1,QCF4_Hafs_01_W,QCF4_Hafs_01_W.ttf,
2,18,1,1,QCF4_Hafs_01_W,QCF4_Hafs_01_W.ttf,
2,19,1,1,QCF4_Hafs_01_W,QCF4_Hafs_01_W.ttf,
2,20,1,1,QCF4_Hafs_01_W,QCF4_Hafs_01_W.ttf,
2,21,1,1,QCF4_Hafs_01_W,QCF4_Hafs_01_W.ttf,
2,22,1,1,QCF4_Hafs_01_W,QCF4_Hafs_01_W.ttf,
2,23,1,1,QCF4_Hafs_01_W,QCF4_Hafs_01_W.ttf,
2,24,1,1,QCF4_Hafs_01_W,QCF4_Hafs_01_W.ttf,
2,25,1,1,QCF4_Hafs_01_W,QCF4_Hafs_01_W.ttf,
2,26,1,1,QCF4_Hafs_01_W,QCF4_Hafs_01_W.ttf,
2,27,1,1,QCF4_Hafs_01_W,QCF4_Hafs_01_W.ttf,
2,28,1,1,QCF4_Hafs_01_W,QCF4_Hafs_01_W.ttf,
2,29,1,1,QCF4_Hafs_01_W,QCF4_Hafs_01_W.ttf,
2,30,1,1,QCF4_Hafs_01_W,QCF4_Hafs_01_W.ttf,
2,31,1,1,QCF4_Hafs_01_W,QCF4_Hafs_01_W.ttf,
2,32,1,1,QCF4_Hafs_01_W,QCF4_Hafs_01_W.ttf,
2,33,1,1,QCF4_Hafs_01_W,QCF4_Hafs_01_W.ttf,
2,34,1,1,QCF4_Hafs_01_W,QCF4_Hafs_01_W.ttf,
2,35,1,1,QCF4_Hafs_01_W,QCF4_Hafs_01_W.ttf,
2,36,1,1,QCF4_Hafs_01_W,QCF4_Hafs_01_W.ttf,
2,37,1,1,QCF4_Hafs_01_W,QCF4_Hafs_01_W.ttf,
2,38,1,1,QCF4_Hafs_01_W,QCF4_Hafs_01_W.ttf,
2,39,1,1,QCF4_Hafs_01_W,QCF4_Hafs_01_W.ttf,
2,40,1,1,QCF4_Hafs_01_W,QCF4_Hafs_01_W.ttf,
2,41,1,1,QCF4_Hafs_01_W,QCF4_Hafs_01_W.ttf,
2,42,1,1,QCF4_Hafs_01_W,QCF4_Hafs_01_W.ttf,
2,43,1,1,QCF4_Hafs_01_W,QCF4_Hafs_01_W.ttf,
2,44,1,1,QCF4_Hafs_01_W,QCF4_Hafs_01_W.ttf,
2,45,1,1,QCF4_Hafs_01_W,QCF4_Hafs_01_W.ttf,
2,46,1,1,QCF4_Hafs_01_W,QCF4_Hafs_01_W.ttf,
2,47,1,1,QCF4_Hafs_01_W,QCF4_Hafs_01_W.ttf,
2,48,1,1,QCF4_Hafs_01_W,QCF4_Hafs_01_W.ttf,
2,49,1,1,QCF4_Hafs_01_W,QCF4_Hafs_01_W.ttf,
2,50,1,1,QCF4_Hafs_01_W,QCF4_Hafs_01_W.ttf,
2,51,1,1,QCF4_Hafs_01_W,QCF4_Hafs_01_W.ttf,
2,52,1,1,QCF4_Hafs_01_W,QCF4_Hafs_01_W.ttf,
2,53,1,1,QCF4_Hafs_01_W,QCF4_Hafs_01_W.ttf,
2,54,1,1,QCF4_Hafs_01_W,QCF4_Hafs_01_W.ttf,
2,55,1,1,QCF4_Hafs_01_W,QCF4_Hafs_01_W.ttf,
2,56,1,1,QCF4_Hafs_01_W,QCF4_Hafs_01_W.ttf,
2,57,1,1,QCF4_Hafs_01_W,QCF4_Hafs_01_W.ttf,
2,58,1,1,QCF4_Hafs_01_W,QCF4_Hafs_01_W.ttf,
2,59,1,1,QCF4_Hafs_01_W,QCF4_Hafs_01_W.ttf,
2,60,1,1,QCF4_Hafs_01_W,QCF4_Hafs_01_W.ttf,
2,61,1,1,QCF4_Hafs_01_W,QCF4_Hafs_01_W.ttf,
2,62,1,1,QCF4_Hafs_01_W,QCF4_Hafs_01_W.ttf,
2,63,1,1,QCF4_Hafs_01_W,QCF4_Hafs_01_W.ttf,
2,64,1,1,QCF4_Hafs_01_W,QCF4_Hafs_01_W.ttf,
2,65,1,1,QCF4_Hafs_01_W,QCF4_Hafs_01_W.ttf,
2,66,1,1,QCF4_Hafs_01_W,QCF4_Hafs_01_W.ttf,
2,67,1,1,QCF4_Hafs_01_W,QCF4_Hafs_01_W.ttf,
2,68,1,1,QCF4_Hafs_01_W,QCF4_Hafs_01_W.ttf,
2,69,1,1,QCF4_Hafs_01_W,QCF4_Hafs_01_W.ttf,
2,70,1,1,QCF4_Hafs_01_W,QCF4_Hafs_01_W.ttf,
2,71,1,1,QCF4_Hafs_01_W,QCF4_Hafs_01_W.ttf,
2,72,1,1,QCF4_Hafs_01_W,QCF4_Hafs_01_W.ttf,
2,73,1,1,QCF4_Hafs_01_W,QCF4_Hafs_01_W.ttf,
2,74,1,1,QCF4_Hafs_01_W,QCF4_Hafs_01_W.ttf,
2,75,1,1,QCF4_Hafs_01_W,QCF4_Hafs_01_W.ttf,
2,76,1,1,QCF4_Hafs_01_W,QCF4_Hafs_01_W.ttf,
2,77,1,1,QCF4_Hafs_01_W,QCF4_Hafs_01_W.ttf,
2,78,1,1,QCF4_Hafs_01_W,QCF4_Hafs_01_W.ttf,
2,79,1,1,QCF4_Hafs_01_W,QCF4_Hafs_01_W.ttf,
2,80,1,1,QCF4_Hafs_01_W,QCF4_Hafs_01_W.ttf,
2,81,1,1,QCF4_Hafs_01_W,QCF4_Hafs_01_W.ttf,
2,82,1,1,QCF4_Hafs_01_W,QCF4_Hafs_01_W.ttf,
2,83,1,1,QCF4_Hafs_01_W,QCF4_Hafs_01_W.ttf,
2,84,1,1,QCF4_Hafs_01_W,QCF4_Hafs_01_W.ttf,
2,85,1,1,QCF4_Hafs_01_W,QCF4_Hafs_01_W.ttf,
2,86,1,1,QCF4_Hafs_01_W,QCF4_Hafs_01_W.ttf,
2,87,1,1,QCF4_Hafs_01_W,QCF4_Hafs_01_W.ttf,
2,88,1,1,QCF4_Hafs_01_W,QCF4_Hafs_01_W.ttf,
2,89,1,1,QCF4_Hafs_01_W,QCF4_Hafs_01_W.ttf,
2,90,1,1,QCF4_Hafs_01_W,QCF4_Hafs_01_W.ttf,
2,91,1,1,QCF4_Hafs_01_W,QCF4_Hafs_01_W.ttf,
2,92,1,1,QCF4_Hafs_01_W,QCF4_Hafs_01_W.ttf,
2,93,1,1,QCF4_Hafs_01_W,QCF4_Hafs_01_W.ttf,
2,94,1,1,QCF4_Hafs_01_W,QCF4_Hafs_01_W.ttf,
2,95,1,1,QCF4_Hafs_01_W,QCF4_Hafs_01_W.ttf,
2,96,1,1,QCF4_Hafs_01_W,QCF4_Hafs_01_W.ttf,
2,97,1,1,QCF4_Hafs_01_W,QCF4_Hafs_01_W.ttf,
2,98,1,1,QCF4_Hafs_01_W,QCF4_Hafs_01_W.ttf,
2,99,1,1,QCF4_Hafs_01_W,QCF4_Hafs_01_W.ttf,
2,100,1,1,QCF4_Hafs_01_W,QCF4_Hafs_01_W.ttf,
2,101,1,1,QCF4_Hafs_01_W,QCF4_Hafs_01_W.ttf,
2,102,1,2,QCF4_Hafs_02_W,QCF4_Hafs_02_W.ttf,
2,103,1,2,QCF4_Hafs_02_W,QCF4_Hafs_02_W.ttf,
2,104,1,2,QCF4_Hafs_02_W,QCF4_Hafs_02_W.ttf,
2,105,1,2,QCF4_Hafs_02_W,QCF4_Hafs_02_W.ttf,
2,106,1,2,QCF4_Hafs_02_W,QCF4_Hafs_02_W.ttf,
2,107,1,2,QCF4_Hafs_02_W,QCF4_Hafs_02_W.ttf,
2,108,1,2,QCF4_Hafs_02_W,QCF4_Hafs_02_W.ttf,
2,109,1,2,QCF4_Hafs_02_W,QCF4_Hafs_02_W.ttf,
2,110,1,2,QCF4_Hafs_02_W,QCF4_Hafs_02_W.ttf,
2,111,1,2,QCF4_Hafs_02_W,QCF4_Hafs_02_W.ttf,
2,112,1,2,QCF4_Hafs_02_W,QCF4_Hafs_02_W.ttf,
2,113,1,2,QCF4_Hafs_02_W,QCF4_Hafs_02_W.ttf,
2,114,1,2,QCF4_Hafs_02_W,QCF4_Hafs_02_W.ttf,
2,115,1,2,QCF4_Hafs_02_W,QCF4_Hafs_02_W.ttf,
2,116,1,2,QCF4_Hafs_02_W,QCF4_Hafs_02_W.ttf,
2,117,1,2,QCF4_Hafs_02_W,QCF4_Hafs_02_W.ttf,
2,118,1,2,QCF4_Hafs_02_W,QCF4_Hafs_02_W.ttf,
2,119,1,2,QCF4_Hafs_02_W,QCF4_Hafs_02_W.ttf,
2,120,1,2,QCF4_Hafs_02_W,QCF4_Hafs_02_W.ttf,
2,121,1,2,QCF4_Hafs_02_W,QCF4_Hafs_02_W.ttf,
2,122,1,2,QCF4_Hafs_02_W,QCF4_Hafs_02_W.ttf,
2,123,1,2,QCF4_Hafs_02_W,QCF4_Hafs_02_W.ttf,
2,124,1,2,QCF4_Hafs_02_W,QCF4_Hafs_02_W.ttf,
2,125,1,2,QCF4_Hafs_02_W,QCF4_Hafs_02_W.ttf,
2,126,1,2,QCF4_Hafs_02_W,QCF4_Hafs_02_W.ttf,
2,127,1,2,QCF4_Hafs_02_W,QCF4_Hafs_02_W.ttf,
2,128,1,2,QCF4_Hafs_02_W,QCF4_Hafs_02_W.ttf,
2,129,1,2,QCF4_Hafs_02_W,QCF4_Hafs_02_W.ttf,
2,130,1,2,QCF4_Hafs_02_W,QCF4_Hafs_02_W.ttf,
2,131,1,2,QCF4_Hafs_02_W,QCF4_Hafs_02_W.ttf,
2,132,1,2,QCF4_Hafs_02_W,QCF4_Hafs_02_W.ttf,
2,133,1,2,QCF4_Hafs_02_W,QCF4_Hafs_02_W.ttf,
2,134,1,2,QCF4_Hafs_02_W,QCF4_Hafs_02_W.ttf,
2,135,1,2,QCF4_Hafs_02_W,QCF4_Hafs_02_W.ttf,
2,136,1,2,QCF4_Hafs_02_W,QCF4_Hafs_02_W.ttf,
2,137,1,2,QCF4_Hafs_02_W,QCF4_Hafs_02_W.ttf,
2,138,1,2,QCF4_Hafs_02_W,QCF4_Hafs_02_W.ttf,
2,139,1,2,QCF4_Hafs_02_W,QCF4_Hafs_02_W.ttf,
2,140,1,2,QCF4_Hafs_02_W,QCF4_Hafs_02_W.ttf,
2,141,1,2,QCF4_Hafs_02_W,QCF4_Hafs_02_W.ttf,
2,142,1,2,QCF4_Hafs_02_W,QCF4_Hafs_02_W.ttf,
2,143,1,2,QCF4_Hafs_02_W,QCF4_Hafs_02_W.ttf,
2,144,1,2,QCF4_Hafs_02_W,QCF4_Hafs_02_W.ttf,
2,145,1,2,QCF4_Hafs_02_W,QCF4_Hafs_02_W.ttf,
2,146,1,2,QCF4_Hafs_02_W,QCF4_Hafs_02_W.ttf,
2,147,1,2,QCF4_Hafs_02_W,QCF4_Hafs_02_W.ttf,
2,148,1,2,QCF4_Hafs_02_W,QCF4_Hafs_02_W.ttf,
2,149,1,2,QCF4_Hafs_02_W,QCF4_Hafs_02_W.ttf,
2,150,1,2,QCF4_Hafs_02_W,QCF4_Hafs_02_W.ttf,
2,151,1,2,QCF4_Hafs_02_W,QCF4_Hafs_02_W.ttf,
2,152,1,2,QCF4_Hafs_02_W,QCF4_Hafs_02_W.ttf,
2,153,1,2,QCF4_Hafs_02_W,QCF4_Hafs_02_W.ttf,
2,154,1,2,QCF4_Hafs_02_W,QCF4_Hafs_02_W.ttf,
2,155,1,2,QCF4_Hafs_02_W,QCF4_Hafs_02_W.ttf,
2,156,1,2,QCF4_Hafs_02_W,QCF4_Hafs_02_W.ttf,
2,157,1,2,QCF4_Hafs_02_W,QCF4_Hafs_02_W.ttf,
2,158,1,2,QCF4_Hafs_02_W,QCF4_Hafs_02_W.ttf,
2,159,1,2,QCF4_Hafs_02_W,QCF4_Hafs_02_W.ttf,
2,160,1,2,QCF4_Hafs_02_W,QCF4_Hafs_02_W.ttf,
2,161,1,2,QCF4_Hafs_02_W,QCF4_Hafs_02_W.ttf,
2,162,1,2,QCF4_Hafs_02_W,QCF4_Hafs_02_W.ttf,
2,163,1,2,QCF4_Hafs_02_W,QCF4_Hafs_02_W.ttf,
2,164,1,2,QCF4_Hafs_02_W,QCF4_Hafs_02_W.ttf,
2,165,1,2,QCF4_Hafs_02_W,QCF4_Hafs_02_W.ttf,
2,166,1,2,QCF4_Hafs_02_W,QCF4_Hafs_02_W.ttf,
2,167,1,2,QCF4_Hafs_02_W,QCF4_Hafs_02_W.ttf,
2,168,1,2,QCF4_Hafs_02_W,QCF4_Hafs_02_W.ttf,
2,169,1,2,QCF4_Hafs_02_W,QCF4_Hafs_02_W.ttf,
2,170,1,2,QCF4_Hafs_02_W,QCF4_Hafs_02_W.ttf,
2,171,1,2,QCF4_Hafs_02_W,QCF4_Hafs_02_W.ttf,
2,172,1,2,QCF4_Hafs_02_W,QCF4_Hafs_02_W.ttf,
2,173,1,2,QCF4_Hafs_02_W,QCF4_Hafs_02_W.ttf,
2,174,1,2,QCF4_Hafs_02_W,QCF4_Hafs_02_W.ttf,
2,175,1,2,QCF4_Hafs_02_W,QCF4_Hafs_02_W.ttf,
2,176,1,2,QCF4_Hafs_02_W,QCF4_Hafs_02_W.ttf,
2,177,1,2,QCF4_Hafs_02_W,QCF4_Hafs_02_W.ttf,
2,178,1,2,QCF4_Hafs_02_W,QCF4_Hafs_02_W.ttf,
2,179,1,2,QCF4_Hafs_02_W,QCF4_Hafs_02_W.ttf,
2,180,1,2,QCF4_Hafs_02_W,QCF4_Hafs_02_W.ttf,
2,181,1,2,QCF4_Hafs_02_W,QCF4_Hafs_02_W.ttf,
2,182,1,2,QCF4_Hafs_02_W,QCF4_Hafs_02_W.ttf,
2,183,1,2,QCF4_Hafs_02_W,QCF4_Hafs_02_W.ttf,
2,184,1,2,QCF4_Hafs_02_W,QCF4_Hafs_02_W.ttf,
2,185,1,2,QCF4_Hafs_02_W,QCF4_Hafs_02_W.ttf,
2,186,1,2,QCF4_Hafs_02_W,QCF4_Hafs_02_W.ttf,
2,187,1,3,QCF4_Hafs_03_W,QCF4_Hafs_03_W.ttf,
2,188,1,3,QCF4_Hafs_03_W,QCF4_Hafs_03_W.ttf,
2,189,1,3,QCF4_Hafs_03_W,QCF4_Hafs_03_W.ttf,
2,190,1,3,QCF4_Hafs_03_W,QCF4_Hafs_03_W.ttf,
2,191,1,3,QCF4_Hafs_03_W,QCF4_Hafs_03_W.ttf,
2,192,1,3,QCF4_Hafs_03_W,QCF4_Hafs_03_W.ttf,
2,193,1,3,QCF4_Hafs_03_W,QCF4_Hafs_03_W.ttf,
2,194,1,3,QCF4_Hafs_03_W,QCF4_Hafs_03_W.ttf,
2,195,1,3,QCF4_Hafs_03_W,QCF4_Hafs_03_W.ttf,
2,196,1,3,QCF4_Hafs_03_W,QCF4_Hafs_03_W.ttf,
2,197,1,3,QCF4_Hafs_03_W,QCF4_Hafs_03_W.ttf,
2,198,1,3,QCF4_Hafs_03_W,QCF4_Hafs_03_W.ttf,
2,199,1,3,QCF4_Hafs_03_W,QCF4_Hafs_03_W.ttf,
2,200,1,3,QCF4_Hafs_03_W,QCF4_Hafs_03_W.ttf,
2,201,1,3,QCF4_Hafs_03_W,QCF4_Hafs_03_W.ttf,
2,202,1,3,QCF4_Hafs_03_W,QCF4_Hafs_03_W.ttf,
2,203,1,3,QCF4_Hafs_03_W,QCF4_Hafs_03_W.ttf,
2,204,1,3,QCF4_Hafs_03_W,QCF4_Hafs_03_W.ttf,
2,205,1,3,QCF4_Hafs_03_W,QCF4_Hafs_03_W.ttf,
2,206,1,3,QCF4_Hafs_03_W,QCF4_Hafs_03_W.ttf,
2,207,1,3,QCF4_Hafs_03_W,QCF4_Hafs_03_W.ttf,
2,208,1,3,QCF4_Hafs_03_W,QCF4_Hafs_03_W.ttf,
2,209,1,3,QCF4_Hafs_03_W,QCF4_Hafs_03_W.ttf,
2,210,1,3,QCF4_Hafs_03_W,QCF4_Hafs_03_W.ttf,
2,211,1,3,QCF4_Hafs_03_W,QCF4_Hafs_03_W.ttf,
2,212,1,3,QCF4_Hafs_03_W,QCF4_Hafs_03_W.ttf,
2,213,1,3,QCF4_Hafs_03_W,QCF4_Hafs_03_W.ttf,
2,214,1,3,QCF4_Hafs_03_W,QCF4_Hafs_03_W.ttf,
2,215,1,3,QCF4_Hafs_03_W,QCF4_Hafs_03_W.ttf,
2,216,1,3,QCF4_Hafs_03_W,QCF4_Hafs_03_W.ttf,
2,217,1,3,QCF4_Hafs_03_W,QCF4_Hafs_03_W.ttf,
2,218,1,3,QCF4_Hafs_03_W,QCF4_Hafs_03_W.ttf,
2,219,1,3,QCF4_Hafs_03_W,QCF4_Hafs_03_W.ttf,
2,220,1,3,QCF4_Hafs_03_W,QCF4_Hafs_03_W.ttf,
2,221,1,3,QCF4_Hafs_03_W,QCF4_Hafs_03_W.ttf,
2,222,1,3,QCF4_Hafs_03_W,QCF4_Hafs_03_W.ttf,
2,223,1,3,QCF4_Hafs_03_W,QCF4_Hafs_03_W.ttf,
2,224,1,3,QCF4_Hafs_03_W,QCF4_Hafs_03_W.ttf,
2,225,1,3,QCF4_Hafs_03_W,QCF4_Hafs_03_W.ttf,
2,226,1,3,QCF4_Hafs_03_W,QCF4_Hafs_03_W.ttf,
2,227,1,3,QCF4_Hafs_03_W,QCF4_Hafs_03_W.ttf,
2,228,1,3,QCF4_Hafs_03_W,QCF4_Hafs_03_W.ttf,
2,229,1,3,QCF4_Hafs_03_W,QCF4_Hafs_03_W.ttf,
2,230,1,3,QCF4_Hafs_03_W,QCF4_Hafs_03_W.ttf,
2,231,1,3,QCF4_Hafs_03_W,QCF4_Hafs_03_W.ttf,
2,232,1,3,QCF4_Hafs_03_W,QCF4_Hafs_03_W.ttf,
2,233,1,3,QCF4_Hafs_03_W,QCF4_Hafs_03_W.ttf,
2,234,1,3,QCF4_Hafs_03_W,QCF4_Hafs_03_W.ttf,
2,235,1,3,QCF4_Hafs_03_W,QCF4_Hafs_03_W.ttf,
2,236,1,3,QCF4_Hafs_03_W,QCF4_Hafs_03_W.ttf,
2,237,1,3,QCF4_Hafs_03_W,QCF4_Hafs_03_W.ttf,
2,238,1,3,QCF4_Hafs_03_W,QCF4_Hafs_03_W.ttf,
2,239,1,3,QCF4_Hafs_03_W,QCF4_Hafs_03_W.ttf,
2,240,1,3,QCF4_Hafs_03_W,QCF4_Hafs_03_W.ttf,
2,241,1,3,QCF4_Hafs_03_W,QCF4_Hafs_03_W.ttf,
2,242,1,3,QCF4_Hafs_03_W,QCF4_Hafs_03_W.ttf,
2,243,1,3,QCF4_Hafs_03_W,QCF4_Hafs_03_W.ttf,
2,244,1,3,QCF4_Hafs_03_W,QCF4_Hafs_03_W.ttf,
2,245,1,3,QCF4_Hafs_03_W,QCF4_Hafs_03_W.ttf,
2,246,1,3,QCF4_Hafs_03_W,QCF4_Hafs_03_W.ttf,
2,247,1,3,QCF4_Hafs_03_W,QCF4_Hafs_03_W.ttf,
2,248,1,3,QCF4_Hafs_03_W,QCF4_Hafs_03_W.ttf,
2,249,1,3,QCF4_Hafs_03_W,QCF4_Hafs_03_W.ttf,
2,250,1,3,QCF4_Hafs_03_W,QCF4_Hafs_03_W.ttf,
2,251,1,3,QCF4_Hafs_03_W,QCF4_Hafs_03_W.ttf,
2,252,1,3,QCF4_Hafs_03_W,QCF4_Hafs_03_W.ttf,
2,253,1,4,QCF4_Hafs_04_W,QCF4_Hafs_04_W.ttf,
2,254,1,4,QCF4_Hafs_04_W,QCF4_Hafs_04_W.ttf,
2,255,1,4,QCF4_Hafs_04_W,QCF4_Hafs_04_W.ttf,
2,256,1,4,QCF4_Hafs_04_W,QCF4_Hafs_04_W.ttf,
2,257,1,4,QCF4_Hafs_04_W,QCF4_Hafs_04_W.ttf,
2,258,1,4,QCF4_Hafs_04_W,QCF4_Hafs_04_W.ttf,
2,259,1,4,QCF4_Hafs_04_W,QCF4_Hafs_04_W.ttf,
2,260,1,4,QCF4_Hafs_04_W,QCF4_Hafs_04_W.ttf,
2,261,1,4,QCF4_Hafs_04_W,QCF4_Hafs_04_W.ttf,
2,262,1,4,QCF4_Hafs_04_W,QCF4_Hafs_04_W.ttf,
2,263,1,4,QCF4_Hafs_04_W,QCF4_Hafs_04_W.ttf,
2,264,1,4,QCF4_Hafs_04_W,QCF4_Hafs_04_W.ttf,
2,265,1,4,QCF4_Hafs_04_W,QCF4_Hafs_04_W.ttf,
2,266,1,4,QCF4_Hafs_04_W,QCF4_Hafs_04_W.ttf,
2,267,1,4,QCF4_Hafs_04_W,QCF4_Hafs_04_W.ttf,
2,268,1,4,QCF4_Hafs_04_W,QCF4_Hafs_04_W.ttf,
2,269,1,4,QCF4_Hafs_04_W,QCF4_Hafs_04_W.ttf,
2,270,1,4,QCF4_Hafs_04_W,QCF4_Hafs_04_W.ttf,
2,271,1,4,QCF4_Hafs_04_W,QCF4_Hafs_04_W.ttf,
2,272,1,4,QCF4_Hafs_04_W,QCF4_Hafs_04_W.ttf,
2,273,1,4,QCF4_Hafs_04_W,QCF4_Hafs_04_W.ttf,
2,274,1,4,QCF4_Hafs_04_W,QCF4_Hafs_04_W.ttf,
2,275,1,4,QCF4_Hafs_04_W,QCF4_Hafs_04_W.ttf,
2,276,1,4,QCF4_Hafs_04_W,QCF4_Hafs_04_W.ttf,
2,277,1,4,QCF4_Hafs_04_W,QCF4_Hafs_04_W.ttf,
2,278,1,4,QCF4_Hafs_04_W,QCF4_Hafs_04_W.ttf,
2,279,1,4,QCF4_Hafs_04_W,QCF4_Hafs_04_W.ttf,
2,280,1,4,QCF4_Hafs_04_W,QCF4_Hafs_04_W.ttf,
2,281,1,4,QCF4_Hafs_04_W,QCF4_Hafs_04_W.ttf,
2,282,1,4,QCF4_Hafs_04_W,QCF4_Hafs_04_W.ttf,
2,283,1,4,QCF4_Hafs_04_W,QCF4_Hafs_04_W.ttf,
2,284,1,4,QCF4_Hafs_04_W,QCF4_Hafs_04_W.ttf,
2,285,1,4,QCF4_Hafs_04_W,QCF4_Hafs_04_W.ttf,
2,286,1,4,QCF4_Hafs_04_W,QCF4_Hafs_04_W.ttf,
3,1,1,4,QCF4_Hafs_04_W,QCF4_Hafs_04_W.ttf,
3,2,1,4,QCF4_Hafs_04_W,QCF4_Hafs_04_W.ttf,
3,3,1,4,QCF4_Hafs_04_W,QCF4_Hafs_04_W.ttf,
3,4,1,4,QCF4_Hafs_04_W,QCF4_Hafs_04_W.ttf,
3,5,1,4,QCF4_Hafs_04_W,QCF4_Hafs_04_W.ttf,
3,6,1,4,QCF4_Hafs_04_W,QCF4_Hafs_04_W.ttf,
3,7,1,4,QCF4_Hafs_04_W,QCF4_Hafs_04_W.ttf,
3,8,1,4,QCF4_Hafs_04_W,QCF4_Hafs_04_W.ttf,
3,9,1,4,QCF4_Hafs_04_W,QCF4_Hafs_04_W.ttf,
3,10,1,4,QCF4_Hafs_04_W,QCF4_Hafs_04_W.ttf,
3,11,1,4,QCF4_Hafs_04_W,QCF4_Hafs_04_W.ttf,
3,12,1,4,QCF4_Hafs_04_W,QCF4_Hafs_04_W.ttf,
3,13,1,4,QCF4_Hafs_04_W,QCF4_Hafs_04_W.ttf,
3,14,1,4,QCF4_Hafs_04_W,QCF4_Hafs_04_W.ttf,
3,15,1,4,QCF4_Hafs_04_W,QCF4_Hafs_04_W.ttf,
3,16,1,4,QCF4_Hafs_04_W,QCF4_Hafs_04_W.ttf,
3,17,1,4,QCF4_Hafs_04_W,QCF4_Hafs_04_W.ttf,
3,18,1,4,QCF4_Hafs_04_W,QCF4_Hafs_04_W.ttf,
3,19,1,4,QCF4_Hafs_04_W,QCF4_Hafs_04_W.ttf,
3,20,1,4,QCF4_Hafs_04_W,QCF4_Hafs_04_W.ttf,
3,21,1,4,QCF4_Hafs_04_W,QCF4_Hafs_04_W.ttf,
3,22,1,4,QCF4_Hafs_04_W,QCF4_Hafs_04_W.ttf,
3,23,1,4,QCF4_Hafs_04_W,QCF4_Hafs_04_W.ttf,
3,24,1,4,QCF4_Hafs_04_W,QCF4_Hafs_04_W.ttf,
3,25,1,4,QCF4_Hafs_04_W,QCF4_Hafs_04_W.ttf,
3,26,1,4,QCF4_Hafs_04_W,QCF4_Hafs_04_W.ttf,
3,27,1,4,QCF4_Hafs_04_W,QCF4_Hafs_04_W.ttf,
3,28,1,4,QCF4_Hafs_04_W,QCF4_Hafs_04_W.ttf,
3,29,1,4,QCF4_Hafs_04_W,QCF4_Hafs_04_W.ttf,
3,30,1,4,QCF4_Hafs_04_W,QCF4_Hafs_04_W.ttf,
3,31,1,4,QCF4_Hafs_04_W,QCF4_Hafs_04_W.ttf,
3,32,1,4,QCF4_Hafs_04_W,QCF4_Hafs_04_W.ttf,
3,33,1,4,QCF4_Hafs_04_W,QCF4_Hafs_04_W.ttf,
3,34,1,4,QCF4_Hafs_04_W,QCF4_Hafs_04_W.ttf,
3,35,1,4,QCF4_Hafs_04_W,QCF4_Hafs_04_W.ttf,
3,36,1,4,QCF4_Hafs_04_W,QCF4_Hafs_04_W.ttf,
3,37,1,4,QCF4_Hafs_04_W,QCF4_Hafs_04_W.ttf,
3,38,1,5,QCF4_Hafs_05_W,QCF4_Hafs_05_W.ttf,
3,39,1,5,QCF4_Hafs_05_W,QCF4_Hafs_05_W.ttf,
3,40,1,5,QCF4_Hafs_05_W,QCF4_Hafs_05_W.ttf,
3,41,1,5,QCF4_Hafs_05_W,QCF4_Hafs_05_W.ttf,
3,42,1,5,QCF4_Hafs_05_W,QCF4_Hafs_05_W.ttf,
3,43,1,5,QCF4_Hafs_05_W,QCF4_Hafs_05_W.ttf,
3,44,1,5,QCF4_Hafs_05_W,QCF4_Hafs_05_W.ttf,
3,45,1,5,QCF4_Hafs_05_W,QCF4_Hafs_05_W.ttf,
3,46,1,5,QCF4_Hafs_05_W,QCF4_Hafs_05_W.ttf,
3,47,1,5,QCF4_Hafs_05_W,QCF4_Hafs_05_W.ttf,
3,48,1,5,QCF4_Hafs_05_W,QCF4_Hafs_05_W.ttf,
3,49,1,5,QCF4_Hafs_05_W,QCF4_Hafs_05_W.ttf,
3,50,1,5,QCF4_Hafs_05_W,QCF4_Hafs_05_W.ttf,
3,51,1,5,QCF4_Hafs_05_W,QCF4_Hafs_05_W.ttf,
3,52,1,5,QCF4_Hafs_05_W,QCF4_Hafs_05_W.ttf,
3,53,1,5,QCF4_Hafs_05_W,QCF4_Hafs_05_W.ttf,
3,54,1,5,QCF4_Hafs_05_W,QCF4_Hafs_05_W.ttf,
3,55,1,5,QCF4_Hafs_05_W,QCF4_Hafs_05_W.ttf,
3,56,1,5,QCF4_Hafs_05_W,QCF4_Hafs_05_W.ttf,
3,57,1,5,QCF4_Hafs_05_W,QCF4_Hafs_05_W.ttf,
3,58,1,5,QCF4_Hafs_05_W,QCF4_Hafs_05_W.ttf,
3,59,1,5,QCF4_Hafs_05_W,QCF4_Hafs_05_W.ttf,
3,60,1,5,QCF4_Hafs_05_W,QCF4_Hafs_05_W.ttf,
3,61,1,5,QCF4_Hafs_05_W,QCF4_Hafs_05_W.ttf,
3,62,1,5,QCF4_Hafs_05_W,QCF4_Hafs_05_W.ttf,
3,63,1,5,QCF4_Hafs_05_W,QCF4_Hafs_05_W.ttf,
3,64,1,5,QCF4_Hafs_05_W,QCF4_Hafs_05_W.ttf,
3,65,1,5,QCF4_Hafs_05_W,QCF4_Hafs_05_W.ttf,
3,66,1,5,QCF4_Hafs_05_W,QCF4_Hafs_05_W.ttf,
3,67,1,5,QCF4_Hafs_05_W,QCF4_Hafs_05_W.ttf,
3,68,1,5,QCF4_Hafs_05_W,QCF4_Hafs_05_W.ttf,
3,69,1,5,QCF4_Hafs_05_W,QCF4_Hafs_05_W.ttf,
3,70,1,5,QCF4_Hafs_05_W,QCF4_Hafs_05_W.ttf,
3,71,1,5,QCF4_Hafs_05_W,QCF4_Hafs_05_W.ttf,
3,72,1,5,QCF4_Hafs_05_W,QCF4_Hafs_05_W.ttf,
3,73,1,5,QCF4_Hafs_05_W,QCF4_Hafs_05_W.ttf,
3,74,1,5,QCF4_Hafs_05_W,QCF4_Hafs_05_W.ttf,
3,75,1,5,QCF4_Hafs_05_W,QCF4_Hafs_05_W.ttf,
3,76,1,5,QCF4_Hafs_05_W,QCF4_Hafs_05_W.ttf,
3,77,1,5,QCF4_Hafs_05_W,QCF4_Hafs_05_W.ttf,
3,78,1,5,QCF4_Hafs_05_W,QCF4_Hafs_05_W.ttf,
3,79,1,5,QCF4_Hafs_05_W,QCF4_Hafs_05_W.ttf,
3,80,1,5,QCF4_Hafs_05_W,QCF4_Hafs_05_W.ttf,
3,81,1,5,QCF4_Hafs_05_W,QCF4_Hafs_05_W.ttf,
3,82,1,5,QCF4_Hafs_05_W,QCF4_Hafs_05_W.ttf,
3,83,1,5,QCF4_Hafs_05_W,QCF4_Hafs_05_W.ttf,
3,84,1,5,QCF4_Hafs_05_W,QCF4_Hafs_05_W.ttf,
3,85,1,5,QCF4_Hafs_05_W,QCF4_Hafs_05_W.ttf,
3,86,1,5,QCF4_Hafs_05_W,QCF4_Hafs_05_W.ttf,
3,87,1,5,QCF4_Hafs_05_W,QCF4_Hafs_05_W.ttf,
3,88,1,5,QCF4_Hafs_05_W,QCF4_Hafs_05_W.ttf,
3,89,1,5,QCF4_Hafs_05_W,QCF4_Hafs_05_W.ttf,
3,90,1,5,QCF4_Hafs_05_W,QCF4_Hafs_05_W.ttf,
3,91,1,5,QCF4_Hafs_05_W,QCF4_Hafs_05_W.ttf,
3,92,1,5,QCF4_Hafs_05_W,QCF4_Hafs_05_W.ttf,
3,93,1,5,QCF4_Hafs_05_W,QCF4_Hafs_05_W.ttf,
3,94,1,5,QCF4_Hafs_05_W,QCF4_Hafs_05_W.ttf,
3,95,1,5,QCF4_Hafs_05_W,QCF4_Hafs_05_W.ttf,
3,96,1,5,QCF4_Hafs_05_W,QCF4_Hafs_05_W.ttf,
3,97,1,5,QCF4_Hafs_05_W,QCF4_Hafs_05_W.ttf,
3,98,1,5,QCF4_Hafs_05_W,QCF4_Hafs_05_W.ttf,
3,99,1,5,QCF4_Hafs_05_W,QCF4_Hafs_05_W.ttf,
3,100,1,5,QCF4_Hafs_05_W,QCF4_Hafs_05_W.ttf,
3,101,1,5,QCF4_Hafs_05_W,QCF4_Hafs_05_W.ttf,
3,102,1,5,QCF4_Hafs_05_W,QCF4_Hafs_05_W.ttf,
3,103,1,5,QCF4_Hafs_05_W,QCF4_Hafs_05_W.ttf,
3,104,1,5,QCF4_Hafs_05_W,QCF4_Hafs_05_W.ttf,
3,105,1,5,QCF4_Hafs_05_W,QCF4_Hafs_05_W.ttf,
3,106,1,5,QCF4_Hafs_05_W,QCF4_Hafs_05_W.ttf,
3,107,1,5,QCF4_Hafs_05_W,QCF4_Hafs_05_W.ttf,
3,108,1,5,QCF4_Hafs_05_W,QCF4_Hafs_05_W.ttf,
3,109,1,5,QCF4_Hafs_05_W,QCF4_Hafs_05_W.ttf,
3,110,1,5,QCF4_Hafs_05_W,QCF4_Hafs_05_W.ttf,
3,111,1,5,QCF4_Hafs_05_W,QCF4_Hafs_05_W.ttf,
3,112,1,5,QCF4_Hafs_05_W,QCF4_Hafs_05_W.ttf,
3,113,1,5,QCF4_Hafs_05_W,QCF4_Hafs_05_W.ttf,
3,114,1,5,QCF4_Hafs_05_W,QCF4_Hafs_05_W.ttf,
3,115,1,5,QCF4_Hafs_05_W,QCF4_Hafs_05_W.ttf,
3,116,1,5,QCF4_Hafs_05_W,QCF4_Hafs_05_W.ttf,
3,117,1,5,QCF4_Hafs_05_W,QCF4_Hafs_05_W.ttf,
3,118,1,5,QCF4_Hafs_05_W,QCF4_Hafs_05_W.ttf,
3,119,1,5,QCF4_Hafs_05_W,QCF4_Hafs_05_W.ttf,
3,120,1,5,QCF4_Hafs_05_W,QCF4_Hafs_05_W.ttf,
3,121,1,5,QCF4_Hafs_05_W,QCF4_Hafs_05_W.ttf,
3,122,1,5,QCF4_Hafs_05_W,QCF4_Hafs_05_W.ttf,
3,123,1,5,QCF4_Hafs_05_W,QCF4_Hafs_05_W.ttf,
3,124,1,5,QCF4_Hafs_05_W,QCF4_Hafs_05_W.ttf,
3,125,1,5,QCF4_Hafs_05_W,QCF4_Hafs_05_W.ttf,
3,126,1,5,QCF4_Hafs_05_W,QCF4_Hafs_05_W.ttf,
3,127,1,5,QCF4_Hafs_05_W,QCF4_Hafs_05_W.ttf,
3,128,1,5,QCF4_Hafs_05_W,QCF4_Hafs_05_W.ttf,
3,129,1,5,QCF4_Hafs_05_W,QCF4_Hafs_05_W.ttf,
3,130,1,5,QCF4_Hafs_05_W,QCF4_Hafs_05_W.ttf,
3,131,1,5,QCF4_Hafs_05_W,QCF4_Hafs_05_W.ttf,
3,132,1,5,QCF4_Hafs_05_W,QCF4_Hafs_05_W.ttf,
3,133,1,5,QCF4_Hafs_05_W,QCF4_Hafs_05_W.ttf,
3,134,1,5,QCF4_Hafs_05_W,QCF4_Hafs_05_W.ttf,
3,135,1,5,QCF4_Hafs_05_W,QCF4_Hafs_05_W.ttf,
3,136,1,5,QCF4_Hafs_05_W,QCF4_Hafs_05_W.ttf,
3,137,1,5,QCF4_Hafs_05_W,QCF4_Hafs_05_W.ttf,
3,138,1,5,QCF4_Hafs_05_W,QCF4_Hafs_05_W.ttf,
3,139,1,5,QCF4_Hafs_05_W,QCF4_Hafs_05_W.ttf,
3,140,1,5,QCF4_Hafs_05_W,QCF4_Hafs_05_W.ttf,
3,141,1,6,QCF4_Hafs_06_W,QCF4_Hafs_06_W.ttf,
3,142,1,6,QCF4_Hafs_06_W,QCF4_Hafs_06_W.ttf,
3,143,1,6,QCF4_Hafs_06_W,QCF4_Hafs_06_W.ttf,
3,144,1,6,QCF4_Hafs_06_W,QCF4_Hafs_06_W.ttf,
3,145,1,6,QCF4_Hafs_06_W,QCF4_Hafs_06_W.ttf,
3,146,1,6,QCF4_Hafs_06_W,QCF4_Hafs_06_W.ttf,
3,147,1,6,QCF4_Hafs_06_W,QCF4_Hafs_06_W.ttf,
3,148,1,6,QCF4_Hafs_06_W,QCF4_Hafs_06_W.ttf,
3,149,1,6,QCF4_Hafs_06_W,QCF4_Hafs_06_W.ttf,
3,150,1,6,QCF4_Hafs_06_W,QCF4_Hafs_06_W.ttf,
3,151,1,6,QCF4_Hafs_06_W,QCF4_Hafs_06_W.ttf,
3,152,1,6,QCF4_Hafs_06_W,QCF4_Hafs_06_W.ttf,
3,153,1,6,QCF4_Hafs_06_W,QCF4_Hafs_06_W.ttf,
3,154,1,6,QCF4_Hafs_06_W,QCF4_Hafs_06_W.ttf,
3,155,1,6,QCF4_Hafs_06_W,QCF4_Hafs_06_W.ttf,
3,156,1,6,QCF4_Hafs_06_W,QCF4_Hafs_06_W.ttf,
3,157,1,6,QCF4_Hafs_06_W,QCF4_Hafs_06_W.ttf,
3,158,1,6,QCF4_Hafs_06_W,QCF4_Hafs_06_W.ttf,
3,159,1,6,QCF4_Hafs_06_W,QCF4_Hafs_06_W.ttf,
3,160,1,6,QCF4_Hafs_06_W,QCF4_Hafs_06_W.ttf,
3,161,1,6,QCF4_Hafs_06_W,QCF4_Hafs_06_W.ttf,
3,162,1,6,QCF4_Hafs_06_W,QCF4_Hafs_06_W.ttf,
3,163,1,6,QCF4_Hafs_06_W,QCF4_Hafs_06_W.ttf,
3,164,1,6,QCF4_Hafs_06_W,QCF4_Hafs_06_W.ttf,
3,165,1,6,QCF4_Hafs_06_W,QCF4_Hafs_06_W.ttf,
3,166,1,6,QCF4_Hafs_06_W,QCF4_Hafs_06_W.ttf,
3,167,1,6,QCF4_Hafs_06_W,QCF4_Hafs_06_W.ttf,
3,168,1,6,QCF4_Hafs_06_W,QCF4_Hafs_06_W.ttf,
3,169,1,6,QCF4_Hafs_06_W,QCF4_Hafs_06_W.ttf,
3,170,1,6,QCF4_Hafs_06_W,QCF4_Hafs_06_W.ttf,
3,171,1,6,QCF4_Hafs_06_W,QCF4_Hafs_06_W.ttf,
3,172,1,6,QCF4_Hafs_06_W,QCF4_Hafs_06_W.ttf,
3,173,1,6,QCF4_Hafs_06_W,QCF4_Hafs_06_W.ttf,
3,174,1,6,QCF4_Hafs_06_W,QCF4_Hafs_06_W.ttf,
3,175,1,6,QCF4_Hafs_06_W,QCF4_Hafs_06_W.ttf,
3,176,1,6,QCF4_Hafs_06_W,QCF4_Hafs_06_W.ttf,
3,177,1,6,QCF4_Hafs_06_W,QCF4_Hafs_06_W.ttf,
3,178,1,6,QCF4_Hafs_06_W,QCF4_Hafs_06_W.ttf,
3,179,1,6,QCF4_Hafs_06_W,QCF4_Hafs_06_W.ttf,
3,180,1,6,QCF4_Hafs_06_W,QCF4_Hafs_06_W.ttf,
3,181,1,6,QCF4_Hafs_06_W,QCF4_Hafs_06_W.ttf,
3,182,1,6,QCF4_Hafs_06_W,QCF4_Hafs_06_W.ttf,
3,183,1,6,QCF4_Hafs_06_W,QCF4_Hafs_06_W.ttf,
3,184,1,6,QCF4_Hafs_06_W,QCF4_Hafs_06_W.ttf,
3,185,1,6,QCF4_Hafs_06_W,QCF4_Hafs_06_W.ttf,
3,186,1,6,QCF4_Hafs_06_W,QCF4_Hafs_06_W.ttf,
3,187,1,6,QCF4_Hafs_06_W,QCF4_Hafs_06_W.ttf,
3,188,1,6,QCF4_Hafs_06_W,QCF4_Hafs_06_W.ttf,
3,189,1,6,QCF4_Hafs_06_W,QCF4_Hafs_06_W.ttf,
3,190,1,6,QCF4_Hafs_06_W,QCF4_Hafs_06_W.ttf,
3,191,1,6,QCF4_Hafs_06_W,QCF4_Hafs_06_W.ttf,
3,192,1,6,QCF4_Hafs_06_W,QCF4_Hafs_06_W.ttf,
3,193,1,6,QCF4_Hafs_06_W,QCF4_Hafs_06_W.ttf,
3,194,1,6,QCF4_Hafs_06_W,QCF4_Hafs_06_W.ttf,
3,195,1,6,QCF4_Hafs_06_W,QCF4_Hafs_06_W.ttf,
3,196,1,6,QCF4_Hafs_06_W,QCF4_Hafs_06_W.ttf,
3,197,1,6,QCF4_Hafs_06_W,QCF4_Hafs_06_W.ttf,
3,198,1,6,QCF4_Hafs_06_W,QCF4_Hafs_06_W.ttf,
3,199,1,6,QCF4_Hafs_06_W,QCF4_Hafs_06_W.ttf,
3,200,1,6,QCF4_Hafs_06_W,QCF4_Hafs_06_W.ttf,
4,1,1,6,QCF4_Hafs_06_W,QCF4_Hafs_06_W.ttf,
4,2,1,6,QCF4_Hafs_06_W,QCF4_Hafs_06_W.ttf,
4,3,1,6,QCF4_Hafs_06_W,QCF4_Hafs_06_W.ttf,
4,4,1,6,QCF4_Hafs_06_W,QCF4_Hafs_06_W.ttf,
4,5,1,6,QCF4_Hafs_06_W,QCF4_Hafs_06_W.ttf,
4,6,1,6,QCF4_Hafs_06_W,QCF4_Hafs_06_W.ttf,
4,7,1,6,QCF4_Hafs_06_W,QCF4_Hafs_06_W.ttf,
4,8,1,6,QCF4_Hafs_06_W,QCF4_Hafs_06_W.ttf,
4,9,1,6,QCF4_Hafs_06_W,QCF4_Hafs_06_W.ttf,
4,10,1,6,QCF4_Hafs_06_W,QCF4_Hafs_06_W.ttf,
4,11,1,6,QCF4_Hafs_06_W,QCF4_Hafs_06_W.ttf,
4,12,1,6,QCF4_Hafs_06_W,QCF4_Hafs_06_W.ttf,
4,13,1,6,QCF4_Hafs_06_W,QCF4_Hafs_06_W.ttf,
4,14,1,6,QCF4_Hafs_06_W,QCF4_Hafs_06_W.ttf,
4,15,1,6,QCF4_Hafs_06_W,QCF4_Hafs_06_W.ttf,
4,16,1,6,QCF4_Hafs_06_W,QCF4_Hafs_06_W.ttf,
4,17,1,6,QCF4_Hafs_06_W,QCF4_Hafs_06_W.ttf,
4,18,1,6,QCF4_Hafs_06_W,QCF4_Hafs_06_W.ttf,
4,19,1,6,QCF4_Hafs_06_W,QCF4_Hafs_06_W.ttf,
4,20,1,6,QCF4_Hafs_06_W,QCF4_Hafs_06_W.ttf,
4,21,1,6,QCF4_Hafs_06_W,QCF4_Hafs_06_W.ttf,
4,22,1,6,QCF4_Hafs_06_W,QCF4_Hafs_06_W.ttf,
4,23,1,6,QCF4_Hafs_06_W,QCF4_Hafs_06_W.ttf,
4,24,1,7,QCF4_Hafs_07_W,QCF4_Hafs_07_W.ttf,
4,25,1,7,QCF4_Hafs_07_W,QCF4_Hafs_07_W.ttf,
4,26,1,7,QCF4_Hafs_07_W,QCF4_Hafs_07_W.ttf,
4,27,1,7,QCF4_Hafs_07_W,QCF4_Hafs_07_W.ttf,
4,28,1,7,QCF4_Hafs_07_W,QCF4_Hafs_07_W.ttf,
4,29,1,7,QCF4_Hafs_07_W,QCF4_Hafs_07_W.ttf,
4,30,1,7,QCF4_Hafs_07_W,QCF4_Hafs_07_W.ttf,
4,31,1,7,QCF4_Hafs_07_W,QCF4_Hafs_07_W.ttf,
4,32,1,7,QCF4_Hafs_07_W,QCF4_Hafs_07_W.ttf,
4,33,1,7,QCF4_Hafs_07_W,QCF4_Hafs_07_W.ttf,
4,34,1,7,QCF4_Hafs_07_W,QCF4_Hafs_07_W.ttf,
4,35,1,7,QCF4_Hafs_07_W,QCF4_Hafs_07_W.ttf,
4,36,1,7,QCF4_Hafs_07_W,QCF4_Hafs_07_W.ttf,
4,37,1,7,QCF4_Hafs_07_W,QCF4_Hafs_07_W.ttf,
4,38,1,7,QCF4_Hafs_07_W,QCF4_Hafs_07_W.ttf,
4,39,1,7,QCF4_Hafs_07_W,QCF4_Hafs_07_W.ttf,
4,40,1,7,QCF4_Hafs_07_W,QCF4_Hafs_07_W.ttf,
4,41,1,7,QCF4_Hafs_07_W,QCF4_Hafs_07_W.ttf,
4,42,1,7,QCF4_Hafs_07_W,QCF4_Hafs_07_W.ttf,
4,43,1,7,QCF4_Hafs_07_W,QCF4_Hafs_07_W.ttf,
4,44,1,7,QCF4_Hafs_07_W,QCF4_Hafs_07_W.ttf,
4,45,1,7,QCF4_Hafs_07_W,QCF4_Hafs_07_W.ttf,
4,46,1,7,QCF4_Hafs_07_W,QCF4_Hafs_07_W.ttf,
4,47,1,7,QCF4_Hafs_07_W,QCF4_Hafs_07_W.ttf,
4,48,1,7,QCF4_Hafs_07_W,QCF4_Hafs_07_W.ttf,
4,49,1,7,QCF4_Hafs_07_W,QCF4_Hafs_07_W.ttf,
4,50,1,7,QCF4_Hafs_07_W,QCF4_Hafs_07_W.ttf,
4,51,1,7,QCF4_Hafs_07_W,QCF4_Hafs_07_W.ttf,
4,52,1,7,QCF4_Hafs_07_W,QCF4_Hafs_07_W.ttf,
4,53,1,7,QCF4_Hafs_07_W,QCF4_Hafs_07_W.ttf,
4,54,1,7,QCF4_Hafs_07_W,QCF4_Hafs_07_W.ttf,
4,55,1,7,QCF4_Hafs_07_W,QCF4_Hafs_07_W.ttf,
4,56,1,7,QCF4_Hafs_07_W,QCF4_Hafs_07_W.ttf,
4,57,1,7,QCF4_Hafs_07_W,QCF4_Hafs_07_W.ttf,
4,58,1,7,QCF4_Hafs_07_W,QCF4_Hafs_07_W.ttf,
4,59,1,7,QCF4_Hafs_07_W,QCF4_Hafs_07_W.ttf,
4,60,1,7,QCF4_Hafs_07_W,QCF4_Hafs_07_W.ttf,
4,61,1,7,QCF4_Hafs_07_W,QCF4_Hafs_07_W.ttf,
4,62,1,7,QCF4_Hafs_07_W,QCF4_Hafs_07_W.ttf,
4,63,1,7,QCF4_Hafs_07_W,QCF4_Hafs_07_W.ttf,
4,64,1,7,QCF4_Hafs_07_W,QCF4_Hafs_07_W.ttf,
4,65,1,7,QCF4_Hafs_07_W,QCF4_Hafs_07_W.ttf,
4,66,1,7,QCF4_Hafs_07_W,QCF4_Hafs_07_W.ttf,
4,67,1,7,QCF4_Hafs_07_W,QCF4_Hafs_07_W.ttf,
4,68,1,7,QCF4_Hafs_07_W,QCF4_Hafs_07_W.ttf,
4,69,1,7,QCF4_Hafs_07_W,QCF4_Hafs_07_W.ttf,
4,70,1,7,QCF4_Hafs_07_W,QCF4_Hafs_07_W.ttf,
4,71,1,7,QCF4_Hafs_07_W,QCF4_Hafs_07_W.ttf,
4,72,1,7,QCF4_Hafs_07_W,QCF4_Hafs_07_W.ttf,
4,73,1,7,QCF4_Hafs_07_W,QCF4_Hafs_07_W.ttf,
4,74,1,7,QCF4_Hafs_07_W,QCF4_Hafs_07_W.ttf,
4,75,1,7,QCF4_Hafs_07_W,QCF4_Hafs_07_W.ttf,
4,76,1,7,QCF4_Hafs_07_W,QCF4_Hafs_07_W.ttf,
4,77,1,7,QCF4_Hafs_07_W,QCF4_Hafs_07_W.ttf,
4,78,1,7,QCF4_Hafs_07_W,QCF4_Hafs_07_W.ttf,
4,79,1,7,QCF4_Hafs_07_W,QCF4_Hafs_07_W.ttf,
4,80,1,7,QCF4_Hafs_07_W,QCF4_Hafs_07_W.ttf,
4,81,1,7,QCF4_Hafs_07_W,QCF4_Hafs_07_W.ttf,
4,82,1,7,QCF4_Hafs_07_W,QCF4_Hafs_07_W.ttf,
4,83,1,7,QCF4_Hafs_07_W,QCF4_Hafs_07_W.ttf,
4,84,1,7,QCF4_Hafs_07_W,QCF4_Hafs_07_W.ttf,
4,85,1,7,QCF4_Hafs_07_W,QCF4_Hafs_07_W.ttf,
4,86,1,7,QCF4_Hafs_07_W,QCF4_Hafs_07_W.ttf,
4,87,1,7,QCF4_Hafs_07_W,QCF4_Hafs_07_W.ttf,
4,88,1,7,QCF4_Hafs_07_W,QCF4_Hafs_07_W.ttf,
4,89,1,7,QCF4_Hafs_07_W,QCF4_Hafs_07_W.ttf,
4,90,1,7,QCF4_Hafs_07_W,QCF4_Hafs_07_W.ttf,
4,91,1,7,QCF4_Hafs_07_W,QCF4_Hafs_07_W.ttf,
4,92,1,7,QCF4_Hafs_07_W,QCF4_Hafs_07_W.ttf,
4,93,1,7,QCF4_Hafs_07_W,QCF4_Hafs_07_W.ttf,
4,94,1,7,QCF4_Hafs_07_W,QCF4_Hafs_07_W.ttf,
4,95,1,7,QCF4_Hafs_07_W,QCF4_Hafs_07_W.ttf,
4,96,1,7,QCF4_Hafs_07_W,QCF4_Hafs_07_W.ttf,
4,97,1,7,QCF4_Hafs_07_W,QCF4_Hafs_07_W.ttf,
4,98,1,7,QCF4_Hafs_07_W,QCF4_Hafs_07_W.ttf,
4,99,1,7,QCF4_Hafs_07_W,QCF4_Hafs_07_W.ttf,
4,100,1,7,QCF4_Hafs_07_W,QCF4_Hafs_07_W.ttf,
4,101,1,7,QCF4_Hafs_07_W,QCF4_Hafs_07_W.ttf,
4,102,1,8,QCF4_Hafs_08_W,QCF4_Hafs_08_W.ttf,
4,103,1,8,QCF4_Hafs_08_W,QCF4_Hafs_08_W.ttf,
4,104,1,8,QCF4_Hafs_08_W,QCF4_Hafs_08_W.ttf,
4,105,1,8,QCF4_Hafs_08_W,QCF4_Hafs_08_W.ttf,
4,106,1,8,QCF4_Hafs_08_W,QCF4_Hafs_08_W.ttf,
4,107,1,8,QCF4_Hafs_08_W,QCF4_Hafs_08_W.ttf,
4,108,1,8,QCF4_Hafs_08_W,QCF4_Hafs_08_W.ttf,
4,109,1,8,QCF4_Hafs_08_W,QCF4_Hafs_08_W.ttf,
4,110,1,8,QCF4_Hafs_08_W,QCF4_Hafs_08_W.ttf,
4,111,1,8,QCF4_Hafs_08_W,QCF4_Hafs_08_W.ttf,
4,112,1,8,QCF4_Hafs_08_W,QCF4_Hafs_08_W.ttf,
4,113,1,8,QCF4_Hafs_08_W,QCF4_Hafs_08_W.ttf,
4,114,1,8,QCF4_Hafs_08_W,QCF4_Hafs_08_W.ttf,
4,115,1,8,QCF4_Hafs_08_W,QCF4_Hafs_08_W.ttf,
4,116,1,8,QCF4_Hafs_08_W,QCF4_Hafs_08_W.ttf,
4,117,1,8,QCF4_Hafs_08_W,QCF4_Hafs_08_W.ttf,
4,118,1,8,QCF4_Hafs_08_W,QCF4_Hafs_08_W.ttf,
4,119,1,8,QCF4_Hafs_08_W,QCF4_Hafs_08_W.ttf,
4,120,1,8,QCF4_Hafs_08_W,QCF4_Hafs_08_W.ttf,
4,121,1,8,QCF4_Hafs_08_W,QCF4_Hafs_08_W.ttf,
4,122,1,8,QCF4_Hafs_08_W,QCF4_Hafs_08_W.ttf,
4,123,1,8,QCF4_Hafs_08_W,QCF4_Hafs_08_W.ttf,
4,124,1,8,QCF4_Hafs_08_W,QCF4_Hafs_08_W.ttf,
4,125,1,8,QCF4_Hafs_08_W,QCF4_Hafs_08_W.ttf,
4,126,1,8,QCF4_Hafs_08_W,QCF4_Hafs_08_W.ttf,
4,127,1,8,QCF4_Hafs_08_W,QCF4_Hafs_08_W.ttf,
4,128,1,8,QCF4_Hafs_08_W,QCF4_Hafs_08_W.ttf,
4,129,1,8,QCF4_Hafs_08_W,QCF4_Hafs_08_W.ttf,
4,130,1,8,QCF4_Hafs_08_W,QCF4_Hafs_08_W.ttf,
4,131,1,8,QCF4_Hafs_08_W,QCF4_Hafs_08_W.ttf,
4,132,1,8,QCF4_Hafs_08_W,QCF4_Hafs_08_W.ttf,
4,133,1,8,QCF4_Hafs_08_W,QCF4_Hafs_08_W.ttf,
4,134,1,8,QCF4_Hafs_08_W,QCF4_Hafs_08_W.ttf,
4,135,1,8,QCF4_Hafs_08_W,QCF4_Hafs_08_W.ttf,
4,136,1,8,QCF4_Hafs_08_W,QCF4_Hafs_08_W.ttf,
4,137,1,8,QCF4_Hafs_08_W,QCF4_Hafs_08_W.ttf,
4,138,1,8,QCF4_Hafs_08_W,QCF4_Hafs_08_W.ttf,
4,139,1,8,QCF4_Hafs_08_W,QCF4_Hafs_08_W.ttf,
4,140,1,8,QCF4_Hafs_08_W,QCF4_Hafs_08_W.ttf,
4,141,1,8,QCF4_Hafs_08_W,QCF4_Hafs_08_W.ttf,
4,142,1,8,QCF4_Hafs_08_W,QCF4_Hafs_08_W.ttf,
4,143,1,8,QCF4_Hafs_08_W,QCF4_Hafs_08_W.ttf,
4,144,1,8,QCF4_Hafs_08_W,QCF4_Hafs_08_W.ttf,
4,145,1,8,QCF4_Hafs_08_W,QCF4_Hafs_08_W.ttf,
4,146,1,8,QCF4_Hafs_08_W,QCF4_Hafs_08_W.ttf,
4,147,1,8,QCF4_Hafs_08_W,QCF4_Hafs_08_W.ttf,
4,148,1,8,QCF4_Hafs_08_W,QCF4_Hafs_08_W.ttf,
4,149,1,8,QCF4_Hafs_08_W,QCF4_Hafs_08_W.ttf,
4,150,1,8,QCF4_Hafs_08_W,QCF4_Hafs_08_W.ttf,
4,151,1,8,QCF4_Hafs_08_W,QCF4_Hafs_08_W.ttf,
4,152,1,8,QCF4_Hafs_08_W,QCF4_Hafs_08_W.ttf,
4,153,1,8,QCF4_Hafs_08_W,QCF4_Hafs_08_W.ttf,
4,154,1,8,QCF4_Hafs_08_W,QCF4_Hafs_08_W.ttf,
4,155,1,8,QCF4_Hafs_08_W,QCF4_Hafs_08_W.ttf,
4,156,1,8,QCF4_Hafs_08_W,QCF4_Hafs_08_W.ttf,
4,157,1,8,QCF4_Hafs_08_W,QCF4_Hafs_08_W.ttf,
4,158,1,8,QCF4_Hafs_08_W,QCF4_Hafs_08_W.ttf,
4,159,1,8,QCF4_Hafs_08_W,QCF4_Hafs_08_W.ttf,
4,160,1,8,QCF4_Hafs_08_W,QCF4_Hafs_08_W.ttf,
4,161,1,8,QCF4_Hafs_08_W,QCF4_Hafs_08_W.ttf,
4,162,1,8,QCF4_Hafs_08_W,QCF4_Hafs_08_W.ttf,
4,163,1,8,QCF4_Hafs_08_W,QCF4_Hafs_08_W.ttf,
4,164,1,8,QCF4_Hafs_08_W,QCF4_Hafs_08_W.ttf,
4,165,1,8,QCF4_Hafs_08_W,QCF4_Hafs_08_W.ttf,
4,166,1,8,QCF4_Hafs_08_W,QCF4_Hafs_08_W.ttf,
4,167,1,8,QCF4_Hafs_08_W,QCF4_Hafs_08_W.ttf,
4,168,1,8,QCF4_Hafs_08_W,QCF4_Hafs_08_W.ttf,
4,169,1,8,QCF4_Hafs_08_W,QCF4_Hafs_08_W.ttf,
4,170,1,8,QCF4_Hafs_08_W,QCF4_Hafs_08_W.ttf,
4,171,1,8,QCF4_Hafs_08_W,QCF4_Hafs_08_W.ttf,
4,172,1,8,QCF4_Hafs_08_W,QCF4_Hafs_08_W.ttf,
4,173,1,8,QCF4_Hafs_08_W,QCF4_Hafs_08_W.ttf,
4,174,1,8,QCF4_Hafs_08_W,QCF4_Hafs_08_W.ttf,
4,175,1,8,QCF4_Hafs_08_W,QCF4_Hafs_08_W.ttf,
4,176,1,8,QCF4_Hafs_08_W,QCF4_Hafs_08_W.ttf,
5,1,1,8,QCF4_Hafs_08_W,QCF4_Hafs_08_W.ttf,
5,2,1,8,QCF4_Hafs_08_W,QCF4_Hafs_08_W.ttf,
5,3,1,8,QCF4_Hafs_08_W,QCF4_Hafs_08_W.ttf,
5,4,1,8,QCF4_Hafs_08_W,QCF4_Hafs_08_W.ttf,
5,5,1,8,QCF4_Hafs_08_W,QCF4_Hafs_08_W.ttf,
5,6,1,9,QCF4_Hafs_09_W,QCF4_Hafs_09_W.ttf,
5,7,1,9,QCF4_Hafs_09_W,QCF4_Hafs_09_W.ttf,
5,8,1,9,QCF4_Hafs_09_W,QCF4_Hafs_09_W.ttf,
5,9,1,9,QCF4_Hafs_09_W,QCF4_Hafs_09_W.ttf,
5,10,1,9,QCF4_Hafs_09_W,QCF4_Hafs_09_W.ttf,
5,11,1,9,QCF4_Hafs_09_W,QCF4_Hafs_09_W.ttf,
5,12,1,9,QCF4_Hafs_09_W,QCF4_Hafs_09_W.ttf,
5,13,1,9,QCF4_Hafs_09_W,QCF4_Hafs_09_W.ttf,
5,14,1,9,QCF4_Hafs_09_W,QCF4_Hafs_09_W.ttf,
5,15,1,9,QCF4_Hafs_09_W,QCF4_Hafs_09_W.ttf,
5,16,1,9,QCF4_Hafs_09_W,QCF4_Hafs_09_W.ttf,
5,17,1,9,QCF4_Hafs_09_W,QCF4_Hafs_09_W.ttf,
5,18,1,9,QCF4_Hafs_09_W,QCF4_Hafs_09_W.ttf,
5,19,1,9,QCF4_Hafs_09_W,QCF4_Hafs_09_W.ttf,
5,20,1,9,QCF4_Hafs_09_W,QCF4_Hafs_09_W.ttf,
5,21,1,9,QCF4_Hafs_09_W,QCF4_Hafs_09_W.ttf,
5,22,1,9,QCF4_Hafs_09_W,QCF4_Hafs_09_W.ttf,
5,23,1,9,QCF4_Hafs_09_W,QCF4_Hafs_09_W.ttf,
5,24,1,9,QCF4_Hafs_09_W,QCF4_Hafs_09_W.ttf,
5,25,1,9,QCF4_Hafs_09_W,QCF4_Hafs_09_W.ttf,
5,26,1,9,QCF4_Hafs_09_W,QCF4_Hafs_09_W.ttf,
5,27,1,9,QCF4_Hafs_09_W,QCF4_Hafs_09_W.ttf,
5,28,1,9,QCF4_Hafs_09_W,QCF4_Hafs_09_W.ttf,
5,29,1,9,QCF4_Hafs_09_W,QCF4_Hafs_09_W.ttf,
5,30,1,9,QCF4_Hafs_09_W,QCF4_Hafs_09_W.ttf,
5,31,1,9,QCF4_Hafs_09_W,QCF4_Hafs_09_W.ttf,
5,32,1,9,QCF4_Hafs_09_W,QCF4_Hafs_09_W.ttf,
5,33,1,9,QCF4_Hafs_09_W,QCF4_Hafs_09_W.ttf,
5,34,1,9,QCF4_Hafs_09_W,QCF4_Hafs_09_W.ttf,
5,35,1,9,QCF4_Hafs_09_W,QCF4_Hafs_09_W.ttf,
5,36,1,9,QCF4_Hafs_09_W,QCF4_Hafs_09_W.ttf,
5,37,1,9,QCF4_Hafs_09_W,QCF4_Hafs_09_W.ttf,
5,38,1,9,QCF4_Hafs_09_W,QCF4_Hafs_09_W.ttf,
5,39,1,9,QCF4_Hafs_09_W,QCF4_Hafs_09_W.ttf,
5,40,1,9,QCF4_Hafs_09_W,QCF4_Hafs_09_W.ttf,
5,41,1,9,QCF4_Hafs_09_W,QCF4_Hafs_09_W.ttf,
5,42,1,9,QCF4_Hafs_09_W,QCF4_Hafs_09_W.ttf,
5,43,1,9,QCF4_Hafs_09_W,QCF4_Hafs_09_W.ttf,
5,44,1,9,QCF4_Hafs_09_W,QCF4_Hafs_09_W.ttf,
5,45,1,9,QCF4_Hafs_09_W,QCF4_Hafs_09_W.ttf,
5,46,1,9,QCF4_Hafs_09_W,QCF4_Hafs_09_W.ttf,
5,47,1,9,QCF4_Hafs_09_W,QCF4_Hafs_09_W.ttf,
5,48,1,9,QCF4_Hafs_09_W,QCF4_Hafs_09_W.ttf,
5,49,1,9,QCF4_Hafs_09_W,QCF4_Hafs_09_W.ttf,
5,50,1,9,QCF4_Hafs_09_W,QCF4_Hafs_09_W.ttf,
5,51,1,9,QCF4_Hafs_09_W,QCF4_Hafs_09_W.ttf,
5,52,1,9,QCF4_Hafs_09_W,QCF4_Hafs_09_W.ttf,
5,53,1,9,QCF4_Hafs_09_W,QCF4_Hafs_09_W.ttf,
5,54,1,9,QCF4_Hafs_09_W,QCF4_Hafs_09_W.ttf,
5,55,1,9,QCF4_Hafs_09_W,QCF4_Hafs_09_W.ttf,
5,56,1,9,QCF4_Hafs_09_W,QCF4_Hafs_09_W.ttf,
5,57,1,9,QCF4_Hafs_09_W,QCF4_Hafs_09_W.ttf,
5,58,1,9,QCF4_Hafs_09_W,QCF4_Hafs_09_W.ttf,
5,59,1,9,QCF4_Hafs_09_W,QCF4_Hafs_09_W.ttf,
5,60,1,9,QCF4_Hafs_09_W,QCF4_Hafs_09_W.ttf,
5,61,1,9,QCF4_Hafs_09_W,QCF4_Hafs_09_W.ttf,
5,62,1,9,QCF4_Hafs_09_W,QCF4_Hafs_09_W.ttf,
5,63,1,9,QCF4_Hafs_09_W,QCF4_Hafs_09_W.ttf,
5,64,1,9,QCF4_Hafs_09_W,QCF4_Hafs_09_W.ttf,
5,65,1,9,QCF4_Hafs_09_W,QCF4_Hafs_09_W.ttf,
5,66,1,9,QCF4_Hafs_09_W,QCF4_Hafs_09_W.ttf,
5,67,1,9,QCF4_Hafs_09_W,QCF4_Hafs_09_W.ttf,
5,68,1,9,QCF4_Hafs_09_W,QCF4_Hafs_09_W.ttf,
5,69,1,9,QCF4_Hafs_09_W,QCF4_Hafs_09_W.ttf,
5,70,1,9,QCF4_Hafs_09_W,QCF4_Hafs_09_W.ttf,
5,71,1,9,QCF4_Hafs_09_W,QCF4_Hafs_09_W.ttf,
5,72,1,9,QCF4_Hafs_09_W,QCF4_Hafs_09_W.ttf,
5,73,1,9,QCF4_Hafs_09_W,QCF4_Hafs_09_W.ttf,
5,74,1,9,QCF4_Hafs_09_W,QCF4_Hafs_09_W.ttf,
5,75,1,9,QCF4_Hafs_09_W,QCF4_Hafs_09_W.ttf,
5,76,1,9,QCF4_Hafs_09_W,QCF4_Hafs_09_W.ttf,
5,77,1,9,QCF4_Hafs_09_W,QCF4_Hafs_09_W.ttf,
5,78,1,10,QCF4_Hafs_10_W,QCF4_Hafs_10_W.ttf,
5,79,1,10,QCF4_Hafs_10_W,QCF4_Hafs_10_W.ttf,
5,80,1,10,QCF4_Hafs_10_W,QCF4_Hafs_10_W.ttf,
5,81,1,10,QCF4_Hafs_10_W,QCF4_Hafs_10_W.ttf,
5,82,1,10,QCF4_Hafs_10_W,QCF4_Hafs_10_W.ttf,
5,83,1,10,QCF4_Hafs_10_W,QCF4_Hafs_10_W.ttf,
5,84,1,10,QCF4_Hafs_10_W,QCF4_Hafs_10_W.ttf,
5,85,1,10,QCF4_Hafs_10_W,QCF4_Hafs_10_W.ttf,
5,86,1,10,QCF4_Hafs_10_W,QCF4_Hafs_10_W.ttf,
5,87,1,10,QCF4_Hafs_10_W,QCF4_Hafs_10_W.ttf,
5,88,1,10,QCF4_Hafs_10_W,QCF4_Hafs_10_W.ttf,
5,89,1,10,QCF4_Hafs_10_W,QCF4_Hafs_10_W.ttf,
5,90,1,10,QCF4_Hafs_10_W,QCF4_Hafs_10_W.ttf,
5,91,1,10,QCF4_Hafs_10_W,QCF4_Hafs_10_W.ttf,
5,92,1,10,QCF4_Hafs_10_W,QCF4_Hafs_10_W.ttf,
5,93,1,10,QCF4_Hafs_10_W,QCF4_Hafs_10_W.ttf,
5,94,1,10,QCF4_Hafs_10_W,QCF4_Hafs_10_W.ttf,
5,95,1,10,QCF4_Hafs_10_W,QCF4_Hafs_10_W.ttf,
5,96,1,10,QCF4_Hafs_10_W,QCF4_Hafs_10_W.ttf,
5,97,1,10,QCF4_Hafs_10_W,QCF4_Hafs_10_W.ttf,
5,98,1,10,QCF4_Hafs_10_W,QCF4_Hafs_10_W.ttf,
5,99,1,10,QCF4_Hafs_10_W,QCF4_Hafs_10_W.ttf,
5,100,1,10,QCF4_Hafs_10_W,QCF4_Hafs_10_W.ttf,
5,101,1,10,QCF4_Hafs_10_W,QCF4_Hafs_10_W.ttf,
5,102,1,10,QCF4_Hafs_10_W,QCF4_Hafs_10_W.ttf,
5,103,1,10,QCF4_Hafs_10_W,QCF4_Hafs_10_W.ttf,
5,104,1,10,QCF4_Hafs_10_W,QCF4_Hafs_10_W.ttf,
5,105,1,10,QCF4_Hafs_10_W,QCF4_Hafs_10_W.ttf,
5,106,1,10,QCF4_Hafs_10_W,QCF4_Hafs_10_W.ttf,
5,107,1,10,QCF4_Hafs_10_W,QCF4_Hafs_10_W.ttf,
5,108,1,10,QCF4_Hafs_10_W,QCF4_Hafs_10_W.ttf,
5,109,1,10,QCF4_Hafs_10_W,QCF4_Hafs_10_W.ttf,
5,110,1,10,QCF4_Hafs_10_W,QCF4_Hafs_10_W.ttf,
5,111,1,10,QCF4_Hafs_10_W,QCF4_Hafs_10_W.ttf,
5,112,1,10,QCF4_Hafs_10_W,QCF4_Hafs_10_W.ttf,
5,113,1,10,QCF4_Hafs_10_W,QCF4_Hafs_10_W.ttf,
5,114,1,10,QCF4_Hafs_10_W,QCF4_Hafs_10_W.ttf,
5,115,1,10,QCF4_Hafs_10_W,QCF4_Hafs_10_W.ttf,
5,116,1,10,QCF4_Hafs_10_W,QCF4_Hafs_10_W.ttf,
5,117,1,10,QCF4_Hafs_10_W,QCF4_Hafs_10_W.ttf,
5,118,1,10,QCF4_Hafs_10_W,QCF4_Hafs_10_W.ttf,
5,119,1,10,QCF4_Hafs_10_W,QCF4_Hafs_10_W.ttf,
5,120,1,10,QCF4_Hafs_10_W,QCF4_Hafs_10_W.ttf,
6,1,1,10,QCF4_Hafs_10_W,QCF4_Hafs_10_W.ttf,
6,2,1,10,QCF4_Hafs_10_W,QCF4_Hafs_10_W.ttf,
6,3,1,10,QCF4_Hafs_10_W,QCF4_Hafs_10_W.ttf,
6,4,1,10,QCF4_Hafs_10_W,QCF4_Hafs_10_W.ttf,
6,5,1,10,QCF4_Hafs_10_W,QCF4_Hafs_10_W.ttf,
6,6,1,10,QCF4_Hafs_10_W,QCF4_Hafs_10_W.ttf,
6,7,1,10,QCF4_Hafs_10_W,QCF4_Hafs_10_W.ttf,
6,8,1,10,QCF4_Hafs_10_W,QCF4_Hafs_10_W.ttf,
6,9,1,10,QCF4_Hafs_10_W,QCF4_Hafs_10_W.ttf,
6,10,1,10,QCF4_Hafs_10_W,QCF4_Hafs_10_W.ttf,
6,11,1,10,QCF4_Hafs_10_W,QCF4_Hafs_10_W.ttf,
6,12,1,10,QCF4_Hafs_10_W,QCF4_Hafs_10_W.ttf,
6,13,1,10,QCF4_Hafs_10_W,QCF4_Hafs_10_W.ttf,
6,14,1,10,QCF4_Hafs_10_W,QCF4_Hafs_10_W.ttf,
6,15,1,10,QCF4_Hafs_10_W,QCF4_Hafs_10_W.ttf,
6,16,1,10,QCF4_Hafs_10_W,QCF4_Hafs_10_W.ttf,
6,17,1,10,QCF4_Hafs_10_W,QCF4_Hafs_10_W.ttf,
6,18,1,10,QCF4_Hafs_10_W,QCF4_Hafs_10_W.ttf,
6,19,1,10,QCF4_Hafs_10_W,QCF4_Hafs_10_W.ttf,
6,20,1,10,QCF4_Hafs_10_W,QCF4_Hafs_10_W.ttf,
6,21,1,10,QCF4_Hafs_10_W,QCF4_Hafs_10_W.ttf,
6,22,1,10,QCF4_Hafs_10_W,QCF4_Hafs_10_W.ttf,
6,23,1,10,QCF4_Hafs_10_W,QCF4_Hafs_10_W.ttf,
6,24,1,10,QCF4_Hafs_10_W,QCF4_Hafs_10_W.ttf,
6,25,1,10,QCF4_Hafs_10_W,QCF4_Hafs_10_W.ttf,
6,26,1,10,QCF4_Hafs_10_W,QCF4_Hafs_10_W.ttf,
6,27,1,10,QCF4_Hafs_10_W,QCF4_Hafs_10_W.ttf,
6,28,1,10,QCF4_Hafs_10_W,QCF4_Hafs_10_W.ttf,
6,29,1,10,QCF4_Hafs_10_W,QCF4_Hafs_10_W.ttf,
6,30,1,10,QCF4_Hafs_10_W,QCF4_Hafs_10_W.ttf,
6,31,1,10,QCF4_Hafs_10_W,QCF4_Hafs_10_W.ttf,
6,32,1,10,QCF4_Hafs_10_W,QCF4_Hafs_10_W.ttf,
6,33,1,10,QCF4_Hafs_10_W,QCF4_Hafs_10_W.ttf,
6,34,1,10,QCF4_Hafs_10_W,QCF4_Hafs_10_W.ttf,
6,35,1,10,QCF4_Hafs_10_W,QCF4_Hafs_10_W.ttf,
6,36,1,10,QCF4_Hafs_10_W,QCF4_Hafs_10_W.ttf,
6,37,1,10,QCF4_Hafs_10_W,QCF4_Hafs_10_W.ttf,
6,38,1,10,QCF4_Hafs_10_W,QCF4_Hafs_10_W.ttf,
6,39,1,10,QCF4_Hafs_10_W,QCF4_Hafs_10_W.ttf,
6,40,1,10,QCF4_Hafs_10_W,QCF4_Hafs_10_W.ttf,
6,41,1,10,QCF4_Hafs_10_W,QCF4_Hafs_10_W.ttf,
6,42,1,10,QCF4_Hafs_10_W,QCF4_Hafs_10_W.ttf,
6,43,1,10,QCF4_Hafs_10_W,QCF4_Hafs_10_W.ttf,
6,44,1,10,QCF4_Hafs_10_W,QCF4_Hafs_10_W.ttf,
6,45,1,10,QCF4_Hafs_10_W,QCF4_Hafs_10_W.ttf,
6,46,1,10,QCF4_Hafs_10_W,QCF4_Hafs_10_W.ttf,
6,47,1,10,QCF4_Hafs_10_W,QCF4_Hafs_10_W.ttf,
6,48,1,10,QCF4_Hafs_10_W,QCF4_Hafs_10_W.ttf,
6,49,1,10,QCF4_Hafs_10_W,QCF4_Hafs_10_W.ttf,
6,50,1,10,QCF4_Hafs_10_W,QCF4_Hafs_10_W.ttf,
6,51,1,10,QCF4_Hafs_10_W,QCF4_Hafs_10_W.ttf,
6,52,1,10,QCF4_Hafs_10_W,QCF4_Hafs_10_W.ttf,
6,53,1,11,QCF4_Hafs_11_W,QCF4_Hafs_11_W.ttf,
6,54,1,11,QCF4_Hafs_11_W,QCF4_Hafs_11_W.ttf,
6,55,1,11,QCF4_Hafs_11_W,QCF4_Hafs_11_W.ttf,
6,56,1,11,QCF4_Hafs_11_W,QCF4_Hafs_11_W.ttf,
6,57,1,11,QCF4_Hafs_11_W,QCF4_Hafs_11_W.ttf,
6,58,1,11,QCF4_Hafs_11_W,QCF4_Hafs_11_W.ttf,
6,59,1,11,QCF4_Hafs_11_W,QCF4_Hafs_11_W.ttf,
6,60,1,11,QCF4_Hafs_11_W,QCF4_Hafs_11_W.ttf,
6,61,1,11,QCF4_Hafs_11_W,QCF4_Hafs_11_W.ttf,
6,62,1,11,QCF4_Hafs_11_W,QCF4_Hafs_11_W.ttf,
6,63,1,11,QCF4_Hafs_11_W,QCF4_Hafs_11_W.ttf,
6,64,1,11,QCF4_Hafs_11_W,QCF4_Hafs_11_W.ttf,
6,65,1,11,QCF4_Hafs_11_W,QCF4_Hafs_11_W.ttf,
6,66,1,11,QCF4_Hafs_11_W,QCF4_Hafs_11_W.ttf,
6,67,1,11,QCF4_Hafs_11_W,QCF4_Hafs_11_W.ttf,
6,68,1,11,QCF4_Hafs_11_W,QCF4_Hafs_11_W.ttf,
6,69,1,11,QCF4_Hafs_11_W,QCF4_Hafs_11_W.ttf,
6,70,1,11,QCF4_Hafs_11_W,QCF4_Hafs_11_W.ttf,
6,71,1,11,QCF4_Hafs_11_W,QCF4_Hafs_11_W.ttf,
6,72,1,11,QCF4_Hafs_11_W,QCF4_Hafs_11_W.ttf,
6,73,1,11,QCF4_Hafs_11_W,QCF4_Hafs_11_W.ttf,
6,74,1,11,QCF4_Hafs_11_W,QCF4_Hafs_11_W.ttf,
6,75,1,11,QCF4_Hafs_11_W,QCF4_Hafs_11_W.ttf,
6,76,1,11,QCF4_Hafs_11_W,QCF4_Hafs_11_W.ttf,
6,77,1,11,QCF4_Hafs_11_W,QCF4_Hafs_11_W.ttf,
6,78,1,11,QCF4_Hafs_11_W,QCF4_Hafs_11_W.ttf,
6,79,1,11,QCF4_Hafs_11_W,QCF4_Hafs_11_W.ttf,
6,80,1,11,QCF4_Hafs_11_W,QCF4_Hafs_11_W.ttf,
6,81,1,11,QCF4_Hafs_11_W,QCF4_Hafs_11_W.ttf,
6,82,1,11,QCF4_Hafs_11_W,QCF4_Hafs_11_W.ttf,
6,83,1,11,QCF4_Hafs_11_W,QCF4_Hafs_11_W.ttf,
6,84,1,11,QCF4_Hafs_11_W,QCF4_Hafs_11_W.ttf,
6,85,1,11,QCF4_Hafs_11_W,QCF4_Hafs_11_W.ttf,
6,86,1,11,QCF4_Hafs_11_W,QCF4_Hafs_11_W.ttf,
6,87,1,11,QCF4_Hafs_11_W,QCF4_Hafs_11_W.ttf,
6,88,1,11,QCF4_Hafs_11_W,QCF4_Hafs_11_W.ttf,
6,89,1,11,QCF4_Hafs_11_W,QCF4_Hafs_11_W.ttf,
6,90,1,11,QCF4_Hafs_11_W,QCF4_Hafs_11_W.ttf,
6,91,1,11,QCF4_Hafs_11_W,QCF4_Hafs_11_W.ttf,
6,92,1,11,QCF4_Hafs_11_W,QCF4_Hafs_11_W.ttf,
6,93,1,11,QCF4_Hafs_11_W,QCF4_Hafs_11_W.ttf,
6,94,1,11,QCF4_Hafs_11_W,QCF4_Hafs_11_W.ttf,
6,95,1,11,QCF4_Hafs_11_W,QCF4_Hafs_11_W.ttf,
6,96,1,11,QCF4_Hafs_11_W,QCF4_Hafs_11_W.ttf,
6,97,1,11,QCF4_Hafs_11_W,QCF4_Hafs_11_W.ttf,
6,98,1,11,QCF4_Hafs_11_W,QCF4_Hafs_11_W.ttf,
6,99,1,11,QCF4_Hafs_11_W,QCF4_Hafs_11_W.ttf,
6,100,1,11,QCF4_Hafs_11_W,QCF4_Hafs_11_W.ttf,
6,101,1,11,QCF4_Hafs_11_W,QCF4_Hafs_11_W.ttf,
6,102,1,11,QCF4_Hafs_11_W,QCF4_Hafs_11_W.ttf,
6,103,1,11,QCF4_Hafs_11_W,QCF4_Hafs_11_W.ttf,
6,104,1,11,QCF4_Hafs_11_W,QCF4_Hafs_11_W.ttf,
6,105,1,11,QCF4_Hafs_11_W,QCF4_Hafs_11_W.ttf,
6,106,1,11,QCF4_Hafs_11_W,QCF4_Hafs_11_W.ttf,
6,107,1,11,QCF4_Hafs_11_W,QCF4_Hafs_11_W.ttf,
6,108,1,11,QCF4_Hafs_11_W,QCF4_Hafs_11_W.ttf,
6,109,1,11,QCF4_Hafs_11_W,QCF4_Hafs_11_W.ttf,
6,110,1,11,QCF4_Hafs_11_W,QCF4_Hafs_11_W.ttf,
6,111,1,11,QCF4_Hafs_11_W,QCF4_Hafs_11_W.ttf,
6,112,1,11,QCF4_Hafs_11_W,QCF4_Hafs_11_W.ttf,
6,113,1,11,QCF4_Hafs_11_W,QCF4_Hafs_11_W.ttf,
6,114,1,11,QCF4_Hafs_11_W,QCF4_Hafs_11_W.ttf,
6,115,1,11,QCF4_Hafs_11_W,QCF4_Hafs_11_W.ttf,
6,116,1,11,QCF4_Hafs_11_W,QCF4_Hafs_11_W.ttf,
6,117,1,11,QCF4_Hafs_11_W,QCF4_Hafs_11_W.ttf,
6,118,1,11,QCF4_Hafs_11_W,QCF4_Hafs_11_W.ttf,
6,119,1,11,QCF4_Hafs_11_W,QCF4_Hafs_11_W.ttf,
6,120,1,11,QCF4_Hafs_11_W,QCF4_Hafs_11_W.ttf,
6,121,1,11,QCF4_Hafs_11_W,QCF4_Hafs_11_W.ttf,
6,122,1,11,QCF4_Hafs_11_W,QCF4_Hafs_11_W.ttf,
6,123,1,11,QCF4_Hafs_11_W,QCF4_Hafs_11_W.ttf,
6,124,1,11,QCF4_Hafs_11_W,QCF4_Hafs_11_W.ttf,
6,125,1,11,QCF4_Hafs_11_W,QCF4_Hafs_11_W.ttf,
6,126,1,11,QCF4_Hafs_11_W,QCF4_Hafs_11_W.ttf,
6,127,1,11,QCF4_Hafs_11_W,QCF4_Hafs_11_W.ttf,
6,128,1,11,QCF4_Hafs_11_W,QCF4_Hafs_11_W.ttf,
6,129,1,11,QCF4_Hafs_11_W,QCF4_Hafs_11_W.ttf,
6,130,1,11,QCF4_Hafs_11_W,QCF4_Hafs_11_W.ttf,
6,131,1,11,QCF4_Hafs_11_W,QCF4_Hafs_11_W.ttf,
6,132,1,11,QCF4_Hafs_11_W,QCF4_Hafs_11_W.ttf,
6,133,1,11,QCF4_Hafs_11_W,QCF4_Hafs_11_W.ttf,
6,134,1,11,QCF4_Hafs_11_W,QCF4_Hafs_11_W.ttf,
6,135,1,11,QCF4_Hafs_11_W,QCF4_Hafs_11_W.ttf,
6,136,1,11,QCF4_Hafs_11_W,QCF4_Hafs_11_W.ttf,
6,137,1,11,QCF4_Hafs_11_W,QCF4_Hafs_11_W.ttf,
6,138,1,11,QCF4_Hafs_11_W,QCF4_Hafs_11_W.ttf,
6,139,1,11,QCF4_Hafs_11_W,QCF4_Hafs_11_W.ttf,
6,140,1,11,QCF4_Hafs_11_W,QCF4_Hafs_11_W.ttf,
6,141,1,11,QCF4_Hafs_11_W,QCF4_Hafs_11_W.ttf,
6,142,1,11,QCF4_Hafs_11_W,QCF4_Hafs_11_W.ttf,
6,143,1,12,QCF4_Hafs_12_W,QCF4_Hafs_12_W.ttf,
6,144,1,12,QCF4_Hafs_12_W,QCF4_Hafs_12_W.ttf,
6,145,1,12,QCF4_Hafs_12_W,QCF4_Hafs_12_W.ttf,
6,146,1,12,QCF4_Hafs_12_W,QCF4_Hafs_12_W.ttf,
6,147,1,12,QCF4_Hafs_12_W,QCF4_Hafs_12_W.ttf,
6,148,1,12,QCF4_Hafs_12_W,QCF4_Hafs_12_W.ttf,
6,149,1,12,QCF4_Hafs_12_W,QCF4_Hafs_12_W.ttf,
6,150,1,12,QCF4_Hafs_12_W,QCF4_Hafs_12_W.ttf,
6,151,1,12,QCF4_Hafs_12_W,QCF4_Hafs_12_W.ttf,
6,152,1,12,QCF4_Hafs_12_W,QCF4_Hafs_12_W.ttf,
6,153,1,12,QCF4_Hafs_12_W,QCF4_Hafs_12_W.ttf,
6,154,1,12,QCF4_Hafs_12_W,QCF4_Hafs_12_W.ttf,
6,155,1,12,QCF4_Hafs_12_W,QCF4_Hafs_12_W.ttf,
6,156,1,12,QCF4_Hafs_12_W,QCF4_Hafs_12_W.ttf,
6,157,1,12,QCF4_Hafs_12_W,QCF4_Hafs_12_W.ttf,
6,158,1,12,QCF4_Hafs_12_W,QCF4_Hafs_12_W.ttf,
6,159,1,12,QCF4_Hafs_12_W,QCF4_Hafs_12_W.ttf,
6,160,1,12,QCF4_Hafs_12_W,QCF4_Hafs_12_W.ttf,
6,161,1,12,QCF4_Hafs_12_W,QCF4_Hafs_12_W.ttf,
6,162,1,12,QCF4_Hafs_12_W,QCF4_Hafs_12_W.ttf,
6,163,1,12,QCF4_Hafs_12_W,QCF4_Hafs_12_W.ttf,
6,164,1,12,QCF4_Hafs_12_W,QCF4_Hafs_12_W.ttf,
6,165,1,12,QCF4_Hafs_12_W,QCF4_Hafs_12_W.ttf,
7,1,1,12,QCF4_Hafs_12_W,QCF4_Hafs_12_W.ttf,
7,2,1,12,QCF4_Hafs_12_W,QCF4_Hafs_12_W.ttf,
7,3,1,12,QCF4_Hafs_12_W,QCF4_Hafs_12_W.ttf,
7,4,1,12,QCF4_Hafs_12_W,QCF4_Hafs_12_W.ttf,
7,5,1,12,QCF4_Hafs_12_W,QCF4_Hafs_12_W.ttf,
7,6,1,12,QCF4_Hafs_12_W,QCF4_Hafs_12_W.ttf,
7,7,1,12,QCF4_Hafs_12_W,QCF4_Hafs_12_W.ttf,
7,8,1,12,QCF4_Hafs_12_W,QCF4_Hafs_12_W.ttf,
7,9,1,12,QCF4_Hafs_12_W,QCF4_Hafs_12_W.ttf,
7,10,1,12,QCF4_Hafs_12_W,QCF4_Hafs_12_W.ttf,
7,11,1,12,QCF4_Hafs_12_W,QCF4_Hafs_12_W.ttf,
7,12,1,12,QCF4_Hafs_12_W,QCF4_Hafs_12_W.ttf,
7,13,1,12,QCF4_Hafs_12_W,QCF4_Hafs_12_W.ttf,
7,14,1,12,QCF4_Hafs_12_W,QCF4_Hafs_12_W.ttf,
7,15,1,12,QCF4_Hafs_12_W,QCF4_Hafs_12_W.ttf,
7,16,1,12,QCF4_Hafs_12_W,QCF4_Hafs_12_W.ttf,
7,17,1,12,QCF4_Hafs_12_W,QCF4_Hafs_12_W.ttf,
7,18,1,12,QCF4_Hafs_12_W,QCF4_Hafs_12_W.ttf,
7,19,1,12,QCF4_Hafs_12_W,QCF4_Hafs_12_W.ttf,
7,20,1,12,QCF4_Hafs_12_W,QCF4_Hafs_12_W.ttf,
7,21,1,12,QCF4_Hafs_12_W,QCF4_Hafs_12_W.ttf,
7,22,1,12,QCF4_Hafs_12_W,QCF4_Hafs_12_W.ttf,
7,23,1,12,QCF4_Hafs_12_W,QCF4_Hafs_12_W.ttf,
7,24,1,12,QCF4_Hafs_12_W,QCF4_Hafs_12_W.ttf,
7,25,1,12,QCF4_Hafs_12_W,QCF4_Hafs_12_W.ttf,
7,26,1,12,QCF4_Hafs_12_W,QCF4_Hafs_12_W.ttf,
7,27,1,12,QCF4_Hafs_12_W,QCF4_Hafs_12_W.ttf,
7,28,1,12,QCF4_Hafs_12_W,QCF4_Hafs_12_W.ttf,
7,29,1,12,QCF4_Hafs_12_W,QCF4_Hafs_12_W.ttf,
7,30,1,12,QCF4_Hafs_12_W,QCF4_Hafs_12_W.ttf,
7,31,1,12,QCF4_Hafs_12_W,QCF4_Hafs_12_W.ttf,
7,32,1,12,QCF4_Hafs_12_W,QCF4_Hafs_12_W.ttf,
7,33,1,12,QCF4_Hafs_12_W,QCF4_Hafs_12_W.ttf,
7,34,1,12,QCF4_Hafs_12_W,QCF4_Hafs_12_W.ttf,
7,35,1,12,QCF4_Hafs_12_W,QCF4_Hafs_12_W.ttf,
7,36,1,12,QCF4_Hafs_12_W,QCF4_Hafs_12_W.ttf,
7,37,1,12,QCF4_Hafs_12_W,QCF4_Hafs_12_W.ttf,
7,38,1,12,QCF4_Hafs_12_W,QCF4_Hafs_12_W.ttf,
7,39,1,12,QCF4_Hafs_12_W,QCF4_Hafs_12_W.ttf,
7,40,1,12,QCF4_Hafs_12_W,QCF4_Hafs_12_W.ttf,
7,41,1,12,QCF4_Hafs_12_W,QCF4_Hafs_12_W.ttf,
7,42,1,12,QCF4_Hafs_12_W,QCF4_Hafs_12_W.ttf,
7,43,1,12,QCF4_Hafs_12_W,QCF4_Hafs_12_W.ttf,
7,44,1,12,QCF4_Hafs_12_W,QCF4_Hafs_12_W.ttf,
7,45,1,12,QCF4_Hafs_12_W,QCF4_Hafs_12_W.ttf,
7,46,1,12,QCF4_Hafs_12_W,QCF4_Hafs_12_W.ttf,
7,47,1,12,QCF4_Hafs_12_W,QCF4_Hafs_12_W.ttf,
7,48,1,12,QCF4_Hafs_12_W,QCF4_Hafs_12_W.ttf,
7,49,1,12,QCF4_Hafs_12_W,QCF4_Hafs_12_W.ttf,
7,50,1,12,QCF4_Hafs_12_W,QCF4_Hafs_12_W.ttf,
7,51,1,12,QCF4_Hafs_12_W,QCF4_Hafs_12_W.ttf,
7,52,1,12,QCF4_Hafs_12_W,QCF4_Hafs_12_W.ttf,
7,53,1,12,QCF4_Hafs_12_W,QCF4_Hafs_12_W.ttf,
7,54,1,12,QCF4_Hafs_12_W,QCF4_Hafs_12_W.ttf,
7,55,1,12,QCF4_Hafs_12_W,QCF4_Hafs_12_W.ttf,
7,56,1,12,QCF4_Hafs_12_W,QCF4_Hafs_12_W.ttf,
7,57,1,12,QCF4_Hafs_12_W,QCF4_Hafs_12_W.ttf,
7,58,1,12,QCF4_Hafs_12_W,QCF4_Hafs_12_W.ttf,
7,59,1,12,QCF4_Hafs_12_W,QCF4_Hafs_12_W.ttf,
7,60,1,12,QCF4_Hafs_12_W,QCF4_Hafs_12_W.ttf,
7,61,1,12,QCF4_Hafs_12_W,QCF4_Hafs_12_W.ttf,
7,62,1,12,QCF4_Hafs_12_W,QCF4_Hafs_12_W.ttf,
7,63,1,12,QCF4_Hafs_12_W,QCF4_Hafs_12_W.ttf,
7,64,1,12,QCF4_Hafs_12_W,QCF4_Hafs_12_W.ttf,
7,65,1,12,QCF4_Hafs_12_W,QCF4_Hafs_12_W.ttf,
7,66,1,12,QCF4_Hafs_12_W,QCF4_Hafs_12_W.ttf,
7,67,1,12,QCF4_Hafs_12_W,QCF4_Hafs_12_W.ttf,
7,68,1,12,QCF4_Hafs_12_W,QCF4_Hafs_12_W.ttf,
7,69,1,12,QCF4_Hafs_12_W,QCF4_Hafs_12_W.ttf,
7,70,1,12,QCF4_Hafs_12_W,QCF4_Hafs_12_W.ttf,
7,71,1,12,QCF4_Hafs_12_W,QCF4_Hafs_12_W.ttf,
7,72,1,12,QCF4_Hafs_12_W,QCF4_Hafs_12_W.ttf,
7,73,1,12,QCF4_Hafs_12_W,QCF4_Hafs_12_W.ttf,
7,74,1,13,QCF4_Hafs_13_W,QCF4_Hafs_13_W.ttf,
7,75,1,13,QCF4_Hafs_13_W,QCF4_Hafs_13_W.ttf,
7,76,1,13,QCF4_Hafs_13_W,QCF4_Hafs_13_W.ttf,
7,77,1,13,QCF4_Hafs_13_W,QCF4_Hafs_13_W.ttf,
7,78,1,13,QCF4_Hafs_13_W,QCF4_Hafs_13_W.ttf,
7,79,1,13,QCF4_Hafs_13_W,QCF4_Hafs_13_W.ttf,
7,80,1,13,QCF4_Hafs_13_W,QCF4_Hafs_13_W.ttf,
7,81,1,13,QCF4_Hafs_13_W,QCF4_Hafs_13_W.ttf,
7,82,1,13,QCF4_Hafs_13_W,QCF4_Hafs_13_W.ttf,
7,83,1,13,QCF4_Hafs_13_W,QCF4_Hafs_13_W.ttf,
7,84,1,13,QCF4_Hafs_13_W,QCF4_Hafs_13_W.ttf,
7,85,1,13,QCF4_Hafs_13_W,QCF4_Hafs_13_W.ttf,
7,86,1,13,QCF4_Hafs_13_W,QCF4_Hafs_13_W.ttf,
7,87,1,13,QCF4_Hafs_13_W,QCF4_Hafs_13_W.ttf,
7,88,1,13,QCF4_Hafs_13_W,QCF4_Hafs_13_W.ttf,
7,89,1,13,QCF4_Hafs_13_W,QCF4_Hafs_13_W.ttf,
7,90,1,13,QCF4_Hafs_13_W,QCF4_Hafs_13_W.ttf,
7,91,1,13,QCF4_Hafs_13_W,QCF4_Hafs_13_W.ttf,
7,92,1,13,QCF4_Hafs_13_W,QCF4_Hafs_13_W.ttf,
7,93,1,13,QCF4_Hafs_13_W,QCF4_Hafs_13_W.ttf,
7,94,1,13,QCF4_Hafs_13_W,QCF4_Hafs_13_W.ttf,
7,95,1,13,QCF4_Hafs_13_W,QCF4_Hafs_13_W.ttf,
7,96,1,13,QCF4_Hafs_13_W,QCF4_Hafs_13_W.ttf,
7,97,1,13,QCF4_Hafs_13_W,QCF4_Hafs_13_W.ttf,
7,98,1,13,QCF4_Hafs_13_W,QCF4_Hafs_13_W.ttf,
7,99,1,13,QCF4_Hafs_13_W,QCF4_Hafs_13_W.ttf,
7,100,1,13,QCF4_Hafs_13_W,QCF4_Hafs_13_W.ttf,
7,101,1,13,QCF4_Hafs_13_W,QCF4_Hafs_13_W.ttf,
7,102,1,13,QCF4_Hafs_13_W,QCF4_Hafs_13_W.ttf,
7,103,1,13,QCF4_Hafs_13_W,QCF4_Hafs_13_W.ttf,
7,104,1,13,QCF4_Hafs_13_W,QCF4_Hafs_13_W.ttf,
7,105,1,13,QCF4_Hafs_13_W,QCF4_Hafs_13_W.ttf,
7,106,1,13,QCF4_Hafs_13_W,QCF4_Hafs_13_W.ttf,
7,107,1,13,QCF4_Hafs_13_W,QCF4_Hafs_13_W.ttf,
7,108,1,13,QCF4_Hafs_13_W,QCF4_Hafs_13_W.ttf,
7,109,1,13,QCF4_Hafs_13_W,QCF4_Hafs_13_W.ttf,
7,110,1,13,QCF4_Hafs_13_W,QCF4_Hafs_13_W.ttf,
7,111,1,13,QCF4_Hafs_13_W,QCF4_Hafs_13_W.ttf,
7,112,1,13,QCF4_Hafs_13_W,QCF4_Hafs_13_W.ttf,
7,113,1,13,QCF4_Hafs_13_W,QCF4_Hafs_13_W.ttf,
7,114,1,13,QCF4_Hafs_13_W,QCF4_Hafs_13_W.ttf,
7,115,1,13,QCF4_Hafs_13_W,QCF4_Hafs_13_W.ttf,
7,116,1,13,QCF4_Hafs_13_W,QCF4_Hafs_13_W.ttf,
7,117,1,13,QCF4_Hafs_13_W,QCF4_Hafs_13_W.ttf,
7,118,1,13,QCF4_Hafs_13_W,QCF4_Hafs_13_W.ttf,
7,119,1,13,QCF4_Hafs_13_W,QCF4_Hafs_13_W.ttf,
7,120,1,13,QCF4_Hafs_13_W,QCF4_Hafs_13_W.ttf,
7,121,1,13,QCF4_Hafs_13_W,QCF4_Hafs_13_W.ttf,
7,122,1,13,QCF4_Hafs_13_W,QCF4_Hafs_13_W.ttf,
7,123,1,13,QCF4_Hafs_13_W,QCF4_Hafs_13_W.ttf,
7,124,1,13,QCF4_Hafs_13_W,QCF4_Hafs_13_W.ttf,
7,125,1,13,QCF4_Hafs_13_W,QCF4_Hafs_13_W.ttf,
7,126,1,13,QCF4_Hafs_13_W,QCF4_Hafs_13_W.ttf,
7,127,1,13,QCF4_Hafs_13_W,QCF4_Hafs_13_W.ttf,
7,128,1,13,QCF4_Hafs_13_W,QCF4_Hafs_13_W.ttf,
7,129,1,13,QCF4_Hafs_13_W,QCF4_Hafs_13_W.ttf,
7,130,1,13,QCF4_Hafs_13_W,QCF4_Hafs_13_W.ttf,
7,131,1,13,QCF4_Hafs_13_W,QCF4_Hafs_13_W.ttf,
7,132,1,13,QCF4_Hafs_13_W,QCF4_Hafs_13_W.ttf,
7,133,1,13,QCF4_Hafs_13_W,QCF4_Hafs_13_W.ttf,
7,134,1,13,QCF4_Hafs_13_W,QCF4_Hafs_13_W.ttf,
7,135,1,13,QCF4_Hafs_13_W,QCF4_Hafs_13_W.ttf,
7,136,1,13,QCF4_Hafs_13_W,QCF4_Hafs_13_W.ttf,
7,137,1,13,QCF4_Hafs_13_W,QCF4_Hafs_13_W.ttf,
7,138,1,13,QCF4_Hafs_13_W,QCF4_Hafs_13_W.ttf,
7,139,1,13,QCF4_Hafs_13_W,QCF4_Hafs_13_W.ttf,
7,140,1,13,QCF4_Hafs_13_W,QCF4_Hafs_13_W.ttf,
7,141,1,13,QCF4_Hafs_13_W,QCF4_Hafs_13_W.ttf,
7,142,1,13,QCF4_Hafs_13_W,QCF4_Hafs_13_W.ttf,
7,143,1,13,QCF4_Hafs_13_W,QCF4_Hafs_13_W.ttf,
7,144,1,13,QCF4_Hafs_13_W,QCF4_Hafs_13_W.ttf,
7,145,1,13,QCF4_Hafs_13_W,QCF4_Hafs_13_W.ttf,
7,146,1,13,QCF4_Hafs_13_W,QCF4_Hafs_13_W.ttf,
7,147,1,13,QCF4_Hafs_13_W,QCF4_Hafs_13_W.ttf,
7,148,1,13,QCF4_Hafs_13_W,QCF4_Hafs_13_W.ttf,
7,149,1,13,QCF4_Hafs_13_W,QCF4_Hafs_13_W.ttf,
7,150,1,13,QCF4_Hafs_13_W,QCF4_Hafs_13_W.ttf,
7,151,1,13,QCF4_Hafs_13_W,QCF4_Hafs_13_W.ttf,
7,152,1,13,QCF4_Hafs_13_W,QCF4_Hafs_13_W.ttf,
7,153,1,13,QCF4_Hafs_13_W,QCF4_Hafs_13_W.ttf,
7,154,1,13,QCF4_Hafs_13_W,QCF4_Hafs_13_W.ttf,
7,155,1,13,QCF4_Hafs_13_W,QCF4_Hafs_13_W.ttf,
7,156,1,13,QCF4_Hafs_13_W,QCF4_Hafs_13_W.ttf,
7,157,1,13,QCF4_Hafs_13_W,QCF4_Hafs_13_W.ttf,
7,158,1,13,QCF4_Hafs_13_W,QCF4_Hafs_13_W.ttf,
7,159,1,13,QCF4_Hafs_13_W,QCF4_Hafs_13_W.ttf,
7,160,1,13,QCF4_Hafs_13_W,QCF4_Hafs_13_W.ttf,
7,161,1,13,QCF4_Hafs_13_W,QCF4_Hafs_13_W.ttf,
7,162,1,13,QCF4_Hafs_13_W,QCF4_Hafs_13_W.ttf,
7,163,1,13,QCF4_Hafs_13_W,QCF4_Hafs_13_W.ttf,
7,164,1,13,QCF4_Hafs_13_W,QCF4_Hafs_13_W.ttf,
7,165,1,13,QCF4_Hafs_13_W,QCF4_Hafs_13_W.ttf,
7,166,1,13,QCF4_Hafs_13_W,QCF4_Hafs_13_W.ttf,
7,167,1,13,QCF4_Hafs_13_W,QCF4_Hafs_13_W.ttf,
7,168,1,13,QCF4_Hafs_13_W,QCF4_Hafs_13_W.ttf,
7,169,1,13,QCF4_Hafs_13_W,QCF4_Hafs_13_W.ttf,
7,170,1,13,QCF4_Hafs_13_W,QCF4_Hafs_13_W.ttf,
7,171,1,13,QCF4_Hafs_13_W,QCF4_Hafs_13_W.ttf,
7,172,1,13,QCF4_Hafs_13_W,QCF4_Hafs_13_W.ttf,
7,173,1,13,QCF4_Hafs_13_W,QCF4_Hafs_13_W.ttf,
7,174,1,13,QCF4_Hafs_13_W,QCF4_Hafs_13_W.ttf,
7,175,1,13,QCF4_Hafs_13_W,QCF4_Hafs_13_W.ttf,
7,176,1,13,QCF4_Hafs_13_W,QCF4_Hafs_13_W.ttf,
7,177,1,13,QCF4_Hafs_13_W,QCF4_Hafs_13_W.ttf,
7,178,1,13,QCF4_Hafs_13_W,QCF4_Hafs_13_W.ttf,
7,179,1,14,QCF4_Hafs_14_W,QCF4_Hafs_14_W.ttf,
7,180,1,14,QCF4_Hafs_14_W,QCF4_Hafs_14_W.ttf,
7,181,1,14,QCF4_Hafs_14_W,QCF4_Hafs_14_W.ttf,
7,182,1,14,QCF4_Hafs_14_W,QCF4_Hafs_14_W.ttf,
7,183,1,14,QCF4_Hafs_14_W,QCF4_Hafs_14_W.ttf,
7,184,1,14,QCF4_Hafs_14_W,QCF4_Hafs_14_W.ttf,
7,185,1,14,QCF4_Hafs_14_W,QCF4_Hafs_14_W.ttf,
7,186,1,14,QCF4_Hafs_14_W,QCF4_Hafs_14_W.ttf,
7,187,1,14,QCF4_Hafs_14_W,QCF4_Hafs_14_W.ttf,
7,188,1,14,QCF4_Hafs_14_W,QCF4_Hafs_14_W.ttf,
7,189,1,14,QCF4_Hafs_14_W,QCF4_Hafs_14_W.ttf,
7,190,1,14,QCF4_Hafs_14_W,QCF4_Hafs_14_W.ttf,
7,191,1,14,QCF4_Hafs_14_W,QCF4_Hafs_14_W.ttf,
7,192,1,14,QCF4_Hafs_14_W,QCF4_Hafs_14_W.ttf,
7,193,1,14,QCF4_Hafs_14_W,QCF4_Hafs_14_W.ttf,
7,194,1,14,QCF4_Hafs_14_W,QCF4_Hafs_14_W.ttf,
7,195,1,14,QCF4_Hafs_14_W,QCF4_Hafs_14_W.ttf,
7,196,1,14,QCF4_Hafs_14_W,QCF4_Hafs_14_W.ttf,
7,197,1,14,QCF4_Hafs_14_W,QCF4_Hafs_14_W.ttf,
7,198,1,14,QCF4_Hafs_14_W,QCF4_Hafs_14_W.ttf,
7,199,1,14,QCF4_Hafs_14_W,QCF4_Hafs_14_W.ttf,
7,200,1,14,QCF4_Hafs_14_W,QCF4_Hafs_14_W.ttf,
7,201,1,14,QCF4_Hafs_14_W,QCF4_Hafs_14_W.ttf,
7,202,1,14,QCF4_Hafs_14_W,QCF4_Hafs_14_W.ttf,
7,203,1,14,QCF4_Hafs_14_W,QCF4_Hafs_14_W.ttf,
7,204,1,14,QCF4_Hafs_14_W,QCF4_Hafs_14_W.ttf,
7,205,1,14,QCF4_Hafs_14_W,QCF4_Hafs_14_W.ttf,
7,206,1,14,QCF4_Hafs_14_W,QCF4_Hafs_14_W.ttf,
8,1,1,14,QCF4_Hafs_14_W,QCF4_Hafs_14_W.ttf,
8,2,1,14,QCF4_Hafs_14_W,QCF4_Hafs_14_W.ttf,
8,3,1,14,QCF4_Hafs_14_W,QCF4_Hafs_14_W.ttf,
8,4,1,14,QCF4_Hafs_14_W,QCF4_Hafs_14_W.ttf,
8,5,1,14,QCF4_Hafs_14_W,QCF4_Hafs_14_W.ttf,
8,6,1,14,QCF4_Hafs_14_W,QCF4_Hafs_14_W.ttf,
8,7,1,14,QCF4_Hafs_14_W,QCF4_Hafs_14_W.ttf,
8,8,1,14,QCF4_Hafs_14_W,QCF4_Hafs_14_W.ttf,
8,9,1,14,QCF4_Hafs_14_W,QCF4_Hafs_14_W.ttf,
8,10,1,14,QCF4_Hafs_14_W,QCF4_Hafs_14_W.ttf,
8,11,1,14,QCF4_Hafs_14_W,QCF4_Hafs_14_W.ttf,
8,12,1,14,QCF4_Hafs_14_W,QCF4_Hafs_14_W.ttf,
8,13,1,14,QCF4_Hafs_14_W,QCF4_Hafs_14_W.ttf,
8,14,1,14,QCF4_Hafs_14_W,QCF4_Hafs_14_W.ttf,
8,15,1,14,QCF4_Hafs_14_W,QCF4_Hafs_14_W.ttf,
8,16,1,14,QCF4_Hafs_14_W,QCF4_Hafs_14_W.ttf,
8,17,1,14,QCF4_Hafs_14_W,QCF4_Hafs_14_W.ttf,
8,18,1,14,QCF4_Hafs_14_W,QCF4_Hafs_14_W.ttf,
8,19,1,14,QCF4_Hafs_14_W,QCF4_Hafs_14_W.ttf,
8,20,1,14,QCF4_Hafs_14_W,QCF4_Hafs_14_W.ttf,
8,21,1,14,QCF4_Hafs_14_W,QCF4_Hafs_14_W.ttf,
8,22,1,14,QCF4_Hafs_14_W,QCF4_Hafs_14_W.ttf,
8,23,1,14,QCF4_Hafs_14_W,QCF4_Hafs_14_W.ttf,
8,24,1,14,QCF4_Hafs_14_W,QCF4_Hafs_14_W.ttf,
8,25,1,14,QCF4_Hafs_14_W,QCF4_Hafs_14_W.ttf,
8,26,1,14,QCF4_Hafs_14_W,QCF4_Hafs_14_W.ttf,
8,27,1,14,QCF4_Hafs_14_W,QCF4_Hafs_14_W.ttf,
8,28,1,14,QCF4_Hafs_14_W,QCF4_Hafs_14_W.ttf,
8,29,1,14,QCF4_Hafs_14_W,QCF4_Hafs_14_W.ttf,
8,30,1,14,QCF4_Hafs_14_W,QCF4_Hafs_14_W.ttf,
8,31,1,14,QCF4_Hafs_14_W,QCF4_Hafs_14_W.ttf,
8,32,1,14,QCF4_Hafs_14_W,QCF4_Hafs_14_W.ttf,
8,33,1,14,QCF4_Hafs_14_W,QCF4_Hafs_14_W.ttf,
8,34,1,14,QCF4_Hafs_14_W,QCF4_Hafs_14_W.ttf,
8,35,1,14,QCF4_Hafs_14_W,QCF4_Hafs_14_W.ttf,
8,36,1,14,QCF4_Hafs_14_W,QCF4_Hafs_14_W.ttf,
8,37,1,14,QCF4_Hafs_14_W,QCF4_Hafs_14_W.ttf,
8,38,1,14,QCF4_Hafs_14_W,QCF4_Hafs_14_W.ttf,
8,39,1,14,QCF4_Hafs_14_W,QCF4_Hafs_14_W.ttf,
8,40,1,14,QCF4_Hafs_14_W,QCF4_Hafs_14_W.ttf,
8,41,1,14,QCF4_Hafs_14_W,QCF4_Hafs_14_W.ttf,
8,42,1,14,QCF4_Hafs_14_W,QCF4_Hafs_14_W.ttf,
8,43,1,14,QCF4_Hafs_14_W,QCF4_Hafs_14_W.ttf,
8,44,1,14,QCF4_Hafs_14_W,QCF4_Hafs_14_W.ttf,
8,45,1,14,QCF4_Hafs_14_W,QCF4_Hafs_14_W.ttf,
8,46,1,14,QCF4_Hafs_14_W,QCF4_Hafs_14_W.ttf,
8,47,1,14,QCF4_Hafs_14_W,QCF4_Hafs_14_W.ttf,
8,48,1,14,QCF4_Hafs_14_W,QCF4_Hafs_14_W.ttf,
8,49,1,14,QCF4_Hafs_14_W,QCF4_Hafs_14_W.ttf,
8,50,1,14,QCF4_Hafs_14_W,QCF4_Hafs_14_W.ttf,
8,51,1,14,QCF4_Hafs_14_W,QCF4_Hafs_14_W.ttf,
8,52,1,14,QCF4_Hafs_14_W,QCF4_Hafs_14_W.ttf,
8,53,1,14,QCF4_Hafs_14_W,QCF4_Hafs_14_W.ttf,
8,54,1,14,QCF4_Hafs_14_W,QCF4_Hafs_14_W.ttf,
8,55,1,14,QCF4_Hafs_14_W,QCF4_Hafs_14_W.ttf,
8,56,1,14,QCF4_Hafs_14_W,QCF4_Hafs_14_W.ttf,
8,57,1,14,QCF4_Hafs_14_W,QCF4_Hafs_14_W.ttf,
8,58,1,14,QCF4_Hafs_14_W,QCF4_Hafs_14_W.ttf,
8,59,1,14,QCF4_Hafs_14_W,QCF4_Hafs_14_W.ttf,
8,60,1,14,QCF4_Hafs_14_W,QCF4_Hafs_14_W.ttf,
8,61,1,14,QCF4_Hafs_14_W,QCF4_Hafs_14_W.ttf,
8,62,1,14,QCF4_Hafs_14_W,QCF4_Hafs_14_W.ttf,
8,63,1,14,QCF4_Hafs_14_W,QCF4_Hafs_14_W.ttf,
8,64,1,14,QCF4_Hafs_14_W,QCF4_Hafs_14_W.ttf,
8,65,1,14,QCF4_Hafs_14_W,QCF4_Hafs_14_W.ttf,
8,66,1,14,QCF4_Hafs_14_W,QCF4_Hafs_14_W.ttf,
8,67,1,14,QCF4_Hafs_14_W,QCF4_Hafs_14_W.ttf,
8,68,1,14,QCF4_Hafs_14_W,QCF4_Hafs_14_W.ttf,
8,69,1,14,QCF4_Hafs_14_W,QCF4_Hafs_14_W.ttf,
8,70,1,14,QCF4_Hafs_14_W,QCF4_Hafs_14_W.ttf,
8,71,1,14,QCF4_Hafs_14_W,QCF4_Hafs_14_W.ttf,
8,72,1,14,QCF4_Hafs_14_W,QCF4_Hafs_14_W.ttf,
8,73,1,14,QCF4_Hafs_14_W,QCF4_Hafs_14_W.ttf,
8,74,1,14,QCF4_Hafs_14_W,QCF4_Hafs_14_W.ttf,
8,75,1,14,QCF4_Hafs_14_W,QCF4_Hafs_14_W.ttf,
9,1,1,15,QCF4_Hafs_15_W,QCF4_Hafs_15_W.ttf,
9,2,1,15,QCF4_Hafs_15_W,QCF4_Hafs_15_W.ttf,
9,3,1,15,QCF4_Hafs_15_W,QCF4_Hafs_15_W.ttf,
9,4,1,15,QCF4_Hafs_15_W,QCF4_Hafs_15_W.ttf,
9,5,1,15,QCF4_Hafs_15_W,QCF4_Hafs_15_W.ttf,
9,6,1,15,QCF4_Hafs_15_W,QCF4_Hafs_15_W.ttf,
9,7,1,15,QCF4_Hafs_15_W,QCF4_Hafs_15_W.ttf,
9,8,1,15,QCF4_Hafs_15_W,QCF4_Hafs_15_W.ttf,
9,9,1,15,QCF4_Hafs_15_W,QCF4_Hafs_15_W.ttf,
9,10,1,15,QCF4_Hafs_15_W,QCF4_Hafs_15_W.ttf,
9,11,1,15,QCF4_Hafs_15_W,QCF4_Hafs_15_W.ttf,
9,12,1,15,QCF4_Hafs_15_W,QCF4_Hafs_15_W.ttf,
9,13,1,15,QCF4_Hafs_15_W,QCF4_Hafs_15_W.ttf,
9,14,1,15,QCF4_Hafs_15_W,QCF4_Hafs_15_W.ttf,
9,15,1,15,QCF4_Hafs_15_W,QCF4_Hafs_15_W.ttf,
9,16,1,15,QCF4_Hafs_15_W,QCF4_Hafs_15_W.ttf,
9,17,1,15,QCF4_Hafs_15_W,QCF4_Hafs_15_W.ttf,
9,18,1,15,QCF4_Hafs_15_W,QCF4_Hafs_15_W.ttf,
9,19,1,15,QCF4_Hafs_15_W,QCF4_Hafs_15_W.ttf,
9,20,1,15,QCF4_Hafs_15_W,QCF4_Hafs_15_W.ttf,
9,21,1,15,QCF4_Hafs_15_W,QCF4_Hafs_15_W.ttf,
9,22,1,15,QCF4_Hafs_15_W,QCF4_Hafs_15_W.ttf,
9,23,1,15,QCF4_Hafs_15_W,QCF4_Hafs_15_W.ttf,
9,24,1,15,QCF4_Hafs_15_W,QCF4_Hafs_15_W.ttf,
9,25,1,15,QCF4_Hafs_15_W,QCF4_Hafs_15_W.ttf,
9,26,1,15,QCF4_Hafs_15_W,QCF4_Hafs_15_W.ttf,
9,27,1,15,QCF4_Hafs_15_W,QCF4_Hafs_15_W.ttf,
9,28,1,15,QCF4_Hafs_15_W,QCF4_Hafs_15_W.ttf,
9,29,1,15,QCF4_Hafs_15_W,QCF4_Hafs_15_W.ttf,
9,30,1,15,QCF4_Hafs_15_W,QCF4_Hafs_15_W.ttf,
9,31,1,15,QCF4_Hafs_15_W,QCF4_Hafs_15_W.ttf,
9,32,1,15,QCF4_Hafs_15_W,QCF4_Hafs_15_W.ttf,
9,33,1,15,QCF4_Hafs_15_W,QCF4_Hafs_15_W.ttf,
9,34,1,15,QCF4_Hafs_15_W,QCF4_Hafs_15_W.ttf,
9,35,1,15,QCF4_Hafs_15_W,QCF4_Hafs_15_W.ttf,
9,36,1,15,QCF4_Hafs_15_W,QCF4_Hafs_15_W.ttf,
9,37,1,15,QCF4_Hafs_15_W,QCF4_Hafs_15_W.ttf,
9,38,1,15,QCF4_Hafs_15_W,QCF4_Hafs_15_W.ttf,
9,39,1,15,QCF4_Hafs_15_W,QCF4_Hafs_15_W.ttf,
9,40,1,15,QCF4_Hafs_15_W,QCF4_Hafs_15_W.ttf,
9,41,1,15,QCF4_Hafs_15_W,QCF4_Hafs_15_W.ttf,
9,42,1,15,QCF4_Hafs_15_W,QCF4_Hafs_15_W.ttf,
9,43,1,15,QCF4_Hafs_15_W,QCF4_Hafs_15_W.ttf,
9,44,1,15,QCF4_Hafs_15_W,QCF4_Hafs_15_W.ttf,
9,45,1,15,QCF4_Hafs_15_W,QCF4_Hafs_15_W.ttf,
9,46,1,15,QCF4_Hafs_15_W,QCF4_Hafs_15_W.ttf,
9,47,1,15,QCF4_Hafs_15_W,QCF4_Hafs_15_W.ttf,
9,48,1,15,QCF4_Hafs_15_W,QCF4_Hafs_15_W.ttf,
9,49,1,15,QCF4_Hafs_15_W,QCF4_Hafs_15_W.ttf,
9,50,1,15,QCF4_Hafs_15_W,QCF4_Hafs_15_W.ttf,
9,51,1,15,QCF4_Hafs_15_W,QCF4_Hafs_15_W.ttf,
9,52,1,15,QCF4_Hafs_15_W,QCF4_Hafs_15_W.ttf,
9,53,1,15,QCF4_Hafs_15_W,QCF4_Hafs_15_W.ttf,
9,54,1,15,QCF4_Hafs_15_W,QCF4_Hafs_15_W.ttf,
9,55,1,15,QCF4_Hafs_15_W,QCF4_Hafs_15_W.ttf,
9,56,1,15,QCF4_Hafs_15_W,QCF4_Hafs_15_W.ttf,
9,57,1,15,QCF4_Hafs_15_W,QCF4_Hafs_15_W.ttf,
9,58,1,15,QCF4_Hafs_15_W,QCF4_Hafs_15_W.ttf,
9,59,1,15,QCF4_Hafs_15_W,QCF4_Hafs_15_W.ttf,
9,60,1,15,QCF4_Hafs_15_W,QCF4_Hafs_15_W.ttf,
9,61,1,15,QCF4_Hafs_15_W,QCF4_Hafs_15_W.ttf,
9,62,1,15,QCF4_Hafs_15_W,QCF4_Hafs_15_W.ttf,
9,63,1,15,QCF4_Hafs_15_W,QCF4_Hafs_15_W.ttf,
9,64,1,15,QCF4_Hafs_15_W,QCF4_Hafs_15_W.ttf,
9,65,1,15,QCF4_Hafs_15_W,QCF4_Hafs_15_W.ttf,
9,66,1,15,QCF4_Hafs_15_W,QCF4_Hafs_15_W.ttf,
9,67,1,15,QCF4_Hafs_15_W,QCF4_Hafs_15_W.ttf,
9,68,1,15,QCF4_Hafs_15_W,QCF4_Hafs_15_W.ttf,
9,69,1,15,QCF4_Hafs_15_W,QCF4_Hafs_15_W.ttf,
9,70,1,15,QCF4_Hafs_15_W,QCF4_Hafs_15_W.ttf,
9,71,1,15,QCF4_Hafs_15_W,QCF4_Hafs_15_W.ttf,
9,72,1,15,QCF4_Hafs_15_W,QCF4_Hafs_15_W.ttf,
9,73,1,15,QCF4_Hafs_15_W,QCF4_Hafs_15_W.ttf,
9,74,1,15,QCF4_Hafs_15_W,QCF4_Hafs_15_W.ttf,
9,75,1,15,QCF4_Hafs_15_W,QCF4_Hafs_15_W.ttf,
9,76,1,15,QCF4_Hafs_15_W,QCF4_Hafs_15_W.ttf,
9,77,1,15,QCF4_Hafs_15_W,QCF4_Hafs_15_W.ttf,
9,78,1,15,QCF4_Hafs_15_W,QCF4_Hafs_15_W.ttf,
9,79,1,15,QCF4_Hafs_15_W,QCF4_Hafs_15_W.ttf,
9,80,1,15,QCF4_Hafs_15_W,QCF4_Hafs_15_W.ttf,
9,81,1,15,QCF4_Hafs_15_W,QCF4_Hafs_15_W.ttf,
9,82,1,15,QCF4_Hafs_15_W,QCF4_Hafs_15_W.ttf,
9,83,1,15,QCF4_Hafs_15_W,QCF4_Hafs_15_W.ttf,
9,84,1,15,QCF4_Hafs_15_W,QCF4_Hafs_15_W.ttf,
9,85,1,15,QCF4_Hafs_15_W,QCF4_Hafs_15_W.ttf,
9,86,1,15,QCF4_Hafs_15_W,QCF4_Hafs_15_W.ttf,
9,87,1,15,QCF4_Hafs_15_W,QCF4_Hafs_15_W.ttf,
9,88,1,15,QCF4_Hafs_15_W,QCF4_Hafs_15_W.ttf,
9,89,1,15,QCF4_Hafs_15_W,QCF4_Hafs_15_W.ttf,
9,90,1,15,QCF4_Hafs_15_W,QCF4_Hafs_15_W.ttf,
9,91,1,15,QCF4_Hafs_15_W,QCF4_Hafs_15_W.ttf,
9,92,1,15,QCF4_Hafs_15_W,QCF4_Hafs_15_W.ttf,
9,93,1,15,QCF4_Hafs_15_W,QCF4_Hafs_15_W.ttf,
9,94,1,16,QCF4_Hafs_16_W,QCF4_Hafs_16_W.ttf,
9,95,1,16,QCF4_Hafs_16_W,QCF4_Hafs_16_W.ttf,
9,96,1,16,QCF4_Hafs_16_W,QCF4_Hafs_16_W.ttf,
9,97,1,16,QCF4_Hafs_16_W,QCF4_Hafs_16_W.ttf,
9,98,1,16,QCF4_Hafs_16_W,QCF4_Hafs_16_W.ttf,
9,99,1,16,QCF4_Hafs_16_W,QCF4_Hafs_16_W.ttf,
9,100,1,16,QCF4_Hafs_16_W,QCF4_Hafs_16_W.ttf,
9,101,1,16,QCF4_Hafs_16_W,QCF4_Hafs_16_W.ttf,
9,102,1,16,QCF4_Hafs_16_W,QCF4_Hafs_16_W.ttf,
9,103,1,16,QCF4_Hafs_16_W,QCF4_Hafs_16_W.ttf,
9,104,1,16,QCF4_Hafs_16_W,QCF4_Hafs_16_W.ttf,
9,105,1,16,QCF4_Hafs_16_W,QCF4_Hafs_16_W.ttf,
9,106,1,16,QCF4_Hafs_16_W,QCF4_Hafs_16_W.ttf,
9,107,1,16,QCF4_Hafs_16_W,QCF4_Hafs_16_W.ttf,
9,108,1,16,QCF4_Hafs_16_W,QCF4_Hafs_16_W.ttf,
9,109,1,16,QCF4_Hafs_16_W,QCF4_Hafs_16_W.ttf,
9,110,1,16,QCF4_Hafs_16_W,QCF4_Hafs_16_W.ttf,
9,111,1,16,QCF4_Hafs_16_W,QCF4_Hafs_16_W.ttf,
9,112,1,16,QCF4_Hafs_16_W,QCF4_Hafs_16_W.ttf,
9,113,1,16,QCF4_Hafs_16_W,QCF4_Hafs_16_W.ttf,
9,114,1,16,QCF4_Hafs_16_W,QCF4_Hafs_16_W.ttf,
9,115,1,16,QCF4_Hafs_16_W,QCF4_Hafs_16_W.ttf,
9,116,1,16,QCF4_Hafs_16_W,QCF4_Hafs_16_W.ttf,
9,117,1,16,QCF4_Hafs_16_W,QCF4_Hafs_16_W.ttf,
9,118,1,16,QCF4_Hafs_16_W,QCF4_Hafs_16_W.ttf,
9,119,1,16,QCF4_Hafs_16_W,QCF4_Hafs_16_W.ttf,
9,120,1,16,QCF4_Hafs_16_W,QCF4_Hafs_16_W.ttf,
9,121,1,16,QCF4_Hafs_16_W,QCF4_Hafs_16_W.ttf,
9,122,1,16,QCF4_Hafs_16_W,QCF4_Hafs_16_W.ttf,
9,123,1,16,QCF4_Hafs_16_W,QCF4_Hafs_16_W.ttf,
9,124,1,16,QCF4_Hafs_16_W,QCF4_Hafs_16_W.ttf,
9,125,1,16,QCF4_Hafs_16_W,QCF4_Hafs_16_W.ttf,
9,126,1,16,QCF4_Hafs_16_W,QCF4_Hafs_16_W.ttf,
9,127,1,16,QCF4_Hafs_16_W,QCF4_Hafs_16_W.ttf,
9,128,1,16,QCF4_Hafs_16_W,QCF4_Hafs_16_W.ttf,
9,129,1,16,QCF4_Hafs_16_W,QCF4_Hafs_16_W.ttf,
10,1,1,16,QCF4_Hafs_16_W,QCF4_Hafs_16_W.ttf,
10,2,1,16,QCF4_Hafs_16_W,QCF4_Hafs_16_W.ttf,
10,3,1,16,QCF4_Hafs_16_W,QCF4_Hafs_16_W.ttf,
10,4,1,16,QCF4_Hafs_16_W,QCF4_Hafs_16_W.ttf,
10,5,1,16,QCF4_Hafs_16_W,QCF4_Hafs_16_W.ttf,
10,6,1,16,QCF4_Hafs_16_W,QCF4_Hafs_16_W.ttf,
10,7,1,16,QCF4_Hafs_16_W,QCF4_Hafs_16_W.ttf,
10,8,1,16,QCF4_Hafs_16_W,QCF4_Hafs_16_W.ttf,
10,9,1,16,QCF4_Hafs_16_W,QCF4_Hafs_16_W.ttf,
10,10,1,16,QCF4_Hafs_16_W,QCF4_Hafs_16_W.ttf,
10,11,1,16,QCF4_Hafs_16_W,QCF4_Hafs_16_W.ttf,
10,12,1,16,QCF4_Hafs_16_W,QCF4_Hafs_16_W.ttf,
10,13,1,16,QCF4_Hafs_16_W,QCF4_Hafs_16_W.ttf,
10,14,1,16,QCF4_Hafs_16_W,QCF4_Hafs_16_W.ttf,
10,15,1,16,QCF4_Hafs_16_W,QCF4_Hafs_16_W.ttf,
10,16,1,16,QCF4_Hafs_16_W,QCF4_Hafs_16_W.ttf,
10,17,1,16,QCF4_Hafs_16_W,QCF4_Hafs_16_W.ttf,
10,18,1,16,QCF4_Hafs_16_W,QCF4_Hafs_16_W.ttf,
10,19,1,16,QCF4_Hafs_16_W,QCF4_Hafs_16_W.ttf,
10,20,1,16,QCF4_Hafs_16_W,QCF4_Hafs_16_W.ttf,
10,21,1,16,QCF4_Hafs_16_W,QCF4_Hafs_16_W.ttf,
10,22,1,16,QCF4_Hafs_16_W,QCF4_Hafs_16_W.ttf,
10,23,1,16,QCF4_Hafs_16_W,QCF4_Hafs_16_W.ttf,
10,24,1,16,QCF4_Hafs_16_W,QCF4_Hafs_16_W.ttf,
10,25,1,16,QCF4_Hafs_16_W,QCF4_Hafs_16_W.ttf,
10,26,1,16,QCF4_Hafs_16_W,QCF4_Hafs_16_W.ttf,
10,27,1,16,QCF4_Hafs_16_W,QCF4_Hafs_16_W.ttf,
10,28,1,16,QCF4_Hafs_16_W,QCF4_Hafs_16_W.ttf,
10,29,1,16,QCF4_Hafs_16_W,QCF4_Hafs_16_W.ttf,
10,30,1,16,QCF4_Hafs_16_W,QCF4_Hafs_16_W.ttf,
10,31,1,16,QCF4_Hafs_16_W,QCF4_Hafs_16_W.ttf,
10,32,1,16,QCF4_Hafs_16_W,QCF4_Hafs_16_W.ttf,
10,33,1,16,QCF4_Hafs_16_W,QCF4_Hafs_16_W.ttf,
10,34,1,16,QCF4_Hafs_16_W,QCF4_Hafs_16_W.ttf,
10,35,1,16,QCF4_Hafs_16_W,QCF4_Hafs_16_W.ttf,
10,36,1,16,QCF4_Hafs_16_W,QCF4_Hafs_16_W.ttf,
10,37,1,16,QCF4_Hafs_16_W,QCF4_Hafs_16_W.ttf,
10,38,1,16,QCF4_Hafs_16_W,QCF4_Hafs_16_W.ttf,
10,39,1,16,QCF4_Hafs_16_W,QCF4_Hafs_16_W.ttf,
10,40,1,16,QCF4_Hafs_16_W,QCF4_Hafs_16_W.ttf,
10,41,1,16,QCF4_Hafs_16_W,QCF4_Hafs_16_W.ttf,
10,42,1,16,QCF4_Hafs_16_W,QCF4_Hafs_16_W.ttf,
10,43,1,16,QCF4_Hafs_16_W,QCF4_Hafs_16_W.ttf,
10,44,1,16,QCF4_Hafs_16_W,QCF4_Hafs_16_W.ttf,
10,45,1,16,QCF4_Hafs_16_W,QCF4_Hafs_16_W.ttf,
10,46,1,16,QCF4_Hafs_16_W,QCF4_Hafs_16_W.ttf,
10,47,1,16,QCF4_Hafs_16_W,QCF4_Hafs_16_W.ttf,
10,48,1,16,QCF4_Hafs_16_W,QCF4_Hafs_16_W.ttf,
10,49,1,16,QCF4_Hafs_16_W,QCF4_Hafs_16_W.ttf,
10,50,1,16,QCF4_Hafs_16_W,QCF4_Hafs_16_W.ttf,
10,51,1,16,QCF4_Hafs_16_W,QCF4_Hafs_16_W.ttf,
10,52,1,16,QCF4_Hafs_16_W,QCF4_Hafs_16_W.ttf,
10,53,1,16,QCF4_Hafs_16_W,QCF4_Hafs_16_W.ttf,
10,54,1,17,QCF4_Hafs_17_W,QCF4_Hafs_17_W.ttf,
10,55,1,17,QCF4_Hafs_17_W,QCF4_Hafs_17_W.ttf,
10,56,1,17,QCF4_Hafs_17_W,QCF4_Hafs_17_W.ttf,
10,57,1,17,QCF4_Hafs_17_W,QCF4_Hafs_17_W.ttf,
10,58,1,17,QCF4_Hafs_17_W,QCF4_Hafs_17_W.ttf,
10,59,1,17,QCF4_Hafs_17_W,QCF4_Hafs_17_W.ttf,
10,60,1,17,QCF4_Hafs_17_W,QCF4_Hafs_17_W.ttf,
10,61,1,17,QCF4_Hafs_17_W,QCF4_Hafs_17_W.ttf,
10,62,1,17,QCF4_Hafs_17_W,QCF4_Hafs_17_W.ttf,
10,63,1,17,QCF4_Hafs_17_W,QCF4_Hafs_17_W.ttf,
10,64,1,17,QCF4_Hafs_17_W,QCF4_Hafs_17_W.ttf,
10,65,1,17,QCF4_Hafs_17_W,QCF4_Hafs_17_W.ttf,
10,66,1,17,QCF4_Hafs_17_W,QCF4_Hafs_17_W.ttf,
10,67,1,17,QCF4_Hafs_17_W,QCF4_Hafs_17_W.ttf,
10,68,1,17,QCF4_Hafs_17_W,QCF4_Hafs_17_W.ttf,
10,69,1,17,QCF4_Hafs_17_W,QCF4_Hafs_17_W.ttf,
10,70,1,17,QCF4_Hafs_17_W,QCF4_Hafs_17_W.ttf,
10,71,1,17,QCF4_Hafs_17_W,QCF4_Hafs_17_W.ttf,
10,72,1,17,QCF4_Hafs_17_W,QCF4_Hafs_17_W.ttf,
10,73,1,17,QCF4_Hafs_17_W,QCF4_Hafs_17_W.ttf,
10,74,1,17,QCF4_Hafs_17_W,QCF4_Hafs_17_W.ttf,
10,75,1,17,QCF4_Hafs_17_W,QCF4_Hafs_17_W.ttf,
10,76,1,17,QCF4_Hafs_17_W,QCF4_Hafs_17_W.ttf,
10,77,1,17,QCF4_Hafs_17_W,QCF4_Hafs_17_W.ttf,
10,78,1,17,QCF4_Hafs_17_W,QCF4_Hafs_17_W.ttf,
10,79,1,17,QCF4_Hafs_17_W,QCF4_Hafs_17_W.ttf,
10,80,1,17,QCF4_Hafs_17_W,QCF4_Hafs_17_W.ttf,
10,81,1,17,QCF4_Hafs_17_W,QCF4_Hafs_17_W.ttf,
10,82,1,17,QCF4_Hafs_17_W,QCF4_Hafs_17_W.ttf,
10,83,1,17,QCF4_Hafs_17_W,QCF4_Hafs_17_W.ttf,
10,84,1,17,QCF4_Hafs_17_W,QCF4_Hafs_17_W.ttf,
10,85,1,17,QCF4_Hafs_17_W,QCF4_Hafs_17_W.ttf,
10,86,1,17,QCF4_Hafs_17_W,QCF4_Hafs_17_W.ttf,
10,87,1,17,QCF4_Hafs_17_W,QCF4_Hafs_17_W.ttf,
10,88,1,17,QCF4_Hafs_17_W,QCF4_Hafs_17_W.ttf,
10,89,1,17,QCF4_Hafs_17_W,QCF4_Hafs_17_W.ttf,
10,90,1,17,QCF4_Hafs_17_W,QCF4_Hafs_17_W.ttf,
10,91,1,17,QCF4_Hafs_17_W,QCF4_Hafs_17_W.ttf,
10,92,1,17,QCF4_Hafs_17_W,QCF4_Hafs_17_W.ttf,
10,93,1,17,QCF4_Hafs_17_W,QCF4_Hafs_17_W.ttf,
10,94,1,17,QCF4_Hafs_17_W,QCF4_Hafs_17_W.ttf,
10,95,1,17,QCF4_Hafs_17_W,QCF4_Hafs_17_W.ttf,
10,96,1,17,QCF4_Hafs_17_W,QCF4_Hafs_17_W.ttf,
10,97,1,17,QCF4_Hafs_17_W,QCF4_Hafs_17_W.ttf,
10,98,1,17,QCF4_Hafs_17_W,QCF4_Hafs_17_W.ttf,
10,99,1,17,QCF4_Hafs_17_W,QCF4_Hafs_17_W.ttf,
10,100,1,17,QCF4_Hafs_17_W,QCF4_Hafs_17_W.ttf,
10,101,1,17,QCF4_Hafs_17_W,QCF4_Hafs_17_W.ttf,
10,102,1,17,QCF4_Hafs_17_W,QCF4_Hafs_17_W.ttf,
10,103,1,17,QCF4_Hafs_17_W,QCF4_Hafs_17_W.ttf,
10,104,1,17,QCF4_Hafs_17_W,QCF4_Hafs_17_W.ttf,
10,105,1,17,QCF4_Hafs_17_W,QCF4_Hafs_17_W.ttf,
10,106,1,17,QCF4_Hafs_17_W,QCF4_Hafs_17_W.ttf,
10,107,1,17,QCF4_Hafs_17_W,QCF4_Hafs_17_W.ttf,
10,108,1,17,QCF4_Hafs_17_W,QCF4_Hafs_17_W.ttf,
10,109,1,17,QCF4_Hafs_17_W,QCF4_Hafs_17_W.ttf,
11,1,1,17,QCF4_Hafs_17_W,QCF4_Hafs_17_W.ttf,
11,2,1,17,QCF4_Hafs_17_W,QCF4_Hafs_17_W.ttf,
11,3,1,17,QCF4_Hafs_17_W,QCF4_Hafs_17_W.ttf,
11,4,1,17,QCF4_Hafs_17_W,QCF4_Hafs_17_W.ttf,
11,5,1,17,QCF4_Hafs_17_W,QCF4_Hafs_17_W.ttf,
11,6,1,17,QCF4_Hafs_17_W,QCF4_Hafs_17_W.ttf,
11,7,1,17,QCF4_Hafs_17_W,QCF4_Hafs_17_W.ttf,
11,8,1,17,QCF4_Hafs_17_W,QCF4_Hafs_17_W.ttf,
11,9,1,17,QCF4_Hafs_17_W,QCF4_Hafs_17_W.ttf,
11,10,1,17,QCF4_Hafs_17_W,QCF4_Hafs_17_W.ttf,
11,11,1,17,QCF4_Hafs_17_W,QCF4_Hafs_17_W.ttf,
11,12,1,17,QCF4_Hafs_17_W,QCF4_Hafs_17_W.ttf,
11,13,1,17,QCF4_Hafs_17_W,QCF4_Hafs_17_W.ttf,
11,14,1,17,QCF4_Hafs_17_W,QCF4_Hafs_17_W.ttf,
11,15,1,17,QCF4_Hafs_17_W,QCF4_Hafs_17_W.ttf,
11,16,1,17,QCF4_Hafs_17_W,QCF4_Hafs_17_W.ttf,
11,17,1,17,QCF4_Hafs_17_W,QCF4_Hafs_17_W.ttf,
11,18,1,17,QCF4_Hafs_17_W,QCF4_Hafs_17_W.ttf,
11,19,1,17,QCF4_Hafs_17_W,QCF4_Hafs_17_W.ttf,
11,20,1,17,QCF4_Hafs_17_W,QCF4_Hafs_17_W.ttf,
11,21,1,17,QCF4_Hafs_17_W,QCF4_Hafs_17_W.ttf,
11,22,1,17,QCF4_Hafs_17_W,QCF4_Hafs_17_W.ttf,
11,23,1,17,QCF4_Hafs_17_W,QCF4_Hafs_17_W.ttf,
11,24,1,17,QCF4_Hafs_17_W,QCF4_Hafs_17_W.ttf,
11,25,1,17,QCF4_Hafs_17_W,QCF4_Hafs_17_W.ttf,
11,26,1,17,QCF4_Hafs_17_W,QCF4_Hafs_17_W.ttf,
11,27,1,17,QCF4_Hafs_17_W,QCF4_Hafs_17_W.ttf,
11,28,1,17,QCF4_Hafs_17_W,QCF4_Hafs_17_W.ttf,
11,29,1,17,QCF4_Hafs_17_W,QCF4_Hafs_17_W.ttf,
11,30,1,17,QCF4_Hafs_17_W,QCF4_Hafs_17_W.ttf,
11,31,1,17,QCF4_Hafs_17_W,QCF4_Hafs_17_W.ttf,
11,32,1,17,QCF4_Hafs_17_W,QCF4_Hafs_17_W.ttf,
11,33,1,17,QCF4_Hafs_17_W,QCF4_Hafs_17_W.ttf,
11,34,1,17,QCF4_Hafs_17_W,QCF4_Hafs_17_W.ttf,
11,35,1,17,QCF4_Hafs_17_W,QCF4_Hafs_17_W.ttf,
11,36,1,17,QCF4_Hafs_17_W,QCF4_Hafs_17_W.ttf,
11,37,1,17,QCF4_Hafs_17_W,QCF4_Hafs_17_W.ttf,
11,38,1,17,QCF4_Hafs_17_W,QCF4_Hafs_17_W.ttf,
11,39,1,17,QCF4_Hafs_17_W,QCF4_Hafs_17_W.ttf,
11,40,1,17,QCF4_Hafs_17_W,QCF4_Hafs_17_W.ttf,
11,41,1,17,QCF4_Hafs_17_W,QCF4_Hafs_17_W.ttf,
11,42,1,17,QCF4_Hafs_17_W,QCF4_Hafs_17_W.ttf,
11,43,1,17,QCF4_Hafs_17_W,QCF4_Hafs_17_W.ttf,
11,44,1,17,QCF4_Hafs_17_W,QCF4_Hafs_17_W.ttf,
11,45,1,17,QCF4_Hafs_17_W,QCF4_Hafs_17_W.ttf,
11,46,1,17,QCF4_Hafs_17_W,QCF4_Hafs_17_W.ttf,
11,47,1,17,QCF4_Hafs_17_W,QCF4_Hafs_17_W.ttf,
11,48,1,17,QCF4_Hafs_17_W,QCF4_Hafs_17_W.ttf,
11,49,1,17,QCF4_Hafs_17_W,QCF4_Hafs_17_W.ttf,
11,50,1,17,QCF4_Hafs_17_W,QCF4_Hafs_17_W.ttf,
11,51,1,17,QCF4_Hafs_17_W,QCF4_Hafs_17_W.ttf,
11,52,1,17,QCF4_Hafs_17_W,QCF4_Hafs_17_W.ttf,
11,53,1,17,QCF4_Hafs_17_W,QCF4_Hafs_17_W.ttf,
11,54,1,18,QCF4_Hafs_18_W,QCF4_Hafs_18_W.ttf,
11,55,1,18,QCF4_Hafs_18_W,QCF4_Hafs_18_W.ttf,
11,56,1,18,QCF4_Hafs_18_W,QCF4_Hafs_18_W.ttf,
11,57,1,18,QCF4_Hafs_18_W,QCF4_Hafs_18_W.ttf,
11,58,1,18,QCF4_Hafs_18_W,QCF4_Hafs_18_W.ttf,
11,59,1,18,QCF4_Hafs_18_W,QCF4_Hafs_18_W.ttf,
11,60,1,18,QCF4_Hafs_18_W,QCF4_Hafs_18_W.ttf,
11,61,1,18,QCF4_Hafs_18_W,QCF4_Hafs_18_W.ttf,
11,62,1,18,QCF4_Hafs_18_W,QCF4_Hafs_18_W.ttf,
11,63,1,18,QCF4_Hafs_18_W,QCF4_Hafs_18_W.ttf,
11,64,1,18,QCF4_Hafs_18_W,QCF4_Hafs_18_W.ttf,
11,65,1,18,QCF4_Hafs_18_W,QCF4_Hafs_18_W.ttf,
11,66,1,18,QCF4_Hafs_18_W,QCF4_Hafs_18_W.ttf,
11,67,1,18,QCF4_Hafs_18_W,QCF4_Hafs_18_W.ttf,
11,68,1,18,QCF4_Hafs_18_W,QCF4_Hafs_18_W.ttf,
11,69,1,18,QCF4_Hafs_18_W,QCF4_Hafs_18_W.ttf,
11,70,1,18,QCF4_Hafs_18_W,QCF4_Hafs_18_W.ttf,
11,71,1,18,QCF4_Hafs_18_W,QCF4_Hafs_18_W.ttf,
11,72,1,18,QCF4_Hafs_18_W,QCF4_Hafs_18_W.ttf,
11,73,1,18,QCF4_Hafs_18_W,QCF4_Hafs_18_W.ttf,
11,74,1,18,QCF4_Hafs_18_W,QCF4_Hafs_18_W.ttf,
11,75,1,18,QCF4_Hafs_18_W,QCF4_Hafs_18_W.ttf,
11,76,1,18,QCF4_Hafs_18_W,QCF4_Hafs_18_W.ttf,
11,77,1,18,QCF4_Hafs_18_W,QCF4_Hafs_18_W.ttf,
11,78,1,18,QCF4_Hafs_18_W,QCF4_Hafs_18_W.ttf,
11,79,1,18,QCF4_Hafs_18_W,QCF4_Hafs_18_W.ttf,
11,80,1,18,QCF4_Hafs_18_W,QCF4_Hafs_18_W.ttf,
11,81,1,18,QCF4_Hafs_18_W,QCF4_Hafs_18_W.ttf,
11,82,1,18,QCF4_Hafs_18_W,QCF4_Hafs_18_W.ttf,
11,83,1,18,QCF4_Hafs_18_W,QCF4_Hafs_18_W.ttf,
11,84,1,18,QCF4_Hafs_18_W,QCF4_Hafs_18_W.ttf,
11,85,1,18,QCF4_Hafs_18_W,QCF4_Hafs_18_W.ttf,
11,86,1,18,QCF4_Hafs_18_W,QCF4_Hafs_18_W.ttf,
11,87,1,18,QCF4_Hafs_18_W,QCF4_Hafs_18_W.ttf,
11,88,1,18,QCF4_Hafs_18_W,QCF4_Hafs_18_W.ttf,
11,89,1,18,QCF4_Hafs_18_W,QCF4_Hafs_18_W.ttf,
11,90,1,18,QCF4_Hafs_18_W,QCF4_Hafs_18_W.ttf,
11,91,1,18,QCF4_Hafs_18_W,QCF4_Hafs_18_W.ttf,
11,92,1,18,QCF4_Hafs_18_W,QCF4_Hafs_18_W.ttf,
11,93,1,18,QCF4_Hafs_18_W,QCF4_Hafs_18_W.ttf,
11,94,1,18,QCF4_Hafs_18_W,QCF4_Hafs_18_W.ttf,
11,95,1,18,QCF4_Hafs_18_W,QCF4_Hafs_18_W.ttf,
11,96,1,18,QCF4_Hafs_18_W,QCF4_Hafs_18_W.ttf,
11,97,1,18,QCF4_Hafs_18_W,QCF4_Hafs_18_W.ttf,
11,98,1,18,QCF4_Hafs_18_W,QCF4_Hafs_18_W.ttf,
11,99,1,18,QCF4_Hafs_18_W,QCF4_Hafs_18_W.ttf,
11,100,1,18,QCF4_Hafs_18_W,QCF4_Hafs_18_W.ttf,
11,101,1,18,QCF4_Hafs_18_W,QCF4_Hafs_18_W.ttf,
11,102,1,18,QCF4_Hafs_18_W,QCF4_Hafs_18_W.ttf,
11,103,1,18,QCF4_Hafs_18_W,QCF4_Hafs_18_W.ttf,
11,104,1,18,QCF4_Hafs_18_W,QCF4_Hafs_18_W.ttf,
11,105,1,18,QCF4_Hafs_18_W,QCF4_Hafs_18_W.ttf,
11,106,1,18,QCF4_Hafs_18_W,QCF4_Hafs_18_W.ttf,
11,107,1,18,QCF4_Hafs_18_W,QCF4_Hafs_18_W.ttf,
11,108,1,18,QCF4_Hafs_18_W,QCF4_Hafs_18_W.ttf,
11,109,1,18,QCF4_Hafs_18_W,QCF4_Hafs_18_W.ttf,
11,110,1,18,QCF4_Hafs_18_W,QCF4_Hafs_18_W.ttf,
11,111,1,18,QCF4_Hafs_18_W,QCF4_Hafs_18_W.ttf,
11,112,1,18,QCF4_Hafs_18_W,QCF4_Hafs_18_W.ttf,
11,113,1,18,QCF4_Hafs_18_W,QCF4_Hafs_18_W.ttf,
11,114,1,18,QCF4_Hafs_18_W,QCF4_Hafs_18_W.ttf,
11,115,1,18,QCF4_Hafs_18_W,QCF4_Hafs_18_W.ttf,
11,116,1,18,QCF4_Hafs_18_W,QCF4_Hafs_18_W.ttf,
11,117,1,18,QCF4_Hafs_18_W,QCF4_Hafs_18_W.ttf,
11,118,1,18,QCF4_Hafs_18_W,QCF4_Hafs_18_W.ttf,
11,119,1,18,QCF4_Hafs_18_W,QCF4_Hafs_18_W.ttf,
11,120,1,18,QCF4_Hafs_18_W,QCF4_Hafs_18_W.ttf,
11,121,1,18,QCF4_Hafs_18_W,QCF4_Hafs_18_W.ttf,
11,122,1,18,QCF4_Hafs_18_W,QCF4_Hafs_18_W.ttf,
11,123,1,18,QCF4_Hafs_18_W,QCF4_Hafs_18_W.ttf,
12,1,1,18,QCF4_Hafs_18_W,QCF4_Hafs_18_W.ttf,
12,2,1,18,QCF4_Hafs_18_W,QCF4_Hafs_18_W.ttf,
12,3,1,18,QCF4_Hafs_18_W,QCF4_Hafs_18_W.ttf,
12,4,1,18,QCF4_Hafs_18_W,QCF4_Hafs_18_W.ttf,
12,5,1,18,QCF4_Hafs_18_W,QCF4_Hafs_18_W.ttf,
12,6,1,18,QCF4_Hafs_18_W,QCF4_Hafs_18_W.ttf,
12,7,1,18,QCF4_Hafs_18_W,QCF4_Hafs_18_W.ttf,
12,8,1,18,QCF4_Hafs_18_W,QCF4_Hafs_18_W.ttf,
12,9,1,18,QCF4_Hafs_18_W,QCF4_Hafs_18_W.ttf,
12,10,1,18,QCF4_Hafs_18_W,QCF4_Hafs_18_W.ttf,
12,11,1,18,QCF4_Hafs_18_W,QCF4_Hafs_18_W.ttf,
12,12,1,18,QCF4_Hafs_18_W,QCF4_Hafs_18_W.ttf,
12,13,1,18,QCF4_Hafs_18_W,QCF4_Hafs_18_W.ttf,
12,14,1,18,QCF4_Hafs_18_W,QCF4_Hafs_18_W.ttf,
12,15,1,18,QCF4_Hafs_18_W,QCF4_Hafs_18_W.ttf,
12,16,1,18,QCF4_Hafs_18_W,QCF4_Hafs_18_W.ttf,
12,17,1,18,QCF4_Hafs_18_W,QCF4_Hafs_18_W.ttf,
12,18,1,18,QCF4_Hafs_18_W,QCF4_Hafs_18_W.ttf,
12,19,1,18,QCF4_Hafs_18_W,QCF4_Hafs_18_W.ttf,
12,20,1,18,QCF4_Hafs_18_W,QCF4_Hafs_18_W.ttf,
12,21,1,18,QCF4_Hafs_18_W,QCF4_Hafs_18_W.ttf,
12,22,1,18,QCF4_Hafs_18_W,QCF4_Hafs_18_W.ttf,
12,23,1,18,QCF4_Hafs_18_W,QCF4_Hafs_18_W.ttf,
12,24,1,18,QCF4_Hafs_18_W,QCF4_Hafs_18_W.ttf,
12,25,1,18,QCF4_Hafs_18_W,QCF4_Hafs_18_W.ttf,
12,26,1,18,QCF4_Hafs_18_W,QCF4_Hafs_18_W.ttf,
12,27,1,18,QCF4_Hafs_18_W,QCF4_Hafs_18_W.ttf,
12,28,1,18,QCF4_Hafs_18_W,QCF4_Hafs_18_W.ttf,
12,29,1,18,QCF4_Hafs_18_W,QCF4_Hafs_18_W.ttf,
12,30,1,18,QCF4_Hafs_18_W,QCF4_Hafs_18_W.ttf,
12,31,1,18,QCF4_Hafs_18_W,QCF4_Hafs_18_W.ttf,
12,32,1,18,QCF4_Hafs_18_W,QCF4_Hafs_18_W.ttf,
12,33,1,18,QCF4_Hafs_18_W,QCF4_Hafs_18_W.ttf,
12,34,1,18,QCF4_Hafs_18_W,QCF4_Hafs_18_W.ttf,
12,35,1,18,QCF4_Hafs_18_W,QCF4_Hafs_18_W.ttf,
12,36,1,18,QCF4_Hafs_18_W,QCF4_Hafs_18_W.ttf,
12,37,1,18,QCF4_Hafs_18_W,QCF4_Hafs_18_W.ttf,
12,38,1,18,QCF4_Hafs_18_W,QCF4_Hafs_18_W.ttf,
12,39,1,18,QCF4_Hafs_18_W,QCF4_Hafs_18_W.ttf,
12,40,1,18,QCF4_Hafs_18_W,QCF4_Hafs_18_W.ttf,
12,41,1,18,QCF4_Hafs_18_W,QCF4_Hafs_18_W.ttf,
12,42,1,18,QCF4_Hafs_18_W,QCF4_Hafs_18_W.ttf,
12,43,1,18,QCF4_Hafs_18_W,QCF4_Hafs_18_W.ttf,
12,44,1,19,QCF4_Hafs_19_W,QCF4_Hafs_19_W.ttf,
12,45,1,19,QCF4_Hafs_19_W,QCF4_Hafs_19_W.ttf,
12,46,1,19,QCF4_Hafs_19_W,QCF4_Hafs_19_W.ttf,
12,47,1,19,QCF4_Hafs_19_W,QCF4_Hafs_19_W.ttf,
12,48,1,19,QCF4_Hafs_19_W,QCF4_Hafs_19_W.ttf,
12,49,1,19,QCF4_Hafs_19_W,QCF4_Hafs_19_W.ttf,
12,50,1,19,QCF4_Hafs_19_W,QCF4_Hafs_19_W.ttf,
12,51,1,19,QCF4_Hafs_19_W,QCF4_Hafs_19_W.ttf,
12,52,1,19,QCF4_Hafs_19_W,QCF4_Hafs_19_W.ttf,
12,53,1,19,QCF4_Hafs_19_W,QCF4_Hafs_19_W.ttf,
12,54,1,19,QCF4_Hafs_19_W,QCF4_Hafs_19_W.ttf,
12,55,1,19,QCF4_Hafs_19_W,QCF4_Hafs_19_W.ttf,
12,56,1,19,QCF4_Hafs_19_W,QCF4_Hafs_19_W.ttf,
12,57,1,19,QCF4_Hafs_19_W,QCF4_Hafs_19_W.ttf,
12,58,1,19,QCF4_Hafs_19_W,QCF4_Hafs_19_W.ttf,
12,59,1,19,QCF4_Hafs_19_W,QCF4_Hafs_19_W.ttf,
12,60,1,19,QCF4_Hafs_19_W,QCF4_Hafs_19_W.ttf,
12,61,1,19,QCF4_Hafs_19_W,QCF4_Hafs_19_W.ttf,
12,62,1,19,QCF4_Hafs_19_W,QCF4_Hafs_19_W.ttf,
12,63,1,19,QCF4_Hafs_19_W,QCF4_Hafs_19_W.ttf,
12,64,1,19,QCF4_Hafs_19_W,QCF4_Hafs_19_W.ttf,
12,65,1,19,QCF4_Hafs_19_W,QCF4_Hafs_19_W.ttf,
12,66,1,19,QCF4_Hafs_19_W,QCF4_Hafs_19_W.ttf,
12,67,1,19,QCF4_Hafs_19_W,QCF4_Hafs_19_W.ttf,
12,68,1,19,QCF4_Hafs_19_W,QCF4_Hafs_19_W.ttf,
12,69,1,19,QCF4_Hafs_19_W,QCF4_Hafs_19_W.ttf,
12,70,1,19,QCF4_Hafs_19_W,QCF4_Hafs_19_W.ttf,
12,71,1,19,QCF4_Hafs_19_W,QCF4_Hafs_19_W.ttf,
12,72,1,19,QCF4_Hafs_19_W,QCF4_Hafs_19_W.ttf,
12,73,1,19,QCF4_Hafs_19_W,QCF4_Hafs_19_W.ttf,
12,74,1,19,QCF4_Hafs_19_W,QCF4_Hafs_19_W.ttf,
12,75,1,19,QCF4_Hafs_19_W,QCF4_Hafs_19_W.ttf,
12,76,1,19,QCF4_Hafs_19_W,QCF4_Hafs_19_W.ttf,
12,77,1,19,QCF4_Hafs_19_W,QCF4_Hafs_19_W.ttf,
12,78,1,19,QCF4_Hafs_19_W,QCF4_Hafs_19_W.ttf,
12,79,1,19,QCF4_Hafs_19_W,QCF4_Hafs_19_W.ttf,
12,80,1,19,QCF4_Hafs_19_W,QCF4_Hafs_19_W.ttf,
12,81,1,19,QCF4_Hafs_19_W,QCF4_Hafs_19_W.ttf,
12,82,1,19,QCF4_Hafs_19_W,QCF4_Hafs_19_W.ttf,
12,83,1,19,QCF4_Hafs_19_W,QCF4_Hafs_19_W.ttf,
12,84,1,19,QCF4_Hafs_19_W,QCF4_Hafs_19_W.ttf,
12,85,1,19,QCF4_Hafs_19_W,QCF4_Hafs_19_W.ttf,
12,86,1,19,QCF4_Hafs_19_W,QCF4_Hafs_19_W.ttf,
12,87,1,19,QCF4_Hafs_19_W,QCF4_Hafs_19_W.ttf,
12,88,1,19,QCF4_Hafs_19_W,QCF4_Hafs_19_W.ttf,
12,89,1,19,QCF4_Hafs_19_W,QCF4_Hafs_19_W.ttf,
12,90,1,19,QCF4_Hafs_19_W,QCF4_Hafs_19_W.ttf,
12,91,1,19,QCF4_Hafs_19_W,QCF4_Hafs_19_W.ttf,
12,92,1,19,QCF4_Hafs_19_W,QCF4_Hafs_19_W.ttf,
12,93,1,19,QCF4_Hafs_19_W,QCF4_Hafs_19_W.ttf,
12,94,1,19,QCF4_Hafs_19_W,QCF4_Hafs_19_W.ttf,
12,95,1,19,QCF4_Hafs_19_W,QCF4_Hafs_19_W.ttf,
12,96,1,19,QCF4_Hafs_19_W,QCF4_Hafs_19_W.ttf,
12,97,1,19,QCF4_Hafs_19_W,QCF4_Hafs_19_W.ttf,
12,98,1,19,QCF4_Hafs_19_W,QCF4_Hafs_19_W.ttf,
12,99,1,19,QCF4_Hafs_19_W,QCF4_Hafs_19_W.ttf,
12,100,1,19,QCF4_Hafs_19_W,QCF4_Hafs_19_W.ttf,
12,101,1,19,QCF4_Hafs_19_W,QCF4_Hafs_19_W.ttf,
12,102,1,19,QCF4_Hafs_19_W,QCF4_Hafs_19_W.ttf,
12,103,1,19,QCF4_Hafs_19_W,QCF4_Hafs_19_W.ttf,
12,104,1,19,QCF4_Hafs_19_W,QCF4_Hafs_19_W.ttf,
12,105,1,19,QCF4_Hafs_19_W,QCF4_Hafs_19_W.ttf,
12,106,1,19,QCF4_Hafs_19_W,QCF4_Hafs_19_W.ttf,
12,107,1,19,QCF4_Hafs_19_W,QCF4_Hafs_19_W.ttf,
12,108,1,19,QCF4_Hafs_19_W,QCF4_Hafs_19_W.ttf,
12,109,1,19,QCF4_Hafs_19_W,QCF4_Hafs_19_W.ttf,
12,110,1,19,QCF4_Hafs_19_W,QCF4_Hafs_19_W.ttf,
12,111,1,19,QCF4_Hafs_19_W,QCF4_Hafs_19_W.ttf,
13,1,1,19,QCF4_Hafs_19_W,QCF4_Hafs_19_W.ttf,
13,2,1,19,QCF4_Hafs_19_W,QCF4_Hafs_19_W.ttf,
13,3,1,19,QCF4_Hafs_19_W,QCF4_Hafs_19_W.ttf,
13,4,1,19,QCF4_Hafs_19_W,QCF4_Hafs_19_W.ttf,
13,5,1,19,QCF4_Hafs_19_W,QCF4_Hafs_19_W.ttf,
13,6,1,19,QCF4_Hafs_19_W,QCF4_Hafs_19_W.ttf,
13,7,1,19,QCF4_Hafs_19_W,QCF4_Hafs_19_W.ttf,
13,8,1,19,QCF4_Hafs_19_W,QCF4_Hafs_19_W.ttf,
13,9,1,19,QCF4_Hafs_19_W,QCF4_Hafs_19_W.ttf,
13,10,1,19,QCF4_Hafs_19_W,QCF4_Hafs_19_W.ttf,
13,11,1,19,QCF4_Hafs_19_W,QCF4_Hafs_19_W.ttf,
13,12,1,19,QCF4_Hafs_19_W,QCF4_Hafs_19_W.ttf,
13,13,1,19,QCF4_Hafs_19_W,QCF4_Hafs_19_W.ttf,
13,14,1,19,QCF4_Hafs_19_W,QCF4_Hafs_19_W.ttf,
13,15,1,19,QCF4_Hafs_19_W,QCF4_Hafs_19_W.ttf,
13,16,1,19,QCF4_Hafs_19_W,QCF4_Hafs_19_W.ttf,
13,17,1,19,QCF4_Hafs_19_W,QCF4_Hafs_19_W.ttf,
13,18,1,19,QCF4_Hafs_19_W,QCF4_Hafs_19_W.ttf,
13,19,1,19,QCF4_Hafs_19_W,QCF4_Hafs_19_W.ttf,
13,20,1,19,QCF4_Hafs_19_W,QCF4_Hafs_19_W.ttf,
13,21,1,19,QCF4_Hafs_19_W,QCF4_Hafs_19_W.ttf,
13,22,1,19,QCF4_Hafs_19_W,QCF4_Hafs_19_W.ttf,
13,23,1,19,QCF4_Hafs_19_W,QCF4_Hafs_19_W.ttf,
13,24,1,19,QCF4_Hafs_19_W,QCF4_Hafs_19_W.ttf,
13,25,1,19,QCF4_Hafs_19_W,QCF4_Hafs_19_W.ttf,
13,26,1,19,QCF4_Hafs_19_W,QCF4_Hafs_19_W.ttf,
13,27,1,19,QCF4_Hafs_19_W,QCF4_Hafs_19_W.ttf,
13,28,1,19,QCF4_Hafs_19_W,QCF4_Hafs_19_W.ttf,
13,29,1,20,QCF4_Hafs_20_W,QCF4_Hafs_20_W.ttf,
13,30,1,20,QCF4_Hafs_20_W,QCF4_Hafs_20_W.ttf,
13,31,1,20,QCF4_Hafs_20_W,QCF4_Hafs_20_W.ttf,
13,32,1,20,QCF4_Hafs_20_W,QCF4_Hafs_20_W.ttf,
13,33,1,20,QCF4_Hafs_20_W,QCF4_Hafs_20_W.ttf,
13,34,1,20,QCF4_Hafs_20_W,QCF4_Hafs_20_W.ttf,
13,35,1,20,QCF4_Hafs_20_W,QCF4_Hafs_20_W.ttf,
13,36,1,20,QCF4_Hafs_20_W,QCF4_Hafs_20_W.ttf,
13,37,1,20,QCF4_Hafs_20_W,QCF4_Hafs_20_W.ttf,
13,38,1,20,QCF4_Hafs_20_W,QCF4_Hafs_20_W.ttf,
13,39,1,20,QCF4_Hafs_20_W,QCF4_Hafs_20_W.ttf,
13,40,1,20,QCF4_Hafs_20_W,QCF4_Hafs_20_W.ttf,
13,41,1,20,QCF4_Hafs_20_W,QCF4_Hafs_20_W.ttf,
13,42,1,20,QCF4_Hafs_20_W,QCF4_Hafs_20_W.ttf,
13,43,1,20,QCF4_Hafs_20_W,QCF4_Hafs_20_W.ttf,
14,1,1,20,QCF4_Hafs_20_W,QCF4_Hafs_20_W.ttf,
14,2,1,20,QCF4_Hafs_20_W,QCF4_Hafs_20_W.ttf,
14,3,1,20,QCF4_Hafs_20_W,QCF4_Hafs_20_W.ttf,
14,4,1,20,QCF4_Hafs_20_W,QCF4_Hafs_20_W.ttf,
14,5,1,20,QCF4_Hafs_20_W,QCF4_Hafs_20_W.ttf,
14,6,1,20,QCF4_Hafs_20_W,QCF4_Hafs_20_W.ttf,
14,7,1,20,QCF4_Hafs_20_W,QCF4_Hafs_20_W.ttf,
14,8,1,20,QCF4_Hafs_20_W,QCF4_Hafs_20_W.ttf,
14,9,1,20,QCF4_Hafs_20_W,QCF4_Hafs_20_W.ttf,
14,10,1,20,QCF4_Hafs_20_W,QCF4_Hafs_20_W.ttf,
14,11,1,20,QCF4_Hafs_20_W,QCF4_Hafs_20_W.ttf,
14,12,1,20,QCF4_Hafs_20_W,QCF4_Hafs_20_W.ttf,
14,13,1,20,QCF4_Hafs_20_W,QCF4_Hafs_20_W.ttf,
14,14,1,20,QCF4_Hafs_20_W,QCF4_Hafs_20_W.ttf,
14,15,1,20,QCF4_Hafs_20_W,QCF4_Hafs_20_W.ttf,
14,16,1,20,QCF4_Hafs_20_W,QCF4_Hafs_20_W.ttf,
14,17,1,20,QCF4_Hafs_20_W,QCF4_Hafs_20_W.ttf,
14,18,1,20,QCF4_Hafs_20_W,QCF4_Hafs_20_W.ttf,
14,19,1,20,QCF4_Hafs_20_W,QCF4_Hafs_20_W.ttf,
14,20,1,20,QCF4_Hafs_20_W,QCF4_Hafs_20_W.ttf,
14,21,1,20,QCF4_Hafs_20_W,QCF4_Hafs_20_W.ttf,
14,22,1,20,QCF4_Hafs_20_W,QCF4_Hafs_20_W.ttf,
14,23,1,20,QCF4_Hafs_20_W,QCF4_Hafs_20_W.ttf,
14,24,1,20,QCF4_Hafs_20_W,QCF4_Hafs_20_W.ttf,
14,25,1,20,QCF4_Hafs_20_W,QCF4_Hafs_20_W.ttf,
14,26,1,20,QCF4_Hafs_20_W,QCF4_Hafs_20_W.ttf,
14,27,1,20,QCF4_Hafs_20_W,QCF4_Hafs_20_W.ttf,
14,28,1,20,QCF4_Hafs_20_W,QCF4_Hafs_20_W.ttf,
14,29,1,20,QCF4_Hafs_20_W,QCF4_Hafs_20_W.ttf,
14,30,1,20,QCF4_Hafs_20_W,QCF4_Hafs_20_W.ttf,
14,31,1,20,QCF4_Hafs_20_W,QCF4_Hafs_20_W.ttf,
14,32,1,20,QCF4_Hafs_20_W,QCF4_Hafs_20_W.ttf,
14,33,1,20,QCF4_Hafs_20_W,QCF4_Hafs_20_W.ttf,
14,34,1,20,QCF4_Hafs_20_W,QCF4_Hafs_20_W.ttf,
14,35,1,20,QCF4_Hafs_20_W,QCF4_Hafs_20_W.ttf,
14,36,1,20,QCF4_Hafs_20_W,QCF4_Hafs_20_W.ttf,
14,37,1,20,QCF4_Hafs_20_W,QCF4_Hafs_20_W.ttf,
14,38,1,20,QCF4_Hafs_20_W,QCF4_Hafs_20_W.ttf,
14,39,1,20,QCF4_Hafs_20_W,QCF4_Hafs_20_W.ttf,
14,40,1,20,QCF4_Hafs_20_W,QCF4_Hafs_20_W.ttf,
14,41,1,20,QCF4_Hafs_20_W,QCF4_Hafs_20_W.ttf,
14,42,1,20,QCF4_Hafs_20_W,QCF4_Hafs_20_W.ttf,
14,43,1,20,QCF4_Hafs_20_W,QCF4_Hafs_20_W.ttf,
14,44,1,20,QCF4_Hafs_20_W,QCF4_Hafs_20_W.ttf,
14,45,1,20,QCF4_Hafs_20_W,QCF4_Hafs_20_W.ttf,
14,46,1,20,QCF4_Hafs_20_W,QCF4_Hafs_20_W.ttf,
14,47,1,20,QCF4_Hafs_20_W,QCF4_Hafs_20_W.ttf,
14,48,1,20,QCF4_Hafs_20_W,QCF4_Hafs_20_W.ttf,
14,49,1,20,QCF4_Hafs_20_W,QCF4_Hafs_20_W.ttf,
14,50,1,20,QCF4_Hafs_20_W,QCF4_Hafs_20_W.ttf,
14,51,1,20,QCF4_Hafs_20_W,QCF4_Hafs_20_W.ttf,
14,52,1,20,QCF4_Hafs_20_W,QCF4_Hafs_20_W.ttf,
15,1,1,20,QCF4_Hafs_20_W,QCF4_Hafs_20_W.ttf,
15,2,1,20,QCF4_Hafs_20_W,QCF4_Hafs_20_W.ttf,
15,3,1,20,QCF4_Hafs_20_W,QCF4_Hafs_20_W.ttf,
15,4,1,20,QCF4_Hafs_20_W,QCF4_Hafs_20_W.ttf,
15,5,1,20,QCF4_Hafs_20_W,QCF4_Hafs_20_W.ttf,
15,6,1,20,QCF4_Hafs_20_W,QCF4_Hafs_20_W.ttf,
15,7,1,20,QCF4_Hafs_20_W,QCF4_Hafs_20_W.ttf,
15,8,1,20,QCF4_Hafs_20_W,QCF4_Hafs_20_W.ttf,
15,9,1,20,QCF4_Hafs_20_W,QCF4_Hafs_20_W.ttf,
15,10,1,20,QCF4_Hafs_20_W,QCF4_Hafs_20_W.ttf,
15,11,1,20,QCF4_Hafs_20_W,QCF4_Hafs_20_W.ttf,
15,12,1,20,QCF4_Hafs_20_W,QCF4_Hafs_20_W.ttf,
15,13,1,20,QCF4_Hafs_20_W,QCF4_Hafs_20_W.ttf,
15,14,1,20,QCF4_Hafs_20_W,QCF4_Hafs_20_W.ttf,
15,15,1,20,QCF4_Hafs_20_W,QCF4_Hafs_20_W.ttf,
15,16,1,20,QCF4_Hafs_20_W,QCF4_Hafs_20_W.ttf,
15,17,1,20,QCF4_Hafs_20_W,QCF4_Hafs_20_W.ttf,
15,18,1,20,QCF4_Hafs_20_W,QCF4_Hafs_20_W.ttf,
15,19,1,20,QCF4_Hafs_20_W,QCF4_Hafs_20_W.ttf,
15,20,1,20,QCF4_Hafs_20_W,QCF4_Hafs_20_W.ttf,
15,21,1,20,QCF4_Hafs_20_W,QCF4_Hafs_20_W.ttf,
15,22,1,20,QCF4_Hafs_20_W,QCF4_Hafs_20_W.ttf,
15,23,1,20,QCF4_Hafs_20_W,QCF4_Hafs_20_W.ttf,
15,24,1,20,QCF4_Hafs_20_W,QCF4_Hafs_20_W.ttf,
15,25,1,20,QCF4_Hafs_20_W,QCF4_Hafs_20_W.ttf,
15,26,1,20,QCF4_Hafs_20_W,QCF4_Hafs_20_W.ttf,
15,27,1,20,QCF4_Hafs_20_W,QCF4_Hafs_20_W.ttf,
15,28,1,20,QCF4_Hafs_20_W,QCF4_Hafs_20_W.ttf,
15,29,1,20,QCF4_Hafs_20_W,QCF4_Hafs_20_W.ttf,
15,30,1,20,QCF4_Hafs_20_W,QCF4_Hafs_20_W.ttf,
15,31,1,20,QCF4_Hafs_20_W,QCF4_Hafs_20_W.ttf,
15,32,1,20,QCF4_Hafs_20_W,QCF4_Hafs_20_W.ttf,
15,33,1,20,QCF4_Hafs_20_W,QCF4_Hafs_20_W.ttf,
15,34,1,20,QCF4_Hafs_20_W,QCF4_Hafs_20_W.ttf,
15,35,1,20,QCF4_Hafs_20_W,QCF4_Hafs_20_W.ttf,
15,36,1,20,QCF4_Hafs_20_W,QCF4_Hafs_20_W.ttf,
15,37,1,20,QCF4_Hafs_20_W,QCF4_Hafs_20_W.ttf,
15,38,1,20,QCF4_Hafs_20_W,QCF4_Hafs_20_W.ttf,
15,39,1,20,QCF4_Hafs_20_W,QCF4_Hafs_20_W.ttf,
15,40,1,20,QCF4_Hafs_20_W,QCF4_Hafs_20_W.ttf,
15,41,1,20,QCF4_Hafs_20_W,QCF4_Hafs_20_W.ttf,
15,42,1,20,QCF4_Hafs_20_W,QCF4_Hafs_20_W.ttf,
15,43,1,20,QCF4_Hafs_20_W,QCF4_Hafs_20_W.ttf,
15,44,1,20,QCF4_Hafs_20_W,QCF4_Hafs_20_W.ttf,
15,45,1,20,QCF4_Hafs_20_W,QCF4_Hafs_20_W.ttf,
15,46,1,20,QCF4_Hafs_20_W,QCF4_Hafs_20_W.ttf,
15,47,1,20,QCF4_Hafs_20_W,QCF4_Hafs_20_W.ttf,
15,48,1,20,QCF4_Hafs_20_W,QCF4_Hafs_20_W.ttf,
15,49,1,20,QCF4_Hafs_20_W,QCF4_Hafs_20_W.ttf,
15,50,1,20,QCF4_Hafs_20_W,QCF4_Hafs_20_W.ttf,
15,51,1,20,QCF4_Hafs_20_W,QCF4_Hafs_20_W.ttf,
15,52,1,20,QCF4_Hafs_20_W,QCF4_Hafs_20_W.ttf,
15,53,1,20,QCF4_Hafs_20_W,QCF4_Hafs_20_W.ttf,
15,54,1,20,QCF4_Hafs_20_W,QCF4_Hafs_20_W.ttf,
15,55,1,20,QCF4_Hafs_20_W,QCF4_Hafs_20_W.ttf,
15,56,1,20,QCF4_Hafs_20_W,QCF4_Hafs_20_W.ttf,
15,57,1,20,QCF4_Hafs_20_W,QCF4_Hafs_20_W.ttf,
15,58,1,20,QCF4_Hafs_20_W,QCF4_Hafs_20_W.ttf,
15,59,1,20,QCF4_Hafs_20_W,QCF4_Hafs_20_W.ttf,
15,60,1,20,QCF4_Hafs_20_W,QCF4_Hafs_20_W.ttf,
15,61,1,20,QCF4_Hafs_20_W,QCF4_Hafs_20_W.ttf,
15,62,1,20,QCF4_Hafs_20_W,QCF4_Hafs_20_W.ttf,
15,63,1,20,QCF4_Hafs_20_W,QCF4_Hafs_20_W.ttf,
15,64,1,20,QCF4_Hafs_20_W,QCF4_Hafs_20_W.ttf,
15,65,1,20,QCF4_Hafs_20_W,QCF4_Hafs_20_W.ttf,
15,66,1,20,QCF4_Hafs_20_W,QCF4_Hafs_20_W.ttf,
15,67,1,20,QCF4_Hafs_20_W,QCF4_Hafs_20_W.ttf,
15,68,1,20,QCF4_Hafs_20_W,QCF4_Hafs_20_W.ttf,
15,69,1,20,QCF4_Hafs_20_W,QCF4_Hafs_20_W.ttf,
15,70,1,20,QCF4_Hafs_20_W,QCF4_Hafs_20_W.ttf,
15,71,1,21,QCF4_Hafs_21_W,QCF4_Hafs_21_W.ttf,
15,72,1,21,QCF4_Hafs_21_W,QCF4_Hafs_21_W.ttf,
15,73,1,21,QCF4_Hafs_21_W,QCF4_Hafs_21_W.ttf,
15,74,1,21,QCF4_Hafs_21_W,QCF4_Hafs_21_W.ttf,
15,75,1,21,QCF4_Hafs_21_W,QCF4_Hafs_21_W.ttf,
15,76,1,21,QCF4_Hafs_21_W,QCF4_Hafs_21_W.ttf,
15,77,1,21,QCF4_Hafs_21_W,QCF4_Hafs_21_W.ttf,
15,78,1,21,QCF4_Hafs_21_W,QCF4_Hafs_21_W.ttf,
15,79,1,21,QCF4_Hafs_21_W,QCF4_Hafs_21_W.ttf,
15,80,1,21,QCF4_Hafs_21_W,QCF4_Hafs_21_W.ttf,
15,81,1,21,QCF4_Hafs_21_W,QCF4_Hafs_21_W.ttf,
15,82,1,21,QCF4_Hafs_21_W,QCF4_Hafs_21_W.ttf,
15,83,1,21,QCF4_Hafs_21_W,QCF4_Hafs_21_W.ttf,
15,84,1,21,QCF4_Hafs_21_W,QCF4_Hafs_21_W.ttf,
15,85,1,21,QCF4_Hafs_21_W,QCF4_Hafs_21_W.ttf,
15,86,1,21,QCF4_Hafs_21_W,QCF4_Hafs_21_W.ttf,
15,87,1,21,QCF4_Hafs_21_W,QCF4_Hafs_21_W.ttf,
15,88,1,21,QCF4_Hafs_21_W,QCF4_Hafs_21_W.ttf,
15,89,1,21,QCF4_Hafs_21_W,QCF4_Hafs_21_W.ttf,
15,90,1,21,QCF4_Hafs_21_W,QCF4_Hafs_21_W.ttf,
15,91,1,21,QCF4_Hafs_21_W,QCF4_Hafs_21_W.ttf,
15,92,1,21,QCF4_Hafs_21_W,QCF4_Hafs_21_W.ttf,
15,93,1,21,QCF4_Hafs_21_W,QCF4_Hafs_21_W.ttf,
15,94,1,21,QCF4_Hafs_21_W,QCF4_Hafs_21_W.ttf,
15,95,1,21,QCF4_Hafs_21_W,QCF4_Hafs_21_W.ttf,
15,96,1,21,QCF4_Hafs_21_W,QCF4_Hafs_21_W.ttf,
15,97,1,21,QCF4_Hafs_21_W,QCF4_Hafs_21_W.ttf,
15,98,1,21,QCF4_Hafs_21_W,QCF4_Hafs_21_W.ttf,
15,99,1,21,QCF4_Hafs_21_W,QCF4_Hafs_21_W.ttf,
16,1,1,21,QCF4_Hafs_21_W,QCF4_Hafs_21_W.ttf,
16,2,1,21,QCF4_Hafs_21_W,QCF4_Hafs_21_W.ttf,
16,3,1,21,QCF4_Hafs_21_W,QCF4_Hafs_21_W.ttf,
16,4,1,21,QCF4_Hafs_21_W,QCF4_Hafs_21_W.ttf,
16,5,1,21,QCF4_Hafs_21_W,QCF4_Hafs_21_W.ttf,
16,6,1,21,QCF4_Hafs_21_W,QCF4_Hafs_21_W.ttf,
16,7,1,21,QCF4_Hafs_21_W,QCF4_Hafs_21_W.ttf,
16,8,1,21,QCF4_Hafs_21_W,QCF4_Hafs_21_W.ttf,
16,9,1,21,QCF4_Hafs_21_W,QCF4_Hafs_21_W.ttf,
16,10,1,21,QCF4_Hafs_21_W,QCF4_Hafs_21_W.ttf,
16,11,1,21,QCF4_Hafs_21_W,QCF4_Hafs_21_W.ttf,
16,12,1,21,QCF4_Hafs_21_W,QCF4_Hafs_21_W.ttf,
16,13,1,21,QCF4_Hafs_21_W,QCF4_Hafs_21_W.ttf,
16,14,1,21,QCF4_Hafs_21_W,QCF4_Hafs_21_W.ttf,
16,15,1,21,QCF4_Hafs_21_W,QCF4_Hafs_21_W.ttf,
16,16,1,21,QCF4_Hafs_21_W,QCF4_Hafs_21_W.ttf,
16,17,1,21,QCF4_Hafs_21_W,QCF4_Hafs_21_W.ttf,
16,18,1,21,QCF4_Hafs_21_W,QCF4_Hafs_21_W.ttf,
16,19,1,21,QCF4_Hafs_21_W,QCF4_Hafs_21_W.ttf,
16,20,1,21,QCF4_Hafs_21_W,QCF4_Hafs_21_W.ttf,
16,21,1,21,QCF4_Hafs_21_W,QCF4_Hafs_21_W.ttf,
16,22,1,21,QCF4_Hafs_21_W,QCF4_Hafs_21_W.ttf,
16,23,1,21,QCF4_Hafs_21_W,QCF4_Hafs_21_W.ttf,
16,24,1,21,QCF4_Hafs_21_W,QCF4_Hafs_21_W.ttf,
16,25,1,21,QCF4_Hafs_21_W,QCF4_Hafs_21_W.ttf,
16,26,1,21,QCF4_Hafs_21_W,QCF4_Hafs_21_W.ttf,
16,27,1,21,QCF4_Hafs_21_W,QCF4_Hafs_21_W.ttf,
16,28,1,21,QCF4_Hafs_21_W,QCF4_Hafs_21_W.ttf,
16,29,1,21,QCF4_Hafs_21_W,QCF4_Hafs_21_W.ttf,
16,30,1,21,QCF4_Hafs_21_W,QCF4_Hafs_21_W.ttf,
16,31,1,21,QCF4_Hafs_21_W,QCF4_Hafs_21_W.ttf,
16,32,1,21,QCF4_Hafs_21_W,QCF4_Hafs_21_W.ttf,
16,33,1,21,QCF4_Hafs_21_W,QCF4_Hafs_21_W.ttf,
16,34,1,21,QCF4_Hafs_21_W,QCF4_Hafs_21_W.ttf,
16,35,1,21,QCF4_Hafs_21_W,QCF4_Hafs_21_W.ttf,
16,36,1,21,QCF4_Hafs_21_W,QCF4_Hafs_21_W.ttf,
16,37,1,21,QCF4_Hafs_21_W,QCF4_Hafs_21_W.ttf,
16,38,1,21,QCF4_Hafs_21_W,QCF4_Hafs_21_W.ttf,
16,39,1,21,QCF4_Hafs_21_W,QCF4_Hafs_21_W.ttf,
16,40,1,21,QCF4_Hafs_21_W,QCF4_Hafs_21_W.ttf,
16,41,1,21,QCF4_Hafs_21_W,QCF4_Hafs_21_W.ttf,
16,42,1,21,QCF4_Hafs_21_W,QCF4_Hafs_21_W.ttf,
16,43,1,21,QCF4_Hafs_21_W,QCF4_Hafs_21_W.ttf,
16,44,1,21,QCF4_Hafs_21_W,QCF4_Hafs_21_W.ttf,
16,45,1,21,QCF4_Hafs_21_W,QCF4_Hafs_21_W.ttf,
16,46,1,21,QCF4_Hafs_21_W,QCF4_Hafs_21_W.ttf,
16,47,1,21,QCF4_Hafs_21_W,QCF4_Hafs_21_W.ttf,
16,48,1,21,QCF4_Hafs_21_W,QCF4_Hafs_21_W.ttf,
16,49,1,21,QCF4_Hafs_21_W,QCF4_Hafs_21_W.ttf,
16,50,1,21,QCF4_Hafs_21_W,QCF4_Hafs_21_W.ttf,
16,51,1,21,QCF4_Hafs_21_W,QCF4_Hafs_21_W.ttf,
16,52,1,21,QCF4_Hafs_21_W,QCF4_Hafs_21_W.ttf,
16,53,1,21,QCF4_Hafs_21_W,QCF4_Hafs_21_W.ttf,
16,54,1,21,QCF4_Hafs_21_W,QCF4_Hafs_21_W.ttf,
16,55,1,21,QCF4_Hafs_21_W,QCF4_Hafs_21_W.ttf,
16,56,1,21,QCF4_Hafs_21_W,QCF4_Hafs_21_W.ttf,
16,57,1,21,QCF4_Hafs_21_W,QCF4_Hafs_21_W.ttf,
16,58,1,21,QCF4_Hafs_21_W,QCF4_Hafs_21_W.ttf,
16,59,1,21,QCF4_Hafs_21_W,QCF4_Hafs_21_W.ttf,
16,60,1,21,QCF4_Hafs_21_W,QCF4_Hafs_21_W.ttf,
16,61,1,21,QCF4_Hafs_21_W,QCF4_Hafs_21_W.ttf,
16,62,1,21,QCF4_Hafs_21_W,QCF4_Hafs_21_W.ttf,
16,63,1,21,QCF4_Hafs_21_W,QCF4_Hafs_21_W.ttf,
16,64,1,21,QCF4_Hafs_21_W,QCF4_Hafs_21_W.ttf,
16,65,1,21,QCF4_Hafs_21_W,QCF4_Hafs_21_W.ttf,
16,66,1,21,QCF4_Hafs_21_W,QCF4_Hafs_21_W.ttf,
16,67,1,21,QCF4_Hafs_21_W,QCF4_Hafs_21_W.ttf,
16,68,1,21,QCF4_Hafs_21_W,QCF4_Hafs_21_W.ttf,
16,69,1,21,QCF4_Hafs_21_W,QCF4_Hafs_21_W.ttf,
16,70,1,21,QCF4_Hafs_21_W,QCF4_Hafs_21_W.ttf,
16,71,1,21,QCF4_Hafs_21_W,QCF4_Hafs_21_W.ttf,
16,72,1,21,QCF4_Hafs_21_W,QCF4_Hafs_21_W.ttf,
16,73,1,21,QCF4_Hafs_21_W,QCF4_Hafs_21_W.ttf,
16,74,1,21,QCF4_Hafs_21_W,QCF4_Hafs_21_W.ttf,
16,75,1,21,QCF4_Hafs_21_W,QCF4_Hafs_21_W.ttf,
16,76,1,21,QCF4_Hafs_21_W,QCF4_Hafs_21_W.ttf,
16,77,1,21,QCF4_Hafs_21_W,QCF4_Hafs_21_W.ttf,
16,78,1,21,QCF4_Hafs_21_W,QCF4_Hafs_21_W.ttf,
16,79,1,21,QCF4_Hafs_21_W,QCF4_Hafs_21_W.ttf,
16,80,1,21,QCF4_Hafs_21_W,QCF4_Hafs_21_W.ttf,
16,81,1,21,QCF4_Hafs_21_W,QCF4_Hafs_21_W.ttf,
16,82,1,21,QCF4_Hafs_21_W,QCF4_Hafs_21_W.ttf,
16,83,1,21,QCF4_Hafs_21_W,QCF4_Hafs_21_W.ttf,
16,84,1,21,QCF4_Hafs_21_W,QCF4_Hafs_21_W.ttf,
16,85,1,21,QCF4_Hafs_21_W,QCF4_Hafs_21_W.ttf,
16,86,1,21,QCF4_Hafs_21_W,QCF4_Hafs_21_W.ttf,
16,87,1,21,QCF4_Hafs_21_W,QCF4_Hafs_21_W.ttf,
16,88,1,21,QCF4_Hafs_21_W,QCF4_Hafs_21_W.ttf,
16,89,1,21,QCF4_Hafs_21_W,QCF4_Hafs_21_W.ttf,
16,90,1,21,QCF4_Hafs_21_W,QCF4_Hafs_21_W.ttf,
16,91,1,21,QCF4_Hafs_21_W,QCF4_Hafs_21_W.ttf,
16,92,1,21,QCF4_Hafs_21_W,QCF4_Hafs_21_W.ttf,
16,93,1,21,QCF4_Hafs_21_W,QCF4_Hafs_21_W.ttf,
16,94,1,21,QCF4_Hafs_21_W,QCF4_Hafs_21_W.ttf,
16,95,1,21,QCF4_Hafs_21_W,QCF4_Hafs_21_W.ttf,
16,96,1,21,QCF4_Hafs_21_W,QCF4_Hafs_21_W.ttf,
16,97,1,21,QCF4_Hafs_21_W,QCF4_Hafs_21_W.ttf,
16,98,1,21,QCF4_Hafs_21_W,QCF4_Hafs_21_W.ttf,
16,99,1,21,QCF4_Hafs_21_W,QCF4_Hafs_21_W.ttf,
16,100,1,21,QCF4_Hafs_21_W,QCF4_Hafs_21_W.ttf,
16,101,1,21,QCF4_Hafs_21_W,QCF4_Hafs_21_W.ttf,
16,102,1,21,QCF4_Hafs_21_W,QCF4_Hafs_21_W.ttf,
16,103,1,22,QCF4_Hafs_22_W,QCF4_Hafs_22_W.ttf,
16,104,1,22,QCF4_Hafs_22_W,QCF4_Hafs_22_W.ttf,
16,105,1,22,QCF4_Hafs_22_W,QCF4_Hafs_22_W.ttf,
16,106,1,22,QCF4_Hafs_22_W,QCF4_Hafs_22_W.ttf,
16,107,1,22,QCF4_Hafs_22_W,QCF4_Hafs_22_W.ttf,
16,108,1,22,QCF4_Hafs_22_W,QCF4_Hafs_22_W.ttf,
16,109,1,22,QCF4_Hafs_22_W,QCF4_Hafs_22_W.ttf,
16,110,1,22,QCF4_Hafs_22_W,QCF4_Hafs_22_W.ttf,
16,111,1,22,QCF4_Hafs_22_W,QCF4_Hafs_22_W.ttf,
16,112,1,22,QCF4_Hafs_22_W,QCF4_Hafs_22_W.ttf,
16,113,1,22,QCF4_Hafs_22_W,QCF4_Hafs_22_W.ttf,
16,114,1,22,QCF4_Hafs_22_W,QCF4_Hafs_22_W.ttf,
16,115,1,22,QCF4_Hafs_22_W,QCF4_Hafs_22_W.ttf,
16,116,1,22,QCF4_Hafs_22_W,QCF4_Hafs_22_W.ttf,
16,117,1,22,QCF4_Hafs_22_W,QCF4_Hafs_22_W.ttf,
16,118,1,22,QCF4_Hafs_22_W,QCF4_Hafs_22_W.ttf,
16,119,1,22,QCF4_Hafs_22_W,QCF4_Hafs_22_W.ttf,
16,120,1,22,QCF4_Hafs_22_W,QCF4_Hafs_22_W.ttf,
16,121,1,22,QCF4_Hafs_22_W,QCF4_Hafs_22_W.ttf,
16,122,1,22,QCF4_Hafs_22_W,QCF4_Hafs_22_W.ttf,
16,123,1,22,QCF4_Hafs_22_W,QCF4_Hafs_22_W.ttf,
16,124,1,22,QCF4_Hafs_22_W,QCF4_Hafs_22_W.ttf,
16,125,1,22,QCF4_Hafs_22_W,QCF4_Hafs_22_W.ttf,
16,126,1,22,QCF4_Hafs_22_W,QCF4_Hafs_22_W.ttf,
16,127,1,22,QCF4_Hafs_22_W,QCF4_Hafs_22_W.ttf,
16,128,1,22,QCF4_Hafs_22_W,QCF4_Hafs_22_W.ttf,
17,1,1,22,QCF4_Hafs_22_W,QCF4_Hafs_22_W.ttf,
17,2,1,22,QCF4_Hafs_22_W,QCF4_Hafs_22_W.ttf,
17,3,1,22,QCF4_Hafs_22_W,QCF4_Hafs_22_W.ttf,
17,4,1,22,QCF4_Hafs_22_W,QCF4_Hafs_22_W.ttf,
17,5,1,22,QCF4_Hafs_22_W,QCF4_Hafs_22_W.ttf,
17,6,1,22,QCF4_Hafs_22_W,QCF4_Hafs_22_W.ttf,
17,7,1,22,QCF4_Hafs_22_W,QCF4_Hafs_22_W.ttf,
17,8,1,22,QCF4_Hafs_22_W,QCF4_Hafs_22_W.ttf,
17,9,1,22,QCF4_Hafs_22_W,QCF4_Hafs_22_W.ttf,
17,10,1,22,QCF4_Hafs_22_W,QCF4_Hafs_22_W.ttf,
17,11,1,22,QCF4_Hafs_22_W,QCF4_Hafs_22_W.ttf,
17,12,1,22,QCF4_Hafs_22_W,QCF4_Hafs_22_W.ttf,
17,13,1,22,QCF4_Hafs_22_W,QCF4_Hafs_22_W.ttf,
17,14,1,22,QCF4_Hafs_22_W,QCF4_Hafs_22_W.ttf,
17,15,1,22,QCF4_Hafs_22_W,QCF4_Hafs_22_W.ttf,
17,16,1,22,QCF4_Hafs_22_W,QCF4_Hafs_22_W.ttf,
17,17,1,22,QCF4_Hafs_22_W,QCF4_Hafs_22_W.ttf,
17,18,1,22,QCF4_Hafs_22_W,QCF4_Hafs_22_W.ttf,
17,19,1,22,QCF4_Hafs_22_W,QCF4_Hafs_22_W.ttf,
17,20,1,22,QCF4_Hafs_22_W,QCF4_Hafs_22_W.ttf,
17,21,1,22,QCF4_Hafs_22_W,QCF4_Hafs_22_W.ttf,
17,22,1,22,QCF4_Hafs_22_W,QCF4_Hafs_22_W.ttf,
17,23,1,22,QCF4_Hafs_22_W,QCF4_Hafs_22_W.ttf,
17,24,1,22,QCF4_Hafs_22_W,QCF4_Hafs_22_W.ttf,
17,25,1,22,QCF4_Hafs_22_W,QCF4_Hafs_22_W.ttf,
17,26,1,22,QCF4_Hafs_22_W,QCF4_Hafs_22_W.ttf,
17,27,1,22,QCF4_Hafs_22_W,QCF4_Hafs_22_W.ttf,
17,28,1,22,QCF4_Hafs_22_W,QCF4_Hafs_22_W.ttf,
17,29,1,22,QCF4_Hafs_22_W,QCF4_Hafs_22_W.ttf,
17,30,1,22,QCF4_Hafs_22_W,QCF4_Hafs_22_W.ttf,
17,31,1,22,QCF4_Hafs_22_W,QCF4_Hafs_22_W.ttf,
17,32,1,22,QCF4_Hafs_22_W,QCF4_Hafs_22_W.ttf,
17,33,1,22,QCF4_Hafs_22_W,QCF4_Hafs_22_W.ttf,
17,34,1,22,QCF4_Hafs_22_W,QCF4_Hafs_22_W.ttf,
17,35,1,22,QCF4_Hafs_22_W,QCF4_Hafs_22_W.ttf,
17,36,1,22,QCF4_Hafs_22_W,QCF4_Hafs_22_W.ttf,
17,37,1,22,QCF4_Hafs_22_W,QCF4_Hafs_22_W.ttf,
17,38,1,22,QCF4_Hafs_22_W,QCF4_Hafs_22_W.ttf,
17,39,1,22,QCF4_Hafs_22_W,QCF4_Hafs_22_W.ttf,
17,40,1,22,QCF4_Hafs_22_W,QCF4_Hafs_22_W.ttf,
17,41,1,22,QCF4_Hafs_22_W,QCF4_Hafs_22_W.ttf,
17,42,1,22,QCF4_Hafs_22_W,QCF4_Hafs_22_W.ttf,
17,43,1,22,QCF4_Hafs_22_W,QCF4_Hafs_22_W.ttf,
17,44,1,22,QCF4_Hafs_22_W,QCF4_Hafs_22_W.ttf,
17,45,1,22,QCF4_Hafs_22_W,QCF4_Hafs_22_W.ttf,
17,46,1,22,QCF4_Hafs_22_W,QCF4_Hafs_22_W.ttf,
17,47,1,22,QCF4_Hafs_22_W,QCF4_Hafs_22_W.ttf,
17,48,1,22,QCF4_Hafs_22_W,QCF4_Hafs_22_W.ttf,
17,49,1,22,QCF4_Hafs_22_W,QCF4_Hafs_22_W.ttf,
17,50,1,22,QCF4_Hafs_22_W,QCF4_Hafs_22_W.ttf,
17,51,1,22,QCF4_Hafs_22_W,QCF4_Hafs_22_W.ttf,
17,52,1,22,QCF4_Hafs_22_W,QCF4_Hafs_22_W.ttf,
17,53,1,22,QCF4_Hafs_22_W,QCF4_Hafs_22_W.ttf,
17,54,1,22,QCF4_Hafs_22_W,QCF4_Hafs_22_W.ttf,
17,55,1,22,QCF4_Hafs_22_W,QCF4_Hafs_22_W.ttf,
17,56,1,22,QCF4_Hafs_22_W,QCF4_Hafs_22_W.ttf,
17,57,1,22,QCF4_Hafs_22_W,QCF4_Hafs_22_W.ttf,
17,58,1,22,QCF4_Hafs_22_W,QCF4_Hafs_22_W.ttf,
17,59,1,22,QCF4_Hafs_22_W,QCF4_Hafs_22_W.ttf,
17,60,1,22,QCF4_Hafs_22_W,QCF4_Hafs_22_W.ttf,
17,61,1,22,QCF4_Hafs_22_W,QCF4_Hafs_22_W.ttf,
17,62,1,22,QCF4_Hafs_22_W,QCF4_Hafs_22_W.ttf,
17,63,1,22,QCF4_Hafs_22_W,QCF4_Hafs_22_W.ttf,
17,64,1,22,QCF4_Hafs_22_W,QCF4_Hafs_22_W.ttf,
17,65,1,22,QCF4_Hafs_22_W,QCF4_Hafs_22_W.ttf,
17,66,1,22,QCF4_Hafs_22_W,QCF4_Hafs_22_W.ttf,
17,67,1,22,QCF4_Hafs_22_W,QCF4_Hafs_22_W.ttf,
17,68,1,22,QCF4_Hafs_22_W,QCF4_Hafs_22_W.ttf,
17,69,1,22,QCF4_Hafs_22_W,QCF4_Hafs_22_W.ttf,
17,70,1,22,QCF4_Hafs_22_W,QCF4_Hafs_22_W.ttf,
17,71,1,22,QCF4_Hafs_22_W,QCF4_Hafs_22_W.ttf,
17,72,1,22,QCF4_Hafs_22_W,QCF4_Hafs_22_W.ttf,
17,73,1,22,QCF4_Hafs_22_W,QCF4_Hafs_22_W.ttf,
17,74,1,22,QCF4_Hafs_22_W,QCF4_Hafs_22_W.ttf,
17,75,1,22,QCF4_Hafs_22_W,QCF4_Hafs_22_W.ttf,
17,76,1,22,QCF4_Hafs_22_W,QCF4_Hafs_22_W.ttf,
17,77,1,22,QCF4_Hafs_22_W,QCF4_Hafs_22_W.ttf,
17,78,1,22,QCF4_Hafs_22_W,QCF4_Hafs_22_W.ttf,
17,79,1,22,QCF4_Hafs_22_W,QCF4_Hafs_22_W.ttf,
17,80,1,22,QCF4_Hafs_22_W,QCF4_Hafs_22_W.ttf,
17,81,1,22,QCF4_Hafs_22_W,QCF4_Hafs_22_W.ttf,
17,82,1,22,QCF4_Hafs_22_W,QCF4_Hafs_22_W.ttf,
17,83,1,22,QCF4_Hafs_22_W,QCF4_Hafs_22_W.ttf,
17,84,1,22,QCF4_Hafs_22_W,QCF4_Hafs_22_W.ttf,
17,85,1,22,QCF4_Hafs_22_W,QCF4_Hafs_22_W.ttf,
17,86,1,22,QCF4_Hafs_22_W,QCF4_Hafs_22_W.ttf,
17,87,1,22,QCF4_Hafs_22_W,QCF4_Hafs_22_W.ttf,
17,88,1,22,QCF4_Hafs_22_W,QCF4_Hafs_22_W.ttf,
17,89,1,22,QCF4_Hafs_22_W,QCF4_Hafs_22_W.ttf,
17,90,1,22,QCF4_Hafs_22_W,QCF4_Hafs_22_W.ttf,
17,91,1,22,QCF4_Hafs_22_W,QCF4_Hafs_22_W.ttf,
17,92,1,22,QCF4_Hafs_22_W,QCF4_Hafs_22_W.ttf,
17,93,1,22,QCF4_Hafs_22_W,QCF4_Hafs_22_W.ttf,
17,94,1,22,QCF4_Hafs_22_W,QCF4_Hafs_22_W.ttf,
17,95,1,22,QCF4_Hafs_22_W,QCF4_Hafs_22_W.ttf,
17,96,1,22,QCF4_Hafs_22_W,QCF4_Hafs_22_W.ttf,
17,97,1,23,QCF4_Hafs_23_W,QCF4_Hafs_23_W.ttf,
17,98,1,23,QCF4_Hafs_23_W,QCF4_Hafs_23_W.ttf,
17,99,1,23,QCF4_Hafs_23_W,QCF4_Hafs_23_W.ttf,
17,100,1,23,QCF4_Hafs_23_W,QCF4_Hafs_23_W.ttf,
17,101,1,23,QCF4_Hafs_23_W,QCF4_Hafs_23_W.ttf,
17,102,1,23,QCF4_Hafs_23_W,QCF4_Hafs_23_W.ttf,
17,103,1,23,QCF4_Hafs_23_W,QCF4_Hafs_23_W.ttf,
17,104,1,23,QCF4_Hafs_23_W,QCF4_Hafs_23_W.ttf,
17,105,1,23,QCF4_Hafs_23_W,QCF4_Hafs_23_W.ttf,
17,106,1,23,QCF4_Hafs_23_W,QCF4_Hafs_23_W.ttf,
17,107,1,23,QCF4_Hafs_23_W,QCF4_Hafs_23_W.ttf,
17,108,1,23,QCF4_Hafs_23_W,QCF4_Hafs_23_W.ttf,
17,109,1,23,QCF4_Hafs_23_W,QCF4_Hafs_23_W.ttf,
17,110,1,23,QCF4_Hafs_23_W,QCF4_Hafs_23_W.ttf,
17,111,1,23,QCF4_Hafs_23_W,QCF4_Hafs_23_W.ttf,
18,1,1,23,QCF4_Hafs_23_W,QCF4_Hafs_23_W.ttf,
18,2,1,23,QCF4_Hafs_23_W,QCF4_Hafs_23_W.ttf,
18,3,1,23,QCF4_Hafs_23_W,QCF4_Hafs_23_W.ttf,
18,4,1,23,QCF4_Hafs_23_W,QCF4_Hafs_23_W.ttf,
18,5,1,23,QCF4_Hafs_23_W,QCF4_Hafs_23_W.ttf,
18,6,1,23,QCF4_Hafs_23_W,QCF4_Hafs_23_W.ttf,
18,7,1,23,QCF4_Hafs_23_W,QCF4_Hafs_23_W.ttf,
18,8,1,23,QCF4_Hafs_23_W,QCF4_Hafs_23_W.ttf,
18,9,1,23,QCF4_Hafs_23_W,QCF4_Hafs_23_W.ttf,
18,10,1,23,QCF4_Hafs_23_W,QCF4_Hafs_23_W.ttf,
18,11,1,23,QCF4_Hafs_23_W,QCF4_Hafs_23_W.ttf,
18,12,1,23,QCF4_Hafs_23_W,QCF4_Hafs_23_W.ttf,
18,13,1,23,QCF4_Hafs_23_W,QCF4_Hafs_23_W.ttf,
18,14,1,23,QCF4_Hafs_23_W,QCF4_Hafs_23_W.ttf,
18,15,1,23,QCF4_Hafs_23_W,QCF4_Hafs_23_W.ttf,
18,16,1,23,QCF4_Hafs_23_W,QCF4_Hafs_23_W.ttf,
18,17,1,23,QCF4_Hafs_23_W,QCF4_Hafs_23_W.ttf,
18,18,1,23,QCF4_Hafs_23_W,QCF4_Hafs_23_W.ttf,
18,19,1,23,QCF4_Hafs_23_W,QCF4_Hafs_23_W.ttf,
18,20,1,23,QCF4_Hafs_23_W,QCF4_Hafs_23_W.ttf,
18,21,1,23,QCF4_Hafs_23_W,QCF4_Hafs_23_W.ttf,
18,22,1,23,QCF4_Hafs_23_W,QCF4_Hafs_23_W.ttf,
18,23,1,23,QCF4_Hafs_23_W,QCF4_Hafs_23_W.ttf,
18,24,1,23,QCF4_Hafs_23_W,QCF4_Hafs_23_W.ttf,
18,25,1,23,QCF4_Hafs_23_W,QCF4_Hafs_23_W.ttf,
18,26,1,23,QCF4_Hafs_23_W,QCF4_Hafs_23_W.ttf,
18,27,1,23,QCF4_Hafs_23_W,QCF4_Hafs_23_W.ttf,
18,28,1,23,QCF4_Hafs_23_W,QCF4_Hafs_23_W.ttf,
18,29,1,23,QCF4_Hafs_23_W,QCF4_Hafs_23_W.ttf,
18,30,1,23,QCF4_Hafs_23_W,QCF4_Hafs_23_W.ttf,
18,31,1,23,QCF4_Hafs_23_W,QCF4_Hafs_23_W.ttf,
18,32,1,23,QCF4_Hafs_23_W,QCF4_Hafs_23_W.ttf,
18,33,1,23,QCF4_Hafs_23_W,QCF4_Hafs_23_W.ttf,
18,34,1,23,QCF4_Hafs_23_W,QCF4_Hafs_23_W.ttf,
18,35,1,23,QCF4_Hafs_23_W,QCF4_Hafs_23_W.ttf,
18,36,1,23,QCF4_Hafs_23_W,QCF4_Hafs_23_W.ttf,
18,37,1,23,QCF4_Hafs_23_W,QCF4_Hafs_23_W.ttf,
18,38,1,23,QCF4_Hafs_23_W,QCF4_Hafs_23_W.ttf,
18,39,1,23,QCF4_Hafs_23_W,QCF4_Hafs_23_W.ttf,
18,40,1,23,QCF4_Hafs_23_W,QCF4_Hafs_23_W.ttf,
18,41,1,23,QCF4_Hafs_23_W,QCF4_Hafs_23_W.ttf,
18,42,1,23,QCF4_Hafs_23_W,QCF4_Hafs_23_W.ttf,
18,43,1,23,QCF4_Hafs_23_W,QCF4_Hafs_23_W.ttf,
18,44,1,23,QCF4_Hafs_23_W,QCF4_Hafs_23_W.ttf,
18,45,1,23,QCF4_Hafs_23_W,QCF4_Hafs_23_W.ttf,
18,46,1,23,QCF4_Hafs_23_W,QCF4_Hafs_23_W.ttf,
18,47,1,23,QCF4_Hafs_23_W,QCF4_Hafs_23_W.ttf,
18,48,1,23,QCF4_Hafs_23_W,QCF4_Hafs_23_W.ttf,
18,49,1,23,QCF4_Hafs_23_W,QCF4_Hafs_23_W.ttf,
18,50,1,23,QCF4_Hafs_23_W,QCF4_Hafs_23_W.ttf,
18,51,1,23,QCF4_Hafs_23_W,QCF4_Hafs_23_W.ttf,
18,52,1,23,QCF4_Hafs_23_W,QCF4_Hafs_23_W.ttf,
18,53,1,23,QCF4_Hafs_23_W,QCF4_Hafs_23_W.ttf,
18,54,1,23,QCF4_Hafs_23_W,QCF4_Hafs_23_W.ttf,
18,55,1,23,QCF4_Hafs_23_W,QCF4_Hafs_23_W.ttf,
18,56,1,23,QCF4_Hafs_23_W,QCF4_Hafs_23_W.ttf,
18,57,1,23,QCF4_Hafs_23_W,QCF4_Hafs_23_W.ttf,
18,58,1,23,QCF4_Hafs_23_W,QCF4_Hafs_23_W.ttf,
18,59,1,23,QCF4_Hafs_23_W,QCF4_Hafs_23_W.ttf,
18,60,1,23,QCF4_Hafs_23_W,QCF4_Hafs_23_W.ttf,
18,61,1,23,QCF4_Hafs_23_W,QCF4_Hafs_23_W.ttf,
18,62,1,23,QCF4_Hafs_23_W,QCF4_Hafs_23_W.ttf,
18,63,1,23,QCF4_Hafs_23_W,QCF4_Hafs_23_W.ttf,
18,64,1,23,QCF4_Hafs_23_W,QCF4_Hafs_23_W.ttf,
18,65,1,23,QCF4_Hafs_23_W,QCF4_Hafs_23_W.ttf,
18,66,1,23,QCF4_Hafs_23_W,QCF4_Hafs_23_W.ttf,
18,67,1,23,QCF4_Hafs_23_W,QCF4_Hafs_23_W.ttf,
18,68,1,23,QCF4_Hafs_23_W,QCF4_Hafs_23_W.ttf,
18,69,1,23,QCF4_Hafs_23_W,QCF4_Hafs_23_W.ttf,
18,70,1,23,QCF4_Hafs_23_W,QCF4_Hafs_23_W.ttf,
18,71,1,23,QCF4_Hafs_23_W,QCF4_Hafs_23_W.ttf,
18,72,1,23,QCF4_Hafs_23_W,QCF4_Hafs_23_W.ttf,
18,73,1,23,QCF4_Hafs_23_W,QCF4_Hafs_23_W.ttf,
18,74,1,23,QCF4_Hafs_23_W,QCF4_Hafs_23_W.ttf,
18,75,1,23,QCF4_Hafs_23_W,QCF4_Hafs_23_W.ttf,
18,76,1,23,QCF4_Hafs_23_W,QCF4_Hafs_23_W.ttf,
18,77,1,23,QCF4_Hafs_23_W,QCF4_Hafs_23_W.ttf,
18,78,1,23,QCF4_Hafs_23_W,QCF4_Hafs_23_W.ttf,
18,79,1,23,QCF4_Hafs_23_W,QCF4_Hafs_23_W.ttf,
18,80,1,23,QCF4_Hafs_23_W,QCF4_Hafs_23_W.ttf,
18,81,1,23,QCF4_Hafs_23_W,QCF4_Hafs_23_W.ttf,
18,82,1,23,QCF4_Hafs_23_W,QCF4_Hafs_23_W.ttf,
18,83,1,23,QCF4_Hafs_23_W,QCF4_Hafs_23_W.ttf,
18,84,1,23,QCF4_Hafs_23_W,QCF4_Hafs_23_W.ttf,
18,85,1,23,QCF4_Hafs_23_W,QCF4_Hafs_23_W.ttf,
18,86,1,23,QCF4_Hafs_23_W,QCF4_Hafs_23_W.ttf,
18,87,1,23,QCF4_Hafs_23_W,QCF4_Hafs_23_W.ttf,
18,88,1,23,QCF4_Hafs_23_W,QCF4_Hafs_23_W.ttf,
18,89,1,23,QCF4_Hafs_23_W,QCF4_Hafs_23_W.ttf,
18,90,1,23,QCF4_Hafs_23_W,QCF4_Hafs_23_W.ttf,
18,91,1,23,QCF4_Hafs_23_W,QCF4_Hafs_23_W.ttf,
18,92,1,23,QCF4_Hafs_23_W,QCF4_Hafs_23_W.ttf,
18,93,1,23,QCF4_Hafs_23_W,QCF4_Hafs_23_W.ttf,
18,94,1,23,QCF4_Hafs_23_W,QCF4_Hafs_23_W.ttf,
18,95,1,23,QCF4_Hafs_23_W,QCF4_Hafs_23_W.ttf,
18,96,1,23,QCF4_Hafs_23_W,QCF4_Hafs_23_W.ttf,
18,97,1,23,QCF4_Hafs_23_W,QCF4_Hafs_23_W.ttf,
18,98,1,24,QCF4_Hafs_24_W,QCF4_Hafs_24_W.ttf,
18,99,1,24,QCF4_Hafs_24_W,QCF4_Hafs_24_W.ttf,
18,100,1,24,QCF4_Hafs_24_W,QCF4_Hafs_24_W.ttf,
18,101,1,24,QCF4_Hafs_24_W,QCF4_Hafs_24_W.ttf,
18,102,1,24,QCF4_Hafs_24_W,QCF4_Hafs_24_W.ttf,
18,103,1,24,QCF4_Hafs_24_W,QCF4_Hafs_24_W.ttf,
18,104,1,24,QCF4_Hafs_24_W,QCF4_Hafs_24_W.ttf,
18,105,1,24,QCF4_Hafs_24_W,QCF4_Hafs_24_W.ttf,
18,106,1,24,QCF4_Hafs_24_W,QCF4_Hafs_24_W.ttf,
18,107,1,24,QCF4_Hafs_24_W,QCF4_Hafs_24_W.ttf,
18,108,1,24,QCF4_Hafs_24_W,QCF4_Hafs_24_W.ttf,
18,109,1,24,QCF4_Hafs_24_W,QCF4_Hafs_24_W.ttf,
18,110,1,24,QCF4_Hafs_24_W,QCF4_Hafs_24_W.ttf,
19,1,1,24,QCF4_Hafs_24_W,QCF4_Hafs_24_W.ttf,
19,2,1,24,QCF4_Hafs_24_W,QCF4_Hafs_24_W.ttf,
19,3,1,24,QCF4_Hafs_24_W,QCF4_Hafs_24_W.ttf,
19,4,1,24,QCF4_Hafs_24_W,QCF4_Hafs_24_W.ttf,
19,5,1,24,QCF4_Hafs_24_W,QCF4_Hafs_24_W.ttf,
19,6,1,24,QCF4_Hafs_24_W,QCF4_Hafs_24_W.ttf,
19,7,1,24,QCF4_Hafs_24_W,QCF4_Hafs_24_W.ttf,
19,8,1,24,QCF4_Hafs_24_W,QCF4_Hafs_24_W.ttf,
19,9,1,24,QCF4_Hafs_24_W,QCF4_Hafs_24_W.ttf,
19,10,1,24,QCF4_Hafs_24_W,QCF4_Hafs_24_W.ttf,
19,11,1,24,QCF4_Hafs_24_W,QCF4_Hafs_24_W.ttf,
19,12,1,24,QCF4_Hafs_24_W,QCF4_Hafs_24_W.ttf,
19,13,1,24,QCF4_Hafs_24_W,QCF4_Hafs_24_W.ttf,
19,14,1,24,QCF4_Hafs_24_W,QCF4_Hafs_24_W.ttf,
19,15,1,24,QCF4_Hafs_24_W,QCF4_Hafs_24_W.ttf,
19,16,1,24,QCF4_Hafs_24_W,QCF4_Hafs_24_W.ttf,
19,17,1,24,QCF4_Hafs_24_W,QCF4_Hafs_24_W.ttf,
19,18,1,24,QCF4_Hafs_24_W,QCF4_Hafs_24_W.ttf,
19,19,1,24,QCF4_Hafs_24_W,QCF4_Hafs_24_W.ttf,
19,20,1,24,QCF4_Hafs_24_W,QCF4_Hafs_24_W.ttf,
19,21,1,24,QCF4_Hafs_24_W,QCF4_Hafs_24_W.ttf,
19,22,1,24,QCF4_Hafs_24_W,QCF4_Hafs_24_W.ttf,
19,23,1,24,QCF4_Hafs_24_W,QCF4_Hafs_24_W.ttf,
19,24,1,24,QCF4_Hafs_24_W,QCF4_Hafs_24_W.ttf,
19,25,1,24,QCF4_Hafs_24_W,QCF4_Hafs_24_W.ttf,
19,26,1,24,QCF4_Hafs_24_W,QCF4_Hafs_24_W.ttf,
19,27,1,24,QCF4_Hafs_24_W,QCF4_Hafs_24_W.ttf,
19,28,1,24,QCF4_Hafs_24_W,QCF4_Hafs_24_W.ttf,
19,29,1,24,QCF4_Hafs_24_W,QCF4_Hafs_24_W.ttf,
19,30,1,24,QCF4_Hafs_24_W,QCF4_Hafs_24_W.ttf,
19,31,1,24,QCF4_Hafs_24_W,QCF4_Hafs_24_W.ttf,
19,32,1,24,QCF4_Hafs_24_W,QCF4_Hafs_24_W.ttf,
19,33,1,24,QCF4_Hafs_24_W,QCF4_Hafs_24_W.ttf,
19,34,1,24,QCF4_Hafs_24_W,QCF4_Hafs_24_W.ttf,
19,35,1,24,QCF4_Hafs_24_W,QCF4_Hafs_24_W.ttf,
19,36,1,24,QCF4_Hafs_24_W,QCF4_Hafs_24_W.ttf,
19,37,1,24,QCF4_Hafs_24_W,QCF4_Hafs_24_W.ttf,
19,38,1,24,QCF4_Hafs_24_W,QCF4_Hafs_24_W.ttf,
19,39,1,24,QCF4_Hafs_24_W,QCF4_Hafs_24_W.ttf,
19,40,1,24,QCF4_Hafs_24_W,QCF4_Hafs_24_W.ttf,
19,41,1,24,QCF4_Hafs_24_W,QCF4_Hafs_24_W.ttf,
19,42,1,24,QCF4_Hafs_24_W,QCF4_Hafs_24_W.ttf,
19,43,1,24,QCF4_Hafs_24_W,QCF4_Hafs_24_W.ttf,
19,44,1,24,QCF4_Hafs_24_W,QCF4_Hafs_24_W.ttf,
19,45,1,24,QCF4_Hafs_24_W,QCF4_Hafs_24_W.ttf,
19,46,1,24,QCF4_Hafs_24_W,QCF4_Hafs_24_W.ttf,
19,47,1,24,QCF4_Hafs_24_W,QCF4_Hafs_24_W.ttf,
19,48,1,24,QCF4_Hafs_24_W,QCF4_Hafs_24_W.ttf,
19,49,1,24,QCF4_Hafs_24_W,QCF4_Hafs_24_W.ttf,
19,50,1,24,QCF4_Hafs_24_W,QCF4_Hafs_24_W.ttf,
19,51,1,24,QCF4_Hafs_24_W,QCF4_Hafs_24_W.ttf,
19,52,1,24,QCF4_Hafs_24_W,QCF4_Hafs_24_W.ttf,
19,53,1,24,QCF4_Hafs_24_W,QCF4_Hafs_24_W.ttf,
19,54,1,24,QCF4_Hafs_24_W,QCF4_Hafs_24_W.ttf,
19,55,1,24,QCF4_Hafs_24_W,QCF4_Hafs_24_W.ttf,
19,56,1,24,QCF4_Hafs_24_W,QCF4_Hafs_24_W.ttf,
19,57,1,24,QCF4_Hafs_24_W,QCF4_Hafs_24_W.ttf,
19,58,1,24,QCF4_Hafs_24_W,QCF4_Hafs_24_W.ttf,
19,59,1,24,QCF4_Hafs_24_W,QCF4_Hafs_24_W.ttf,
19,60,1,24,QCF4_Hafs_24_W,QCF4_Hafs_24_W.ttf,
19,61,1,24,QCF4_Hafs_24_W,QCF4_Hafs_24_W.ttf,
19,62,1,24,QCF4_Hafs_24_W,QCF4_Hafs_24_W.ttf,
19,63,1,24,QCF4_Hafs_24_W,QCF4_Hafs_24_W.ttf,
19,64,1,24,QCF4_Hafs_24_W,QCF4_Hafs_24_W.ttf,
19,65,1,24,QCF4_Hafs_24_W,QCF4_Hafs_24_W.ttf,
19,66,1,24,QCF4_Hafs_24_W,QCF4_Hafs_24_W.ttf,
19,67,1,24,QCF4_Hafs_24_W,QCF4_Hafs_24_W.ttf,
19,68,1,24,QCF4_Hafs_24_W,QCF4_Hafs_24_W.ttf,
19,69,1,24,QCF4_Hafs_24_W,QCF4_Hafs_24_W.ttf,
19,70,1,24,QCF4_Hafs_24_W,QCF4_Hafs_24_W.ttf,
19,71,1,24,QCF4_Hafs_24_W,QCF4_Hafs_24_W.ttf,
19,72,1,24,QCF4_Hafs_24_W,QCF4_Hafs_24_W.ttf,
19,73,1,24,QCF4_Hafs_24_W,QCF4_Hafs_24_W.ttf,
19,74,1,24,QCF4_Hafs_24_W,QCF4_Hafs_24_W.ttf,
19,75,1,24,QCF4_Hafs_24_W,QCF4_Hafs_24_W.ttf,
19,76,1,24,QCF4_Hafs_24_W,QCF4_Hafs_24_W.ttf,
19,77,1,24,QCF4_Hafs_24_W,QCF4_Hafs_24_W.ttf,
19,78,1,24,QCF4_Hafs_24_W,QCF4_Hafs_24_W.ttf,
19,79,1,24,QCF4_Hafs_24_W,QCF4_Hafs_24_W.ttf,
19,80,1,24,QCF4_Hafs_24_W,QCF4_Hafs_24_W.ttf,
19,81,1,24,QCF4_Hafs_24_W,QCF4_Hafs_24_W.ttf,
19,82,1,24,QCF4_Hafs_24_W,QCF4_Hafs_24_W.ttf,
19,83,1,24,QCF4_Hafs_24_W,QCF4_Hafs_24_W.ttf,
19,84,1,24,QCF4_Hafs_24_W,QCF4_Hafs_24_W.ttf,
19,85,1,24,QCF4_Hafs_24_W,QCF4_Hafs_24_W.ttf,
19,86,1,24,QCF4_Hafs_24_W,QCF4_Hafs_24_W.ttf,
19,87,1,24,QCF4_Hafs_24_W,QCF4_Hafs_24_W.ttf,
19,88,1,24,QCF4_Hafs_24_W,QCF4_Hafs_24_W.ttf,
19,89,1,24,QCF4_Hafs_24_W,QCF4_Hafs_24_W.ttf,
19,90,1,24,QCF4_Hafs_24_W,QCF4_Hafs_24_W.ttf,
19,91,1,24,QCF4_Hafs_24_W,QCF4_Hafs_24_W.ttf,
19,92,1,24,QCF4_Hafs_24_W,QCF4_Hafs_24_W.ttf,
19,93,1,24,QCF4_Hafs_24_W,QCF4_Hafs_24_W.ttf,
19,94,1,24,QCF4_Hafs_24_W,QCF4_Hafs_24_W.ttf,
19,95,1,24,QCF4_Hafs_24_W,QCF4_Hafs_24_W.ttf,
19,96,1,24,QCF4_Hafs_24_W,QCF4_Hafs_24_W.ttf,
19,97,1,24,QCF4_Hafs_24_W,QCF4_Hafs_24_W.ttf,
19,98,1,24,QCF4_Hafs_24_W,QCF4_Hafs_24_W.ttf,
20,1,1,24,QCF4_Hafs_24_W,QCF4_Hafs_24_W.ttf,
20,2,1,24,QCF4_Hafs_24_W,QCF4_Hafs_24_W.ttf,
20,3,1,24,QCF4_Hafs_24_W,QCF4_Hafs_24_W.ttf,
20,4,1,24,QCF4_Hafs_24_W,QCF4_Hafs_24_W.ttf,
20,5,1,24,QCF4_Hafs_24_W,QCF4_Hafs_24_W.ttf,
20,6,1,24,QCF4_Hafs_24_W,QCF4_Hafs_24_W.ttf,
20,7,1,24,QCF4_Hafs_24_W,QCF4_Hafs_24_W.ttf,
20,8,1,24,QCF4_Hafs_24_W,QCF4_Hafs_24_W.ttf,
20,9,1,24,QCF4_Hafs_24_W,QCF4_Hafs_24_W.ttf,
20,10,1,24,QCF4_Hafs_24_W,QCF4_Hafs_24_W.ttf,
20,11,1,24,QCF4_Hafs_24_W,QCF4_Hafs_24_W.ttf,
20,12,1,24,QCF4_Hafs_24_W,QCF4_Hafs_24_W.ttf,
20,13,1,24,QCF4_Hafs_24_W,QCF4_Hafs_24_W.ttf,
20,14,1,24,QCF4_Hafs_24_W,QCF4_Hafs_24_W.ttf,
20,15,1,24,QCF4_Hafs_24_W,QCF4_Hafs_24_W.ttf,
20,16,1,24,QCF4_Hafs_24_W,QCF4_Hafs_24_W.ttf,
20,17,1,24,QCF4_Hafs_24_W,QCF4_Hafs_24_W.ttf,
20,18,1,24,QCF4_Hafs_24_W,QCF4_Hafs_24_W.ttf,
20,19,1,24,QCF4_Hafs_24_W,QCF4_Hafs_24_W.ttf,
20,20,1,24,QCF4_Hafs_24_W,QCF4_Hafs_24_W.ttf,
20,21,1,24,QCF4_Hafs_24_W,QCF4_Hafs_24_W.ttf,
20,22,1,24,QCF4_Hafs_24_W,QCF4_Hafs_24_W.ttf,
20,23,1,24,QCF4_Hafs_24_W,QCF4_Hafs_24_W.ttf,
20,24,1,24,QCF4_Hafs_24_W,QCF4_Hafs_24_W.ttf,
20,25,1,24,QCF4_Hafs_24_W,QCF4_Hafs_24_W.ttf,
20,26,1,24,QCF4_Hafs_24_W,QCF4_Hafs_24_W.ttf,
20,27,1,24,QCF4_Hafs_24_W,QCF4_Hafs_24_W.ttf,
20,28,1,24,QCF4_Hafs_24_W,QCF4_Hafs_24_W.ttf,
20,29,1,24,QCF4_Hafs_24_W,QCF4_Hafs_24_W.ttf,
20,30,1,24,QCF4_Hafs_24_W,QCF4_Hafs_24_W.ttf,
20,31,1,24,QCF4_Hafs_24_W,QCF4_Hafs_24_W.ttf,
20,32,1,24,QCF4_Hafs_24_W,QCF4_Hafs_24_W.ttf,
20,33,1,24,QCF4_Hafs_24_W,QCF4_Hafs_24_W.ttf,
20,34,1,24,QCF4_Hafs_24_W,QCF4_Hafs_24_W.ttf,
20,35,1,24,QCF4_Hafs_24_W,QCF4_Hafs_24_W.ttf,
20,36,1,24,QCF4_Hafs_24_W,QCF4_Hafs_24_W.ttf,
20,37,1,24,QCF4_Hafs_24_W,QCF4_Hafs_24_W.ttf,
20,38,1,24,QCF4_Hafs_24_W,QCF4_Hafs_24_W.ttf,
20,39,1,24,QCF4_Hafs_24_W,QCF4_Hafs_24_W.ttf,
20,40,1,24,QCF4_Hafs_24_W,QCF4_Hafs_24_W.ttf,
20,41,1,24,QCF4_Hafs_24_W,QCF4_Hafs_24_W.ttf,
20,42,1,24,QCF4_Hafs_24_W,QCF4_Hafs_24_W.ttf,
20,43,1,24,QCF4_Hafs_24_W,QCF4_Hafs_24_W.ttf,
20,44,1,24,QCF4_Hafs_24_W,QCF4_Hafs_24_W.ttf,
20,45,1,24,QCF4_Hafs_24_W,QCF4_Hafs_24_W.ttf,
20,46,1,24,QCF4_Hafs_24_W,QCF4_Hafs_24_W.ttf,
20,47,1,24,QCF4_Hafs_24_W,QCF4_Hafs_24_W.ttf,
20,48,1,24,QCF4_Hafs_24_W,QCF4_Hafs_24_W.ttf,
20,49,1,24,QCF4_Hafs_24_W,QCF4_Hafs_24_W.ttf,
20,50,1,24,QCF4_Hafs_24_W,QCF4_Hafs_24_W.ttf,
20,51,1,24,QCF4_Hafs_24_W,QCF4_Hafs_24_W.ttf,
20,52,1,24,QCF4_Hafs_24_W,QCF4_Hafs_24_W.ttf,
20,53,1,24,QCF4_Hafs_24_W,QCF4_Hafs_24_W.ttf,
20,54,1,24,QCF4_Hafs_24_W,QCF4_Hafs_24_W.ttf,
20,55,1,24,QCF4_Hafs_24_W,QCF4_Hafs_24_W.ttf,
20,56,1,24,QCF4_Hafs_24_W,QCF4_Hafs_24_W.ttf,
20,57,1,24,QCF4_Hafs_24_W,QCF4_Hafs_24_W.ttf,
20,58,1,24,QCF4_Hafs_24_W,QCF4_Hafs_24_W.ttf,
20,59,1,24,QCF4_Hafs_24_W,QCF4_Hafs_24_W.ttf,
20,60,1,24,QCF4_Hafs_24_W,QCF4_Hafs_24_W.ttf,
20,61,1,24,QCF4_Hafs_24_W,QCF4_Hafs_24_W.ttf,
20,62,1,24,QCF4_Hafs_24_W,QCF4_Hafs_24_W.ttf,
20,63,1,24,QCF4_Hafs_24_W,QCF4_Hafs_24_W.ttf,
20,64,1,24,QCF4_Hafs_24_W,QCF4_Hafs_24_W.ttf,
20,65,1,25,QCF4_Hafs_25_W,QCF4_Hafs_25_W.ttf,
20,66,1,25,QCF4_Hafs_25_W,QCF4_Hafs_25_W.ttf,
20,67,1,25,QCF4_Hafs_25_W,QCF4_Hafs_25_W.ttf,
20,68,1,25,QCF4_Hafs_25_W,QCF4_Hafs_25_W.ttf,
20,69,1,25,QCF4_Hafs_25_W,QCF4_Hafs_25_W.ttf,
20,70,1,25,QCF4_Hafs_25_W,QCF4_Hafs_25_W.ttf,
20,71,1,25,QCF4_Hafs_25_W,QCF4_Hafs_25_W.ttf,
20,72,1,25,QCF4_Hafs_25_W,QCF4_Hafs_25_W.ttf,
20,73,1,25,QCF4_Hafs_25_W,QCF4_Hafs_25_W.ttf,
20,74,1,25,QCF4_Hafs_25_W,QCF4_Hafs_25_W.ttf,
20,75,1,25,QCF4_Hafs_25_W,QCF4_Hafs_25_W.ttf,
20,76,1,25,QCF4_Hafs_25_W,QCF4_Hafs_25_W.ttf,
20,77,1,25,QCF4_Hafs_25_W,QCF4_Hafs_25_W.ttf,
20,78,1,25,QCF4_Hafs_25_W,QCF4_Hafs_25_W.ttf,
20,79,1,25,QCF4_Hafs_25_W,QCF4_Hafs_25_W.ttf,
20,80,1,25,QCF4_Hafs_25_W,QCF4_Hafs_25_W.ttf,
20,81,1,25,QCF4_Hafs_25_W,QCF4_Hafs_25_W.ttf,
20,82,1,25,QCF4_Hafs_25_W,QCF4_Hafs_25_W.ttf,
20,83,1,25,QCF4_Hafs_25_W,QCF4_Hafs_25_W.ttf,
20,84,1,25,QCF4_Hafs_25_W,QCF4_Hafs_25_W.ttf,
20,85,1,25,QCF4_Hafs_25_W,QCF4_Hafs_25_W.ttf,
20,86,1,25,QCF4_Hafs_25_W,QCF4_Hafs_25_W.ttf,
20,87,1,25,QCF4_Hafs_25_W,QCF4_Hafs_25_W.ttf,
20,88,1,25,QCF4_Hafs_25_W,QCF4_Hafs_25_W.ttf,
20,89,1,25,QCF4_Hafs_25_W,QCF4_Hafs_25_W.ttf,
20,90,1,25,QCF4_Hafs_25_W,QCF4_Hafs_25_W.ttf,
20,91,1,25,QCF4_Hafs_25_W,QCF4_Hafs_25_W.ttf,
20,92,1,25,QCF4_Hafs_25_W,QCF4_Hafs_25_W.ttf,
20,93,1,25,QCF4_Hafs_25_W,QCF4_Hafs_25_W.ttf,
20,94,1,25,QCF4_Hafs_25_W,QCF4_Hafs_25_W.ttf,
20,95,1,25,QCF4_Hafs_25_W,QCF4_Hafs_25_W.ttf,
20,96,1,25,QCF4_Hafs_25_W,QCF4_Hafs_25_W.ttf,
20,97,1,25,QCF4_Hafs_25_W,QCF4_Hafs_25_W.ttf,
20,98,1,25,QCF4_Hafs_25_W,QCF4_Hafs_25_W.ttf,
20,99,1,25,QCF4_Hafs_25_W,QCF4_Hafs_25_W.ttf,
20,100,1,25,QCF4_Hafs_25_W,QCF4_Hafs_25_W.ttf,
20,101,1,25,QCF4_Hafs_25_W,QCF4_Hafs_25_W.ttf,
20,102,1,25,QCF4_Hafs_25_W,QCF4_Hafs_25_W.ttf,
20,103,1,25,QCF4_Hafs_25_W,QCF4_Hafs_25_W.ttf,
20,104,1,25,QCF4_Hafs_25_W,QCF4_Hafs_25_W.ttf,
20,105,1,25,QCF4_Hafs_25_W,QCF4_Hafs_25_W.ttf,
20,106,1,25,QCF4_Hafs_25_W,QCF4_Hafs_25_W.ttf,
20,107,1,25,QCF4_Hafs_25_W,QCF4_Hafs_25_W.ttf,
20,108,1,25,QCF4_Hafs_25_W,QCF4_Hafs_25_W.ttf,
20,109,1,25,QCF4_Hafs_25_W,QCF4_Hafs_25_W.ttf,
20,110,1,25,QCF4_Hafs_25_W,QCF4_Hafs_25_W.ttf,
20,111,1,25,QCF4_Hafs_25_W,QCF4_Hafs_25_W.ttf,
20,112,1,25,QCF4_Hafs_25_W,QCF4_Hafs_25_W.ttf,
20,113,1,25,QCF4_Hafs_25_W,QCF4_Hafs_25_W.ttf,
20,114,1,25,QCF4_Hafs_25_W,QCF4_Hafs_25_W.ttf,
20,115,1,25,QCF4_Hafs_25_W,QCF4_Hafs_25_W.ttf,
20,116,1,25,QCF4_Hafs_25_W,QCF4_Hafs_25_W.ttf,
20,117,1,25,QCF4_Hafs_25_W,QCF4_Hafs_25_W.ttf,
20,118,1,25,QCF4_Hafs_25_W,QCF4_Hafs_25_W.ttf,
20,119,1,25,QCF4_Hafs_25_W,QCF4_Hafs_25_W.ttf,
20,120,1,25,QCF4_Hafs_25_W,QCF4_Hafs_25_W.ttf,
20,121,1,25,QCF4_Hafs_25_W,QCF4_Hafs_25_W.ttf,
20,122,1,25,QCF4_Hafs_25_W,QCF4_Hafs_25_W.ttf,
20,123,1,25,QCF4_Hafs_25_W,QCF4_Hafs_25_W.ttf,
20,124,1,25,QCF4_Hafs_25_W,QCF4_Hafs_25_W.ttf,
20,125,1,25,QCF4_Hafs_25_W,QCF4_Hafs_25_W.ttf,
20,126,1,25,QCF4_Hafs_25_W,QCF4_Hafs_25_W.ttf,
20,127,1,25,QCF4_Hafs_25_W,QCF4_Hafs_25_W.ttf,
20,128,1,25,QCF4_Hafs_25_W,QCF4_Hafs_25_W.ttf,
20,129,1,25,QCF4_Hafs_25_W,QCF4_Hafs_25_W.ttf,
20,130,1,25,QCF4_Hafs_25_W,QCF4_Hafs_25_W.ttf,
20,131,1,25,QCF4_Hafs_25_W,QCF4_Hafs_25_W.ttf,
20,132,1,25,QCF4_Hafs_25_W,QCF4_Hafs_25_W.ttf,
20,133,1,25,QCF4_Hafs_25_W,QCF4_Hafs_25_W.ttf,
20,134,1,25,QCF4_Hafs_25_W,QCF4_Hafs_25_W.ttf,
20,135,1,25,QCF4_Hafs_25_W,QCF4_Hafs_25_W.ttf,
21,1,1,25,QCF4_Hafs_25_W,QCF4_Hafs_25_W.ttf,
21,2,1,25,QCF4_Hafs_25_W,QCF4_Hafs_25_W.ttf,
21,3,1,25,QCF4_Hafs_25_W,QCF4_Hafs_25_W.ttf,
21,4,1,25,QCF4_Hafs_25_W,QCF4_Hafs_25_W.ttf,
21,5,1,25,QCF4_Hafs_25_W,QCF4_Hafs_25_W.ttf,
21,6,1,25,QCF4_Hafs_25_W,QCF4_Hafs_25_W.ttf,
21,7,1,25,QCF4_Hafs_25_W,QCF4_Hafs_25_W.ttf,
21,8,1,25,QCF4_Hafs_25_W,QCF4_Hafs_25_W.ttf,
21,9,1,25,QCF4_Hafs_25_W,QCF4_Hafs_25_W.ttf,
21,10,1,25,QCF4_Hafs_25_W,QCF4_Hafs_25_W.ttf,
21,11,1,25,QCF4_Hafs_25_W,QCF4_Hafs_25_W.ttf,
21,12,1,25,QCF4_Hafs_25_W,QCF4_Hafs_25_W.ttf,
21,13,1,25,QCF4_Hafs_25_W,QCF4_Hafs_25_W.ttf,
21,14,1,25,QCF4_Hafs_25_W,QCF4_Hafs_25_W.ttf,
21,15,1,25,QCF4_Hafs_25_W,QCF4_Hafs_25_W.ttf,
21,16,1,25,QCF4_Hafs_25_W,QCF4_Hafs_25_W.ttf,
21,17,1,25,QCF4_Hafs_25_W,QCF4_Hafs_25_W.ttf,
21,18,1,25,QCF4_Hafs_25_W,QCF4_Hafs_25_W.ttf,
21,19,1,25,QCF4_Hafs_25_W,QCF4_Hafs_25_W.ttf,
21,20,1,25,QCF4_Hafs_25_W,QCF4_Hafs_25_W.ttf,
21,21,1,25,QCF4_Hafs_25_W,QCF4_Hafs_25_W.ttf,
21,22,1,25,QCF4_Hafs_25_W,QCF4_Hafs_25_W.ttf,
21,23,1,25,QCF4_Hafs_25_W,QCF4_Hafs_25_W.ttf,
21,24,1,25,QCF4_Hafs_25_W,QCF4_Hafs_25_W.ttf,
21,25,1,25,QCF4_Hafs_25_W,QCF4_Hafs_25_W.ttf,
21,26,1,25,QCF4_Hafs_25_W,QCF4_Hafs_25_W.ttf,
21,27,1,25,QCF4_Hafs_25_W,QCF4_Hafs_25_W.ttf,
21,28,1,25,QCF4_Hafs_25_W,QCF4_Hafs_25_W.ttf,
21,29,1,25,QCF4_Hafs_25_W,QCF4_Hafs_25_W.ttf,
21,30,1,25,QCF4_Hafs_25_W,QCF4_Hafs_25_W.ttf,
21,31,1,25,QCF4_Hafs_25_W,QCF4_Hafs_25_W.ttf,
21,32,1,25,QCF4_Hafs_25_W,QCF4_Hafs_25_W.ttf,
21,33,1,25,QCF4_Hafs_25_W,QCF4_Hafs_25_W.ttf,
21,34,1,25,QCF4_Hafs_25_W,QCF4_Hafs_25_W.ttf,
21,35,1,25,QCF4_Hafs_25_W,QCF4_Hafs_25_W.ttf,
21,36,1,25,QCF4_Hafs_25_W,QCF4_Hafs_25_W.ttf,
21,37,1,25,QCF4_Hafs_25_W,QCF4_Hafs_25_W.ttf,
21,38,1,25,QCF4_Hafs_25_W,QCF4_Hafs_25_W.ttf,
21,39,1,25,QCF4_Hafs_25_W,QCF4_Hafs_25_W.ttf,
21,40,1,25,QCF4_Hafs_25_W,QCF4_Hafs_25_W.ttf,
21,41,1,25,QCF4_Hafs_25_W,QCF4_Hafs_25_W.ttf,
21,42,1,25,QCF4_Hafs_25_W,QCF4_Hafs_25_W.ttf,
21,43,1,25,QCF4_Hafs_25_W,QCF4_Hafs_25_W.ttf,
21,44,1,25,QCF4_Hafs_25_W,QCF4_Hafs_25_W.ttf,
21,45,1,25,QCF4_Hafs_25_W,QCF4_Hafs_25_W.ttf,
21,46,1,25,QCF4_Hafs_25_W,QCF4_Hafs_25_W.ttf,
21,47,1,25,QCF4_Hafs_25_W,QCF4_Hafs_25_W.ttf,
21,48,1,25,QCF4_Hafs_25_W,QCF4_Hafs_25_W.ttf,
21,49,1,25,QCF4_Hafs_25_W,QCF4_Hafs_25_W.ttf,
21,50,1,25,QCF4_Hafs_25_W,QCF4_Hafs_25_W.ttf,
21,51,1,25,QCF4_Hafs_25_W,QCF4_Hafs_25_W.ttf,
21,52,1,25,QCF4_Hafs_25_W,QCF4_Hafs_25_W.ttf,
21,53,1,25,QCF4_Hafs_25_W,QCF4_Hafs_25_W.ttf,
21,54,1,25,QCF4_Hafs_25_W,QCF4_Hafs_25_W.ttf,
21,55,1,25,QCF4_Hafs_25_W,QCF4_Hafs_25_W.ttf,
21,56,1,25,QCF4_Hafs_25_W,QCF4_Hafs_25_W.ttf,
21,57,1,25,QCF4_Hafs_25_W,QCF4_Hafs_25_W.ttf,
21,58,1,25,QCF4_Hafs_25_W,QCF4_Hafs_25_W.ttf,
21,59,1,25,QCF4_Hafs_25_W,QCF4_Hafs_25_W.ttf,
21,60,1,25,QCF4_Hafs_25_W,QCF4_Hafs_25_W.ttf,
21,61,1,25,QCF4_Hafs_25_W,QCF4_Hafs_25_W.ttf,
21,62,1,25,QCF4_Hafs_25_W,QCF4_Hafs_25_W.ttf,
21,63,1,25,QCF4_Hafs_25_W,QCF4_Hafs_25_W.ttf,
21,64,1,25,QCF4_Hafs_25_W,QCF4_Hafs_25_W.ttf,
21,65,1,25,QCF4_Hafs_25_W,QCF4_Hafs_25_W.ttf,
21,66,1,25,QCF4_Hafs_25_W,QCF4_Hafs_25_W.ttf,
21,67,1,25,QCF4_Hafs_25_W,QCF4_Hafs_25_W.ttf,
21,68,1,25,QCF4_Hafs_25_W,QCF4_Hafs_25_W.ttf,
21,69,1,25,QCF4_Hafs_25_W,QCF4_Hafs_25_W.ttf,
21,70,1,25,QCF4_Hafs_25_W,QCF4_Hafs_25_W.ttf,
21,71,1,25,QCF4_Hafs_25_W,QCF4_Hafs_25_W.ttf,
21,72,1,25,QCF4_Hafs_25_W,QCF4_Hafs_25_W.ttf,
21,73,1,25,QCF4_Hafs_25_W,QCF4_Hafs_25_W.ttf,
21,74,1,25,QCF4_Hafs_25_W,QCF4_Hafs_25_W.ttf,
21,75,1,25,QCF4_Hafs_25_W,QCF4_Hafs_25_W.ttf,
21,76,1,25,QCF4_Hafs_25_W,QCF4_Hafs_25_W.ttf,
21,77,1,25,QCF4_Hafs_25_W,QCF4_Hafs_25_W.ttf,
21,78,1,25,QCF4_Hafs_25_W,QCF4_Hafs_25_W.ttf,
21,79,1,25,QCF4_Hafs_25_W,QCF4_Hafs_25_W.ttf,
21,80,1,25,QCF4_Hafs_25_W,QCF4_Hafs_25_W.ttf,
21,81,1,25,QCF4_Hafs_25_W,QCF4_Hafs_25_W.ttf,
21,82,1,26,QCF4_Hafs_26_W,QCF4_Hafs_26_W.ttf,
21,83,1,26,QCF4_Hafs_26_W,QCF4_Hafs_26_W.ttf,
21,84,1,26,QCF4_Hafs_26_W,QCF4_Hafs_26_W.ttf,
21,85,1,26,QCF4_Hafs_26_W,QCF4_Hafs_26_W.ttf,
21,86,1,26,QCF4_Hafs_26_W,QCF4_Hafs_26_W.ttf,
21,87,1,26,QCF4_Hafs_26_W,QCF4_Hafs_26_W.ttf,
21,88,1,26,QCF4_Hafs_26_W,QCF4_Hafs_26_W.ttf,
21,89,1,26,QCF4_Hafs_26_W,QCF4_Hafs_26_W.ttf,
21,90,1,26,QCF4_Hafs_26_W,QCF4_Hafs_26_W.ttf,
21,91,1,26,QCF4_Hafs_26_W,QCF4_Hafs_26_W.ttf,
21,92,1,26,QCF4_Hafs_26_W,QCF4_Hafs_26_W.ttf,
21,93,1,26,QCF4_Hafs_26_W,QCF4_Hafs_26_W.ttf,
21,94,1,26,QCF4_Hafs_26_W,QCF4_Hafs_26_W.ttf,
21,95,1,26,QCF4_Hafs_26_W,QCF4_Hafs_26_W.ttf,
21,96,1,26,QCF4_Hafs_26_W,QCF4_Hafs_26_W.ttf,
21,97,1,26,QCF4_Hafs_26_W,QCF4_Hafs_26_W.ttf,
21,98,1,26,QCF4_Hafs_26_W,QCF4_Hafs_26_W.ttf,
21,99,1,26,QCF4_Hafs_26_W,QCF4_Hafs_26_W.ttf,
21,100,1,26,QCF4_Hafs_26_W,QCF4_Hafs_26_W.ttf,
21,101,1,26,QCF4_Hafs_26_W,QCF4_Hafs_26_W.ttf,
21,102,1,26,QCF4_Hafs_26_W,QCF4_Hafs_26_W.ttf,
21,103,1,26,QCF4_Hafs_26_W,QCF4_Hafs_26_W.ttf,
21,104,1,26,QCF4_Hafs_26_W,QCF4_Hafs_26_W.ttf,
21,105,1,26,QCF4_Hafs_26_W,QCF4_Hafs_26_W.ttf,
21,106,1,26,QCF4_Hafs_26_W,QCF4_Hafs_26_W.ttf,
21,107,1,26,QCF4_Hafs_26_W,QCF4_Hafs_26_W.ttf,
21,108,1,26,QCF4_Hafs_26_W,QCF4_Hafs_26_W.ttf,
21,109,1,26,QCF4_Hafs_26_W,QCF4_Hafs_26_W.ttf,
21,110,1,26,QCF4_Hafs_26_W,QCF4_Hafs_26_W.ttf,
21,111,1,26,QCF4_Hafs_26_W,QCF4_Hafs_26_W.ttf,
21,112,1,26,QCF4_Hafs_26_W,QCF4_Hafs_26_W.ttf,
22,1,1,26,QCF4_Hafs_26_W,QCF4_Hafs_26_W.ttf,
22,2,1,26,QCF4_Hafs_26_W,QCF4_Hafs_26_W.ttf,
22,3,1,26,QCF4_Hafs_26_W,QCF4_Hafs_26_W.ttf,
22,4,1,26,QCF4_Hafs_26_W,QCF4_Hafs_26_W.ttf,
22,5,1,26,QCF4_Hafs_26_W,QCF4_Hafs_26_W.ttf,
22,6,1,26,QCF4_Hafs_26_W,QCF4_Hafs_26_W.ttf,
22,7,1,26,QCF4_Hafs_26_W,QCF4_Hafs_26_W.ttf,
22,8,1,26,QCF4_Hafs_26_W,QCF4_Hafs_26_W.ttf,
22,9,1,26,QCF4_Hafs_26_W,QCF4_Hafs_26_W.ttf,
22,10,1,26,QCF4_Hafs_26_W,QCF4_Hafs_26_W.ttf,
22,11,1,26,QCF4_Hafs_26_W,QCF4_Hafs_26_W.ttf,
22,12,1,26,QCF4_Hafs_26_W,QCF4_Hafs_26_W.ttf,
22,13,1,26,QCF4_Hafs_26_W,QCF4_Hafs_26_W.ttf,
22,14,1,26,QCF4_Hafs_26_W,QCF4_Hafs_26_W.ttf,
22,15,1,26,QCF4_Hafs_26_W,QCF4_Hafs_26_W.ttf,
22,16,1,26,QCF4_Hafs_26_W,QCF4_Hafs_26_W.ttf,
22,17,1,26,QCF4_Hafs_26_W,QCF4_Hafs_26_W.ttf,
22,18,1,26,QCF4_Hafs_26_W,QCF4_Hafs_26_W.ttf,
22,19,1,26,QCF4_Hafs_26_W,QCF4_Hafs_26_W.ttf,
22,20,1,26,QCF4_Hafs_26_W,QCF4_Hafs_26_W.ttf,
22,21,1,26,QCF4_Hafs_26_W,QCF4_Hafs_26_W.ttf,
22,22,1,26,QCF4_Hafs_26_W,QCF4_Hafs_26_W.ttf,
22,23,1,26,QCF4_Hafs_26_W,QCF4_Hafs_26_W.ttf,
22,24,1,26,QCF4_Hafs_26_W,QCF4_Hafs_26_W.ttf,
22,25,1,26,QCF4_Hafs_26_W,QCF4_Hafs_26_W.ttf,
22,26,1,26,QCF4_Hafs_26_W,QCF4_Hafs_26_W.ttf,
22,27,1,26,QCF4_Hafs_26_W,QCF4_Hafs_26_W.ttf,
22,28,1,26,QCF4_Hafs_26_W,QCF4_Hafs_26_W.ttf,
22,29,1,26,QCF4_Hafs_26_W,QCF4_Hafs_26_W.ttf,
22,30,1,26,QCF4_Hafs_26_W,QCF4_Hafs_26_W.ttf,
22,31,1,26,QCF4_Hafs_26_W,QCF4_Hafs_26_W.ttf,
22,32,1,26,QCF4_Hafs_26_W,QCF4_Hafs_26_W.ttf,
22,33,1,26,QCF4_Hafs_26_W,QCF4_Hafs_26_W.ttf,
22,34,1,26,QCF4_Hafs_26_W,QCF4_Hafs_26_W.ttf,
22,35,1,26,QCF4_Hafs_26_W,QCF4_Hafs_26_W.ttf,
22,36,1,26,QCF4_Hafs_26_W,QCF4_Hafs_26_W.ttf,
22,37,1,26,QCF4_Hafs_26_W,QCF4_Hafs_26_W.ttf,
22,38,1,26,QCF4_Hafs_26_W,QCF4_Hafs_26_W.ttf,
22,39,1,26,QCF4_Hafs_26_W,QCF4_Hafs_26_W.ttf,
22,40,1,26,QCF4_Hafs_26_W,QCF4_Hafs_26_W.ttf,
22,41,1,26,QCF4_Hafs_26_W,QCF4_Hafs_26_W.ttf,
22,42,1,26,QCF4_Hafs_26_W,QCF4_Hafs_26_W.ttf,
22,43,1,26,QCF4_Hafs_26_W,QCF4_Hafs_26_W.ttf,
22,44,1,26,QCF4_Hafs_26_W,QCF4_Hafs_26_W.ttf,
22,45,1,26,QCF4_Hafs_26_W,QCF4_Hafs_26_W.ttf,
22,46,1,26,QCF4_Hafs_26_W,QCF4_Hafs_26_W.ttf,
22,47,1,26,QCF4_Hafs_26_W,QCF4_Hafs_26_W.ttf,
22,48,1,26,QCF4_Hafs_26_W,QCF4_Hafs_26_W.ttf,
22,49,1,26,QCF4_Hafs_26_W,QCF4_Hafs_26_W.ttf,
22,50,1,26,QCF4_Hafs_26_W,QCF4_Hafs_26_W.ttf,
22,51,1,26,QCF4_Hafs_26_W,QCF4_Hafs_26_W.ttf,
22,52,1,26,QCF4_Hafs_26_W,QCF4_Hafs_26_W.ttf,
22,53,1,26,QCF4_Hafs_26_W,QCF4_Hafs_26_W.ttf,
22,54,1,26,QCF4_Hafs_26_W,QCF4_Hafs_26_W.ttf,
22,55,1,26,QCF4_Hafs_26_W,QCF4_Hafs_26_W.ttf,
22,56,1,26,QCF4_Hafs_26_W,QCF4_Hafs_26_W.ttf,
22,57,1,26,QCF4_Hafs_26_W,QCF4_Hafs_26_W.ttf,
22,58,1,26,QCF4_Hafs_26_W,QCF4_Hafs_26_W.ttf,
22,59,1,26,QCF4_Hafs_26_W,QCF4_Hafs_26_W.ttf,
22,60,1,26,QCF4_Hafs_26_W,QCF4_Hafs_26_W.ttf,
22,61,1,26,QCF4_Hafs_26_W,QCF4_Hafs_26_W.ttf,
22,62,1,26,QCF4_Hafs_26_W,QCF4_Hafs_26_W.ttf,
22,63,1,26,QCF4_Hafs_26_W,QCF4_Hafs_26_W.ttf,
22,64,1,26,QCF4_Hafs_26_W,QCF4_Hafs_26_W.ttf,
22,65,1,26,QCF4_Hafs_26_W,QCF4_Hafs_26_W.ttf,
22,66,1,26,QCF4_Hafs_26_W,QCF4_Hafs_26_W.ttf,
22,67,1,26,QCF4_Hafs_26_W,QCF4_Hafs_26_W.ttf,
22,68,1,26,QCF4_Hafs_26_W,QCF4_Hafs_26_W.ttf,
22,69,1,26,QCF4_Hafs_26_W,QCF4_Hafs_26_W.ttf,
22,70,1,26,QCF4_Hafs_26_W,QCF4_Hafs_26_W.ttf,
22,71,1,26,QCF4_Hafs_26_W,QCF4_Hafs_26_W.ttf,
22,72,1,26,QCF4_Hafs_26_W,QCF4_Hafs_26_W.ttf,
22,73,1,26,QCF4_Hafs_26_W,QCF4_Hafs_26_W.ttf,
22,74,1,26,QCF4_Hafs_26_W,QCF4_Hafs_26_W.ttf,
22,75,1,26,QCF4_Hafs_26_W,QCF4_Hafs_26_W.ttf,
22,76,1,26,QCF4_Hafs_26_W,QCF4_Hafs_26_W.ttf,
22,77,1,26,QCF4_Hafs_26_W,QCF4_Hafs_26_W.ttf,
22,78,1,26,QCF4_Hafs_26_W,QCF4_Hafs_26_W.ttf,
23,1,1,26,QCF4_Hafs_26_W,QCF4_Hafs_26_W.ttf,
23,2,1,26,QCF4_Hafs_26_W,QCF4_Hafs_26_W.ttf,
23,3,1,26,QCF4_Hafs_26_W,QCF4_Hafs_26_W.ttf,
23,4,1,26,QCF4_Hafs_26_W,QCF4_Hafs_26_W.ttf,
23,5,1,26,QCF4_Hafs_26_W,QCF4_Hafs_26_W.ttf,
23,6,1,26,QCF4_Hafs_26_W,QCF4_Hafs_26_W.ttf,
23,7,1,26,QCF4_Hafs_26_W,QCF4_Hafs_26_W.ttf,
23,8,1,26,QCF4_Hafs_26_W,QCF4_Hafs_26_W.ttf,
23,9,1,26,QCF4_Hafs_26_W,QCF4_Hafs_26_W.ttf,
23,10,1,26,QCF4_Hafs_26_W,QCF4_Hafs_26_W.ttf,
23,11,1,26,QCF4_Hafs_26_W,QCF4_Hafs_26_W.ttf,
23,12,1,26,QCF4_Hafs_26_W,QCF4_Hafs_26_W.ttf,
23,13,1,26,QCF4_Hafs_26_W,QCF4_Hafs_26_W.ttf,
23,14,1,26,QCF4_Hafs_26_W,QCF4_Hafs_26_W.ttf,
23,15,1,26,QCF4_Hafs_26_W,QCF4_Hafs_26_W.ttf,
23,16,1,26,QCF4_Hafs_26_W,QCF4_Hafs_26_W.ttf,
23,17,1,26,QCF4_Hafs_26_W,QCF4_Hafs_26_W.ttf,
23,18,1,27,QCF4_Hafs_27_W,QCF4_Hafs_27_W.ttf,
23,19,1,27,QCF4_Hafs_27_W,QCF4_Hafs_27_W.ttf,
23,20,1,27,QCF4_Hafs_27_W,QCF4_Hafs_27_W.ttf,
23,21,1,27,QCF4_Hafs_27_W,QCF4_Hafs_27_W.ttf,
23,22,1,27,QCF4_Hafs_27_W,QCF4_Hafs_27_W.ttf,
23,23,1,27,QCF4_Hafs_27_W,QCF4_Hafs_27_W.ttf,
23,24,1,27,QCF4_Hafs_27_W,QCF4_Hafs_27_W.ttf,
23,25,1,27,QCF4_Hafs_27_W,QCF4_Hafs_27_W.ttf,
23,26,1,27,QCF4_Hafs_27_W,QCF4_Hafs_27_W.ttf,
23,27,1,27,QCF4_Hafs_27_W,QCF4_Hafs_27_W.ttf,
23,28,1,27,QCF4_Hafs_27_W,QCF4_Hafs_27_W.ttf,
23,29,1,27,QCF4_Hafs_27_W,QCF4_Hafs_27_W.ttf,
23,30,1,27,QCF4_Hafs_27_W,QCF4_Hafs_27_W.ttf,
23,31,1,27,QCF4_Hafs_27_W,QCF4_Hafs_27_W.ttf,
23,32,1,27,QCF4_Hafs_27_W,QCF4_Hafs_27_W.ttf,
23,33,1,27,QCF4_Hafs_27_W,QCF4_Hafs_27_W.ttf,
23,34,1,27,QCF4_Hafs_27_W,QCF4_Hafs_27_W.ttf,
23,35,1,27,QCF4_Hafs_27_W,QCF4_Hafs_27_W.ttf,
23,36,1,27,QCF4_Hafs_27_W,QCF4_Hafs_27_W.ttf,
23,37,1,27,QCF4_Hafs_27_W,QCF4_Hafs_27_W.ttf,
23,38,1,27,QCF4_Hafs_27_W,QCF4_Hafs_27_W.ttf,
23,39,1,27,QCF4_Hafs_27_W,QCF4_Hafs_27_W.ttf,
23,40,1,27,QCF4_Hafs_27_W,QCF4_Hafs_27_W.ttf,
23,41,1,27,QCF4_Hafs_27_W,QCF4_Hafs_27_W.ttf,
23,42,1,27,QCF4_Hafs_27_W,QCF4_Hafs_27_W.ttf,
23,43,1,27,QCF4_Hafs_27_W,QCF4_Hafs_27_W.ttf,
23,44,1,27,QCF4_Hafs_27_W,QCF4_Hafs_27_W.ttf,
23,45,1,27,QCF4_Hafs_27_W,QCF4_Hafs_27_W.ttf,
23,46,1,27,QCF4_Hafs_27_W,QCF4_Hafs_27_W.ttf,
23,47,1,27,QCF4_Hafs_27_W,QCF4_Hafs_27_W.ttf,
23,48,1,27,QCF4_Hafs_27_W,QCF4_Hafs_27_W.ttf,
23,49,1,27,QCF4_Hafs_27_W,QCF4_Hafs_27_W.ttf,
23,50,1,27,QCF4_Hafs_27_W,QCF4_Hafs_27_W.ttf,
23,51,1,27,QCF4_Hafs_27_W,QCF4_Hafs_27_W.ttf,
23,52,1,27,QCF4_Hafs_27_W,QCF4_Hafs_27_W.ttf,
23,53,1,27,QCF4_Hafs_27_W,QCF4_Hafs_27_W.ttf,
23,54,1,27,QCF4_Hafs_27_W,QCF4_Hafs_27_W.ttf,
23,55,1,27,QCF4_Hafs_27_W,QCF4_Hafs_27_W.ttf,
23,56,1,27,QCF4_Hafs_27_W,QCF4_Hafs_27_W.ttf,
23,57,1,27,QCF4_Hafs_27_W,QCF4_Hafs_27_W.ttf,
23,58,1,27,QCF4_Hafs_27_W,QCF4_Hafs_27_W.ttf,
23,59,1,27,QCF4_Hafs_27_W,QCF4_Hafs_27_W.ttf,
23,60,1,27,QCF4_Hafs_27_W,QCF4_Hafs_27_W.ttf,
23,61,1,27,QCF4_Hafs_27_W,QCF4_Hafs_27_W.ttf,
23,62,1,27,QCF4_Hafs_27_W,QCF4_Hafs_27_W.ttf,
23,63,1,27,QCF4_Hafs_27_W,QCF4_Hafs_27_W.ttf,
23,64,1,27,QCF4_Hafs_27_W,QCF4_Hafs_27_W.ttf,
23,65,1,27,QCF4_Hafs_27_W,QCF4_Hafs_27_W.ttf,
23,66,1,27,QCF4_Hafs_27_W,QCF4_Hafs_27_W.ttf,
23,67,1,27,QCF4_Hafs_27_W,QCF4_Hafs_27_W.ttf,
23,68,1,27,QCF4_Hafs_27_W,QCF4_Hafs_27_W.ttf,
23,69,1,27,QCF4_Hafs_27_W,QCF4_Hafs_27_W.ttf,
23,70,1,27,QCF4_Hafs_27_W,QCF4_Hafs_27_W.ttf,
23,71,1,27,QCF4_Hafs_27_W,QCF4_Hafs_27_W.ttf,
23,72,1,27,QCF4_Hafs_27_W,QCF4_Hafs_27_W.ttf,
23,73,1,27,QCF4_Hafs_27_W,QCF4_Hafs_27_W.ttf,
23,74,1,27,QCF4_Hafs_27_W,QCF4_Hafs_27_W.ttf,
23,75,1,27,QCF4_Hafs_27_W,QCF4_Hafs_27_W.ttf,
23,76,1,27,QCF4_Hafs_27_W,QCF4_Hafs_27_W.ttf,
23,77,1,27,QCF4_Hafs_27_W,QCF4_Hafs_27_W.ttf,
23,78,1,27,QCF4_Hafs_27_W,QCF4_Hafs_27_W.ttf,
23,79,1,27,QCF4_Hafs_27_W,QCF4_Hafs_27_W.ttf,
23,80,1,27,QCF4_Hafs_27_W,QCF4_Hafs_27_W.ttf,
23,81,1,27,QCF4_Hafs_27_W,QCF4_Hafs_27_W.ttf,
23,82,1,27,QCF4_Hafs_27_W,QCF4_Hafs_27_W.ttf,
23,83,1,27,QCF4_Hafs_27_W,QCF4_Hafs_27_W.ttf,
23,84,1,27,QCF4_Hafs_27_W,QCF4_Hafs_27_W.ttf,
23,85,1,27,QCF4_Hafs_27_W,QCF4_Hafs_27_W.ttf,
23,86,1,27,QCF4_Hafs_27_W,QCF4_Hafs_27_W.ttf,
23,87,1,27,QCF4_Hafs_27_W,QCF4_Hafs_27_W.ttf,
23,88,1,27,QCF4_Hafs_27_W,QCF4_Hafs_27_W.ttf,
23,89,1,27,QCF4_Hafs_27_W,QCF4_Hafs_27_W.ttf,
23,90,1,27,QCF4_Hafs_27_W,QCF4_Hafs_27_W.ttf,
23,91,1,27,QCF4_Hafs_27_W,QCF4_Hafs_27_W.ttf,
23,92,1,27,QCF4_Hafs_27_W,QCF4_Hafs_27_W.ttf,
23,93,1,27,QCF4_Hafs_27_W,QCF4_Hafs_27_W.ttf,
23,94,1,27,QCF4_Hafs_27_W,QCF4_Hafs_27_W.ttf,
23,95,1,27,QCF4_Hafs_27_W,QCF4_Hafs_27_W.ttf,
23,96,1,27,QCF4_Hafs_27_W,QCF4_Hafs_27_W.ttf,
23,97,1,27,QCF4_Hafs_27_W,QCF4_Hafs_27_W.ttf,
23,98,1,27,QCF4_Hafs_27_W,QCF4_Hafs_27_W.ttf,
23,99,1,27,QCF4_Hafs_27_W,QCF4_Hafs_27_W.ttf,
23,100,1,27,QCF4_Hafs_27_W,QCF4_Hafs_27_W.ttf,
23,101,1,27,QCF4_Hafs_27_W,QCF4_Hafs_27_W.ttf,
23,102,1,27,QCF4_Hafs_27_W,QCF4_Hafs_27_W.ttf,
23,103,1,27,QCF4_Hafs_27_W,QCF4_Hafs_27_W.ttf,
23,104,1,27,QCF4_Hafs_27_W,QCF4_Hafs_27_W.ttf,
23,105,1,27,QCF4_Hafs_27_W,QCF4_Hafs_27_W.ttf,
23,106,1,27,QCF4_Hafs_27_W,QCF4_Hafs_27_W.ttf,
23,107,1,27,QCF4_Hafs_27_W,QCF4_Hafs_27_W.ttf,
23,108,1,27,QCF4_Hafs_27_W,QCF4_Hafs_27_W.ttf,
23,109,1,27,QCF4_Hafs_27_W,QCF4_Hafs_27_W.ttf,
23,110,1,27,QCF4_Hafs_27_W,QCF4_Hafs_27_W.ttf,
23,111,1,27,QCF4_Hafs_27_W,QCF4_Hafs_27_W.ttf,
23,112,1,27,QCF4_Hafs_27_W,QCF4_Hafs_27_W.ttf,
23,113,1,27,QCF4_Hafs_27_W,QCF4_Hafs_27_W.ttf,
23,114,1,27,QCF4_Hafs_27_W,QCF4_Hafs_27_W.ttf,
23,115,1,27,QCF4_Hafs_27_W,QCF4_Hafs_27_W.ttf,
23,116,1,27,QCF4_Hafs_27_W,QCF4_Hafs_27_W.ttf,
23,117,1,27,QCF4_Hafs_27_W,QCF4_Hafs_27_W.ttf,
23,118,1,27,QCF4_Hafs_27_W,QCF4_Hafs_27_W.ttf,
24,1,1,27,QCF4_Hafs_27_W,QCF4_Hafs_27_W.ttf,
24,2,1,27,QCF4_Hafs_27_W,QCF4_Hafs_27_W.ttf,
24,3,1,27,QCF4_Hafs_27_W,QCF4_Hafs_27_W.ttf,
24,4,1,27,QCF4_Hafs_27_W,QCF4_Hafs_27_W.ttf,
24,5,1,27,QCF4_Hafs_27_W,QCF4_Hafs_27_W.ttf,
24,6,1,27,QCF4_Hafs_27_W,QCF4_Hafs_27_W.ttf,
24,7,1,27,QCF4_Hafs_27_W,QCF4_Hafs_27_W.ttf,
24,8,1,27,QCF4_Hafs_27_W,QCF4_Hafs_27_W.ttf,
24,9,1,27,QCF4_Hafs_27_W,QCF4_Hafs_27_W.ttf,
24,10,1,27,QCF4_Hafs_27_W,QCF4_Hafs_27_W.ttf,
24,11,1,27,QCF4_Hafs_27_W,QCF4_Hafs_27_W.ttf,
24,12,1,27,QCF4_Hafs_27_W,QCF4_Hafs_27_W.ttf,
24,13,1,27,QCF4_Hafs_27_W,QCF4_Hafs_27_W.ttf,
24,14,1,27,QCF4_Hafs_27_W,QCF4_Hafs_27_W.ttf,
24,15,1,27,QCF4_Hafs_27_W,QCF4_Hafs_27_W.ttf,
24,16,1,27,QCF4_Hafs_27_W,QCF4_Hafs_27_W.ttf,
24,17,1,27,QCF4_Hafs_27_W,QCF4_Hafs_27_W.ttf,
24,18,1,27,QCF4_Hafs_27_W,QCF4_Hafs_27_W.ttf,
24,19,1,27,QCF4_Hafs_27_W,QCF4_Hafs_27_W.ttf,
24,20,1,27,QCF4_Hafs_27_W,QCF4_Hafs_27_W.ttf,
24,21,1,27,QCF4_Hafs_27_W,QCF4_Hafs_27_W.ttf,
24,22,1,27,QCF4_Hafs_27_W,QCF4_Hafs_27_W.ttf,
24,23,1,27,QCF4_Hafs_27_W,QCF4_Hafs_27_W.ttf,
24,24,1,27,QCF4_Hafs_27_W,QCF4_Hafs_27_W.ttf,
24,25,1,27,QCF4_Hafs_27_W,QCF4_Hafs_27_W.ttf,
24,26,1,27,QCF4_Hafs_27_W,QCF4_Hafs_27_W.ttf,
24,27,1,27,QCF4_Hafs_27_W,QCF4_Hafs_27_W.ttf,
24,28,1,27,QCF4_Hafs_27_W,QCF4_Hafs_27_W.ttf,
24,29,1,27,QCF4_Hafs_27_W,QCF4_Hafs_27_W.ttf,
24,30,1,27,QCF4_Hafs_27_W,QCF4_Hafs_27_W.ttf,
24,31,1,27,QCF4_Hafs_27_W,QCF4_Hafs_27_W.ttf,
24,32,1,27,QCF4_Hafs_27_W,QCF4_Hafs_27_W.ttf,
24,33,1,27,QCF4_Hafs_27_W,QCF4_Hafs_27_W.ttf,
24,34,1,27,QCF4_Hafs_27_W,QCF4_Hafs_27_W.ttf,
24,35,1,27,QCF4_Hafs_27_W,QCF4_Hafs_27_W.ttf,
24,36,1,27,QCF4_Hafs_27_W,QCF4_Hafs_27_W.ttf,
24,37,1,28,QCF4_Hafs_28_W,QCF4_Hafs_28_W.ttf,
24,38,1,28,QCF4_Hafs_28_W,QCF4_Hafs_28_W.ttf,
24,39,1,28,QCF4_Hafs_28_W,QCF4_Hafs_28_W.ttf,
24,40,1,28,QCF4_Hafs_28_W,QCF4_Hafs_28_W.ttf,
24,41,1,28,QCF4_Hafs_28_W,QCF4_Hafs_28_W.ttf,
24,42,1,28,QCF4_Hafs_28_W,QCF4_Hafs_28_W.ttf,
24,43,1,28,QCF4_Hafs_28_W,QCF4_Hafs_28_W.ttf,
24,44,1,28,QCF4_Hafs_28_W,QCF4_Hafs_28_W.ttf,
24,45,1,28,QCF4_Hafs_28_W,QCF4_Hafs_28_W.ttf,
24,46,1,28,QCF4_Hafs_28_W,QCF4_Hafs_28_W.ttf,
24,47,1,28,QCF4_Hafs_28_W,QCF4_Hafs_28_W.ttf,
24,48,1,28,QCF4_Hafs_28_W,QCF4_Hafs_28_W.ttf,
24,49,1,28,QCF4_Hafs_28_W,QCF4_Hafs_28_W.ttf,
24,50,1,28,QCF4_Hafs_28_W,QCF4_Hafs_28_W.ttf,
24,51,1,28,QCF4_Hafs_28_W,QCF4_Hafs_28_W.ttf,
24,52,1,28,QCF4_Hafs_28_W,QCF4_Hafs_28_W.ttf,
24,53,1,28,QCF4_Hafs_28_W,QCF4_Hafs_28_W.ttf,
24,54,1,28,QCF4_Hafs_28_W,QCF4_Hafs_28_W.ttf,
24,55,1,28,QCF4_Hafs_28_W,QCF4_Hafs_28_W.ttf,
24,56,1,28,QCF4_Hafs_28_W,QCF4_Hafs_28_W.ttf,
24,57,1,28,QCF4_Hafs_28_W,QCF4_Hafs_28_W.ttf,
24,58,1,28,QCF4_Hafs_28_W,QCF4_Hafs_28_W.ttf,
24,59,1,28,QCF4_Hafs_28_W,QCF4_Hafs_28_W.ttf,
24,60,1,28,QCF4_Hafs_28_W,QCF4_Hafs_28_W.ttf,
24,61,1,28,QCF4_Hafs_28_W,QCF4_Hafs_28_W.ttf,
24,62,1,28,QCF4_Hafs_28_W,QCF4_Hafs_28_W.ttf,
24,63,1,28,QCF4_Hafs_28_W,QCF4_Hafs_28_W.ttf,
24,64,1,28,QCF4_Hafs_28_W,QCF4_Hafs_28_W.ttf,
25,1,1,28,QCF4_Hafs_28_W,QCF4_Hafs_28_W.ttf,
25,2,1,28,QCF4_Hafs_28_W,QCF4_Hafs_28_W.ttf,
25,3,1,28,QCF4_Hafs_28_W,QCF4_Hafs_28_W.ttf,
25,4,1,28,QCF4_Hafs_28_W,QCF4_Hafs_28_W.ttf,
25,5,1,28,QCF4_Hafs_28_W,QCF4_Hafs_28_W.ttf,
25,6,1,28,QCF4_Hafs_28_W,QCF4_Hafs_28_W.ttf,
25,7,1,28,QCF4_Hafs_28_W,QCF4_Hafs_28_W.ttf,
25,8,1,28,QCF4_Hafs_28_W,QCF4_Hafs_28_W.ttf,
25,9,1,28,QCF4_Hafs_28_W,QCF4_Hafs_28_W.ttf,
25,10,1,28,QCF4_Hafs_28_W,QCF4_Hafs_28_W.ttf,
25,11,1,28,QCF4_Hafs_28_W,QCF4_Hafs_28_W.ttf,
25,12,1,28,QCF4_Hafs_28_W,QCF4_Hafs_28_W.ttf,
25,13,1,28,QCF4_Hafs_28_W,QCF4_Hafs_28_W.ttf,
25,14,1,28,QCF4_Hafs_28_W,QCF4_Hafs_28_W.ttf,
25,15,1,28,QCF4_Hafs_28_W,QCF4_Hafs_28_W.ttf,
25,16,1,28,QCF4_Hafs_28_W,QCF4_Hafs_28_W.ttf,
25,17,1,28,QCF4_Hafs_28_W,QCF4_Hafs_28_W.ttf,
25,18,1,28,QCF4_Hafs_28_W,QCF4_Hafs_28_W.ttf,
25,19,1,28,QCF4_Hafs_28_W,QCF4_Hafs_28_W.ttf,
25,20,1,28,QCF4_Hafs_28_W,QCF4_Hafs_28_W.ttf,
25,21,1,28,QCF4_Hafs_28_W,QCF4_Hafs_28_W.ttf,
25,22,1,28,QCF4_Hafs_28_W,QCF4_Hafs_28_W.ttf,
25,23,1,28,QCF4_Hafs_28_W,QCF4_Hafs_28_W.ttf,
25,24,1,28,QCF4_Hafs_28_W,QCF4_Hafs_28_W.ttf,
25,25,1,28,QCF4_Hafs_28_W,QCF4_Hafs_28_W.ttf,
25,26,1,28,QCF4_Hafs_28_W,QCF4_Hafs_28_W.ttf,
25,27,1,28,QCF4_Hafs_28_W,QCF4_Hafs_28_W.ttf,
25,28,1,28,QCF4_Hafs_28_W,QCF4_Hafs_28_W.ttf,
25,29,1,28,QCF4_Hafs_28_W,QCF4_Hafs_28_W.ttf,
25,30,1,28,QCF4_Hafs_28_W,QCF4_Hafs_28_W.ttf,
25,31,1,28,QCF4_Hafs_28_W,QCF4_Hafs_28_W.ttf,
25,32,1,28,QCF4_Hafs_28_W,QCF4_Hafs_28_W.ttf,
25,33,1,28,QCF4_Hafs_28_W,QCF4_Hafs_28_W.ttf,
25,34,1,28,QCF4_Hafs_28_W,QCF4_Hafs_28_W.ttf,
25,35,1,28,QCF4_Hafs_28_W,QCF4_Hafs_28_W.ttf,
25,36,1,28,QCF4_Hafs_28_W,QCF4_Hafs_28_W.ttf,
25,37,1,28,QCF4_Hafs_28_W,QCF4_Hafs_28_W.ttf,
25,38,1,28,QCF4_Hafs_28_W,QCF4_Hafs_28_W.ttf,
25,39,1,28,QCF4_Hafs_28_W,QCF4_Hafs_28_W.ttf,
25,40,1,28,QCF4_Hafs_28_W,QCF4_Hafs_28_W.ttf,
25,41,1,28,QCF4_Hafs_28_W,QCF4_Hafs_28_W.ttf,
25,42,1,28,QCF4_Hafs_28_W,QCF4_Hafs_28_W.ttf,
25,43,1,28,QCF4_Hafs_28_W,QCF4_Hafs_28_W.ttf,
25,44,1,28,QCF4_Hafs_28_W,QCF4_Hafs_28_W.ttf,
25,45,1,28,QCF4_Hafs_28_W,QCF4_Hafs_28_W.ttf,
25,46,1,28,QCF4_Hafs_28_W,QCF4_Hafs_28_W.ttf,
25,47,1,28,QCF4_Hafs_28_W,QCF4_Hafs_28_W.ttf,
25,48,1,28,QCF4_Hafs_28_W,QCF4_Hafs_28_W.ttf,
25,49,1,28,QCF4_Hafs_28_W,QCF4_Hafs_28_W.ttf,
25,50,1,28,QCF4_Hafs_28_W,QCF4_Hafs_28_W.ttf,
25,51,1,28,QCF4_Hafs_28_W,QCF4_Hafs_28_W.ttf,
25,52,1,28,QCF4_Hafs_28_W,QCF4_Hafs_28_W.ttf,
25,53,1,28,QCF4_Hafs_28_W,QCF4_Hafs_28_W.ttf,
25,54,1,28,QCF4_Hafs_28_W,QCF4_Hafs_28_W.ttf,
25,55,1,28,QCF4_Hafs_28_W,QCF4_Hafs_28_W.ttf,
25,56,1,28,QCF4_Hafs_28_W,QCF4_Hafs_28_W.ttf,
25,57,1,28,QCF4_Hafs_28_W,QCF4_Hafs_28_W.ttf,
25,58,1,28,QCF4_Hafs_28_W,QCF4_Hafs_28_W.ttf,
25,59,1,28,QCF4_Hafs_28_W,QCF4_Hafs_28_W.ttf,
25,60,1,28,QCF4_Hafs_28_W,QCF4_Hafs_28_W.ttf,
25,61,1,28,QCF4_Hafs_28_W,QCF4_Hafs_28_W.ttf,
25,62,1,28,QCF4_Hafs_28_W,QCF4_Hafs_28_W.ttf,
25,63,1,28,QCF4_Hafs_28_W,QCF4_Hafs_28_W.ttf,
25,64,1,28,QCF4_Hafs_28_W,QCF4_Hafs_28_W.ttf,
25,65,1,28,QCF4_Hafs_28_W,QCF4_Hafs_28_W.ttf,
25,66,1,28,QCF4_Hafs_28_W,QCF4_Hafs_28_W.ttf,
25,67,1,28,QCF4_Hafs_28_W,QCF4_Hafs_28_W.ttf,
25,68,1,28,QCF4_Hafs_28_W,QCF4_Hafs_28_W.ttf,
25,69,1,28,QCF4_Hafs_28_W,QCF4_Hafs_28_W.ttf,
25,70,1,28,QCF4_Hafs_28_W,QCF4_Hafs_28_W.ttf,
25,71,1,28,QCF4_Hafs_28_W,QCF4_Hafs_28_W.ttf,
25,72,1,28,QCF4_Hafs_28_W,QCF4_Hafs_28_W.ttf,
25,73,1,28,QCF4_Hafs_28_W,QCF4_Hafs_28_W.ttf,
25,74,1,28,QCF4_Hafs_28_W,QCF4_Hafs_28_W.ttf,
25,75,1,28,QCF4_Hafs_28_W,QCF4_Hafs_28_W.ttf,
25,76,1,28,QCF4_Hafs_28_W,QCF4_Hafs_28_W.ttf,
25,77,1,28,QCF4_Hafs_28_W,QCF4_Hafs_28_W.ttf,
26,1,1,28,QCF4_Hafs_28_W,QCF4_Hafs_28_W.ttf,
26,2,1,28,QCF4_Hafs_28_W,QCF4_Hafs_28_W.ttf,
26,3,1,28,QCF4_Hafs_28_W,QCF4_Hafs_28_W.ttf,
26,4,1,28,QCF4_Hafs_28_W,QCF4_Hafs_28_W.ttf,
26,5,1,28,QCF4_Hafs_28_W,QCF4_Hafs_28_W.ttf,
26,6,1,28,QCF4_Hafs_28_W,QCF4_Hafs_28_W.ttf,
26,7,1,28,QCF4_Hafs_28_W,QCF4_Hafs_28_W.ttf,
26,8,1,28,QCF4_Hafs_28_W,QCF4_Hafs_28_W.ttf,
26,9,1,28,QCF4_Hafs_28_W,QCF4_Hafs_28_W.ttf,
26,10,1,28,QCF4_Hafs_28_W,QCF4_Hafs_28_W.ttf,
26,11,1,28,QCF4_Hafs_28_W,QCF4_Hafs_28_W.ttf,
26,12,1,28,QCF4_Hafs_28_W,QCF4_Hafs_28_W.ttf,
26,13,1,28,QCF4_Hafs_28_W,QCF4_Hafs_28_W.ttf,
26,14,1,28,QCF4_Hafs_28_W,QCF4_Hafs_28_W.ttf,
26,15,1,28,QCF4_Hafs_28_W,QCF4_Hafs_28_W.ttf,
26,16,1,28,QCF4_Hafs_28_W,QCF4_Hafs_28_W.ttf,
26,17,1,28,QCF4_Hafs_28_W,QCF4_Hafs_28_W.ttf,
26,18,1,28,QCF4_Hafs_28_W,QCF4_Hafs_28_W.ttf,
26,19,1,28,QCF4_Hafs_28_W,QCF4_Hafs_28_W.ttf,
26,20,1,29,QCF4_Hafs_29_W,QCF4_Hafs_29_W.ttf,
26,21,1,29,QCF4_Hafs_29_W,QCF4_Hafs_29_W.ttf,
26,22,1,29,QCF4_Hafs_29_W,QCF4_Hafs_29_W.ttf,
26,23,1,29,QCF4_Hafs_29_W,QCF4_Hafs_29_W.ttf,
26,24,1,29,QCF4_Hafs_29_W,QCF4_Hafs_29_W.ttf,
26,25,1,29,QCF4_Hafs_29_W,QCF4_Hafs_29_W.ttf,
26,26,1,29,QCF4_Hafs_29_W,QCF4_Hafs_29_W.ttf,
26,27,1,29,QCF4_Hafs_29_W,QCF4_Hafs_29_W.ttf,
26,28,1,29,QCF4_Hafs_29_W,QCF4_Hafs_29_W.ttf,
26,29,1,29,QCF4_Hafs_29_W,QCF4_Hafs_29_W.ttf,
26,30,1,29,QCF4_Hafs_29_W,QCF4_Hafs_29_W.ttf,
26,31,1,29,QCF4_Hafs_29_W,QCF4_Hafs_29_W.ttf,
26,32,1,29,QCF4_Hafs_29_W,QCF4_Hafs_29_W.ttf,
26,33,1,29,QCF4_Hafs_29_W,QCF4_Hafs_29_W.ttf,
26,34,1,29,QCF4_Hafs_29_W,QCF4_Hafs_29_W.ttf,
26,35,1,29,QCF4_Hafs_29_W,QCF4_Hafs_29_W.ttf,
26,36,1,29,QCF4_Hafs_29_W,QCF4_Hafs_29_W.ttf,
26,37,1,29,QCF4_Hafs_29_W,QCF4_Hafs_29_W.ttf,
26,38,1,29,QCF4_Hafs_29_W,QCF4_Hafs_29_W.ttf,
26,39,1,29,QCF4_Hafs_29_W,QCF4_Hafs_29_W.ttf,
26,40,1,29,QCF4_Hafs_29_W,QCF4_Hafs_29_W.ttf,
26,41,1,29,QCF4_Hafs_29_W,QCF4_Hafs_29_W.ttf,
26,42,1,29,QCF4_Hafs_29_W,QCF4_Hafs_29_W.ttf,
26,43,1,29,QCF4_Hafs_29_W,QCF4_Hafs_29_W.ttf,
26,44,1,29,QCF4_Hafs_29_W,QCF4_Hafs_29_W.ttf,
26,45,1,29,QCF4_Hafs_29_W,QCF4_Hafs_29_W.ttf,
26,46,1,29,QCF4_Hafs_29_W,QCF4_Hafs_29_W.ttf,
26,47,1,29,QCF4_Hafs_29_W,QCF4_Hafs_29_W.ttf,
26,48,1,29,QCF4_Hafs_29_W,QCF4_Hafs_29_W.ttf,
26,49,1,29,QCF4_Hafs_29_W,QCF4_Hafs_29_W.ttf,
26,50,1,29,QCF4_Hafs_29_W,QCF4_Hafs_29_W.ttf,
26,51,1,29,QCF4_Hafs_29_W,QCF4_Hafs_29_W.ttf,
26,52,1,29,QCF4_Hafs_29_W,QCF4_Hafs_29_W.ttf,
26,53,1,29,QCF4_Hafs_29_W,QCF4_Hafs_29_W.ttf,
26,54,1,29,QCF4_Hafs_29_W,QCF4_Hafs_29_W.ttf,
26,55,1,29,QCF4_Hafs_29_W,QCF4_Hafs_29_W.ttf,
26,56,1,29,QCF4_Hafs_29_W,QCF4_Hafs_29_W.ttf,
26,57,1,29,QCF4_Hafs_29_W,QCF4_Hafs_29_W.ttf,
26,58,1,29,QCF4_Hafs_29_W,QCF4_Hafs_29_W.ttf,
26,59,1,29,QCF4_Hafs_29_W,QCF4_Hafs_29_W.ttf,
26,60,1,29,QCF4_Hafs_29_W,QCF4_Hafs_29_W.ttf,
26,61,1,29,QCF4_Hafs_29_W,QCF4_Hafs_29_W.ttf,
26,62,1,29,QCF4_Hafs_29_W,QCF4_Hafs_29_W.ttf,
26,63,1,29,QCF4_Hafs_29_W,QCF4_Hafs_29_W.ttf,
26,64,1,29,QCF4_Hafs_29_W,QCF4_Hafs_29_W.ttf,
26,65,1,29,QCF4_Hafs_29_W,QCF4_Hafs_29_W.ttf,
26,66,1,29,QCF4_Hafs_29_W,QCF4_Hafs_29_W.ttf,
26,67,1,29,QCF4_Hafs_29_W,QCF4_Hafs_29_W.ttf,
26,68,1,29,QCF4_Hafs_29_W,QCF4_Hafs_29_W.ttf,
26,69,1,29,QCF4_Hafs_29_W,QCF4_Hafs_29_W.ttf,
26,70,1,29,QCF4_Hafs_29_W,QCF4_Hafs_29_W.ttf,
26,71,1,29,QCF4_Hafs_29_W,QCF4_Hafs_29_W.ttf,
26,72,1,29,QCF4_Hafs_29_W,QCF4_Hafs_29_W.ttf,
26,73,1,29,QCF4_Hafs_29_W,QCF4_Hafs_29_W.ttf,
26,74,1,29,QCF4_Hafs_29_W,QCF4_Hafs_29_W.ttf,
26,75,1,29,QCF4_Hafs_29_W,QCF4_Hafs_29_W.ttf,
26,76,1,29,QCF4_Hafs_29_W,QCF4_Hafs_29_W.ttf,
26,77,1,29,QCF4_Hafs_29_W,QCF4_Hafs_29_W.ttf,
26,78,1,29,QCF4_Hafs_29_W,QCF4_Hafs_29_W.ttf,
26,79,1,29,QCF4_Hafs_29_W,QCF4_Hafs_29_W.ttf,
26,80,1,29,QCF4_Hafs_29_W,QCF4_Hafs_29_W.ttf,
26,81,1,29,QCF4_Hafs_29_W,QCF4_Hafs_29_W.ttf,
26,82,1,29,QCF4_Hafs_29_W,QCF4_Hafs_29_W.ttf,
26,83,1,29,QCF4_Hafs_29_W,QCF4_Hafs_29_W.ttf,
26,84,1,29,QCF4_Hafs_29_W,QCF4_Hafs_29_W.ttf,
26,85,1,29,QCF4_Hafs_29_W,QCF4_Hafs_29_W.ttf,
26,86,1,29,QCF4_Hafs_29_W,QCF4_Hafs_29_W.ttf,
26,87,1,29,QCF4_Hafs_29_W,QCF4_Hafs_29_W.ttf,
26,88,1,29,QCF4_Hafs_29_W,QCF4_Hafs_29_W.ttf,
26,89,1,29,QCF4_Hafs_29_W,QCF4_Hafs_29_W.ttf,
26,90,1,29,QCF4_Hafs_29_W,QCF4_Hafs_29_W.ttf,
26,91,1,29,QCF4_Hafs_29_W,QCF4_Hafs_29_W.ttf,
26,92,1,29,QCF4_Hafs_29_W,QCF4_Hafs_29_W.ttf,
26,93,1,29,QCF4_Hafs_29_W,QCF4_Hafs_29_W.ttf,
26,94,1,29,QCF4_Hafs_29_W,QCF4_Hafs_29_W.ttf,
26,95,1,29,QCF4_Hafs_29_W,QCF4_Hafs_29_W.ttf,
26,96,1,29,QCF4_Hafs_29_W,QCF4_Hafs_29_W.ttf,
26,97,1,29,QCF4_Hafs_29_W,QCF4_Hafs_29_W.ttf,
26,98,1,29,QCF4_Hafs_29_W,QCF4_Hafs_29_W.ttf,
26,99,1,29,QCF4_Hafs_29_W,QCF4_Hafs_29_W.ttf,
26,100,1,29,QCF4_Hafs_29_W,QCF4_Hafs_29_W.ttf,
26,101,1,29,QCF4_Hafs_29_W,QCF4_Hafs_29_W.ttf,
26,102,1,29,QCF4_Hafs_29_W,QCF4_Hafs_29_W.ttf,
26,103,1,29,QCF4_Hafs_29_W,QCF4_Hafs_29_W.ttf,
26,104,1,29,QCF4_Hafs_29_W,QCF4_Hafs_29_W.ttf,
26,105,1,29,QCF4_Hafs_29_W,QCF4_Hafs_29_W.ttf,
26,106,1,29,QCF4_Hafs_29_W,QCF4_Hafs_29_W.ttf,
26,107,1,29,QCF4_Hafs_29_W,QCF4_Hafs_29_W.ttf,
26,108,1,29,QCF4_Hafs_29_W,QCF4_Hafs_29_W.ttf,
26,109,1,29,QCF4_Hafs_29_W,QCF4_Hafs_29_W.ttf,
26,110,1,29,QCF4_Hafs_29_W,QCF4_Hafs_29_W.ttf,
26,111,1,29,QCF4_Hafs_29_W,QCF4_Hafs_29_W.ttf,
26,112,1,29,QCF4_Hafs_29_W,QCF4_Hafs_29_W.ttf,
26,113,1,29,QCF4_Hafs_29_W,QCF4_Hafs_29_W.ttf,
26,114,1,29,QCF4_Hafs_29_W,QCF4_Hafs_29_W.ttf,
26,115,1,29,QCF4_Hafs_29_W,QCF4_Hafs_29_W.ttf,
26,116,1,29,QCF4_Hafs_29_W,QCF4_Hafs_29_W.ttf,
26,117,1,29,QCF4_Hafs_29_W,QCF4_Hafs_29_W.ttf,
26,118,1,29,QCF4_Hafs_29_W,QCF4_Hafs_29_W.ttf,
26,119,1,29,QCF4_Hafs_29_W,QCF4_Hafs_29_W.ttf,
26,120,1,29,QCF4_Hafs_29_W,QCF4_Hafs_29_W.ttf,
26,121,1,29,QCF4_Hafs_29_W,QCF4_Hafs_29_W.ttf,
26,122,1,29,QCF4_Hafs_29_W,QCF4_Hafs_29_W.ttf,
26,123,1,29,QCF4_Hafs_29_W,QCF4_Hafs_29_W.ttf,
26,124,1,29,QCF4_Hafs_29_W,QCF4_Hafs_29_W.ttf,
26,125,1,29,QCF4_Hafs_29_W,QCF4_Hafs_29_W.ttf,
26,126,1,29,QCF4_Hafs_29_W,QCF4_Hafs_29_W.ttf,
26,127,1,29,QCF4_Hafs_29_W,QCF4_Hafs_29_W.ttf,
26,128,1,29,QCF4_Hafs_29_W,QCF4_Hafs_29_W.ttf,
26,129,1,29,QCF4_Hafs_29_W,QCF4_Hafs_29_W.ttf,
26,130,1,29,QCF4_Hafs_29_W,QCF4_Hafs_29_W.ttf,
26,131,1,29,QCF4_Hafs_29_W,QCF4_Hafs_29_W.ttf,
26,132,1,29,QCF4_Hafs_29_W,QCF4_Hafs_29_W.ttf,
26,133,1,29,QCF4_Hafs_29_W,QCF4_Hafs_29_W.ttf,
26,134,1,29,QCF4_Hafs_29_W,QCF4_Hafs_29_W.ttf,
26,135,1,29,QCF4_Hafs_29_W,QCF4_Hafs_29_W.ttf,
26,136,1,29,QCF4_Hafs_29_W,QCF4_Hafs_29_W.ttf,
26,137,1,29,QCF4_Hafs_29_W,QCF4_Hafs_29_W.ttf,
26,138,1,29,QCF4_Hafs_29_W,QCF4_Hafs_29_W.ttf,
26,139,1,29,QCF4_Hafs_29_W,QCF4_Hafs_29_W.ttf,
26,140,1,29,QCF4_Hafs_29_W,QCF4_Hafs_29_W.ttf,
26,141,1,29,QCF4_Hafs_29_W,QCF4_Hafs_29_W.ttf,
26,142,1,29,QCF4_Hafs_29_W,QCF4_Hafs_29_W.ttf,
26,143,1,29,QCF4_Hafs_29_W,QCF4_Hafs_29_W.ttf,
26,144,1,29,QCF4_Hafs_29_W,QCF4_Hafs_29_W.ttf,
26,145,1,29,QCF4_Hafs_29_W,QCF4_Hafs_29_W.ttf,
26,146,1,29,QCF4_Hafs_29_W,QCF4_Hafs_29_W.ttf,
26,147,1,29,QCF4_Hafs_29_W,QCF4_Hafs_29_W.ttf,
26,148,1,29,QCF4_Hafs_29_W,QCF4_Hafs_29_W.ttf,
26,149,1,29,QCF4_Hafs_29_W,QCF4_Hafs_29_W.ttf,
26,150,1,29,QCF4_Hafs_29_W,QCF4_Hafs_29_W.ttf,
26,151,1,29,QCF4_Hafs_29_W,QCF4_Hafs_29_W.ttf,
26,152,1,29,QCF4_Hafs_29_W,QCF4_Hafs_29_W.ttf,
26,153,1,29,QCF4_Hafs_29_W,QCF4_Hafs_29_W.ttf,
26,154,1,29,QCF4_Hafs_29_W,QCF4_Hafs_29_W.ttf,
26,155,1,29,QCF4_Hafs_29_W,QCF4_Hafs_29_W.ttf,
26,156,1,29,QCF4_Hafs_29_W,QCF4_Hafs_29_W.ttf,
26,157,1,29,QCF4_Hafs_29_W,QCF4_Hafs_29_W.ttf,
26,158,1,29,QCF4_Hafs_29_W,QCF4_Hafs_29_W.ttf,
26,159,1,29,QCF4_Hafs_29_W,QCF4_Hafs_29_W.ttf,
26,160,1,29,QCF4_Hafs_29_W,QCF4_Hafs_29_W.ttf,
26,161,1,29,QCF4_Hafs_29_W,QCF4_Hafs_29_W.ttf,
26,162,1,29,QCF4_Hafs_29_W,QCF4_Hafs_29_W.ttf,
26,163,1,29,QCF4_Hafs_29_W,QCF4_Hafs_29_W.ttf,
26,164,1,29,QCF4_Hafs_29_W,QCF4_Hafs_29_W.ttf,
26,165,1,29,QCF4_Hafs_29_W,QCF4_Hafs_29_W.ttf,
26,166,1,29,QCF4_Hafs_29_W,QCF4_Hafs_29_W.ttf,
26,167,1,29,QCF4_Hafs_29_W,QCF4_Hafs_29_W.ttf,
26,168,1,29,QCF4_Hafs_29_W,QCF4_Hafs_29_W.ttf,
26,169,1,29,QCF4_Hafs_29_W,QCF4_Hafs_29_W.ttf,
26,170,1,29,QCF4_Hafs_29_W,QCF4_Hafs_29_W.ttf,
26,171,1,29,QCF4_Hafs_29_W,QCF4_Hafs_29_W.ttf,
26,172,1,29,QCF4_Hafs_29_W,QCF4_Hafs_29_W.ttf,
26,173,1,29,QCF4_Hafs_29_W,QCF4_Hafs_29_W.ttf,
26,174,1,29,QCF4_Hafs_29_W,QCF4_Hafs_29_W.ttf,
26,175,1,29,QCF4_Hafs_29_W,QCF4_Hafs_29_W.ttf,
26,176,1,29,QCF4_Hafs_29_W,QCF4_Hafs_29_W.ttf,
26,177,1,29,QCF4_Hafs_29_W,QCF4_Hafs_29_W.ttf,
26,178,1,29,QCF4_Hafs_29_W,QCF4_Hafs_29_W.ttf,
26,179,1,29,QCF4_Hafs_29_W,QCF4_Hafs_29_W.ttf,
26,180,1,29,QCF4_Hafs_29_W,QCF4_Hafs_29_W.ttf,
26,181,1,29,QCF4_Hafs_29_W,QCF4_Hafs_29_W.ttf,
26,182,1,29,QCF4_Hafs_29_W,QCF4_Hafs_29_W.ttf,
26,183,1,29,QCF4_Hafs_29_W,QCF4_Hafs_29_W.ttf,
26,184,1,29,QCF4_Hafs_29_W,QCF4_Hafs_29_W.ttf,
26,185,1,29,QCF4_Hafs_29_W,QCF4_Hafs_29_W.ttf,
26,186,1,29,QCF4_Hafs_29_W,QCF4_Hafs_29_W.ttf,
26,187,1,29,QCF4_Hafs_29_W,QCF4_Hafs_29_W.ttf,
26,188,1,29,QCF4_Hafs_29_W,QCF4_Hafs_29_W.ttf,
26,189,1,29,QCF4_Hafs_29_W,QCF4_Hafs_29_W.ttf,
26,190,1,29,QCF4_Hafs_29_W,QCF4_Hafs_29_W.ttf,
26,191,1,29,QCF4_Hafs_29_W,QCF4_Hafs_29_W.ttf,
26,192,1,29,QCF4_Hafs_29_W,QCF4_Hafs_29_W.ttf,
26,193,1,29,QCF4_Hafs_29_W,QCF4_Hafs_29_W.ttf,
26,194,1,29,QCF4_Hafs_29_W,QCF4_Hafs_29_W.ttf,
26,195,1,29,QCF4_Hafs_29_W,QCF4_Hafs_29_W.ttf,
26,196,1,29,QCF4_Hafs_29_W,QCF4_Hafs_29_W.ttf,
26,197,1,29,QCF4_Hafs_29_W,QCF4_Hafs_29_W.ttf,
26,198,1,29,QCF4_Hafs_29_W,QCF4_Hafs_29_W.ttf,
26,199,1,29,QCF4_Hafs_29_W,QCF4_Hafs_29_W.ttf,
26,200,1,29,QCF4_Hafs_29_W,QCF4_Hafs_29_W.ttf,
26,201,1,29,QCF4_Hafs_29_W,QCF4_Hafs_29_W.ttf,
26,202,1,29,QCF4_Hafs_29_W,QCF4_Hafs_29_W.ttf,
26,203,1,29,QCF4_Hafs_29_W,QCF4_Hafs_29_W.ttf,
26,204,1,29,QCF4_Hafs_29_W,QCF4_Hafs_29_W.ttf,
26,205,1,29,QCF4_Hafs_29_W,QCF4_Hafs_29_W.ttf,
26,206,1,29,QCF4_Hafs_29_W,QCF4_Hafs_29_W.ttf,
26,207,1,29,QCF4_Hafs_29_W,QCF4_Hafs_29_W.ttf,
26,208,1,29,QCF4_Hafs_29_W,QCF4_Hafs_29_W.ttf,
26,209,1,29,QCF4_Hafs_29_W,QCF4_Hafs_29_W.ttf,
26,210,1,29,QCF4_Hafs_29_W,QCF4_Hafs_29_W.ttf,
26,211,1,29,QCF4_Hafs_29_W,QCF4_Hafs_29_W.ttf,
26,212,1,29,QCF4_Hafs_29_W,QCF4_Hafs_29_W.ttf,
26,213,1,29,QCF4_Hafs_29_W,QCF4_Hafs_29_W.ttf,
26,214,1,29,QCF4_Hafs_29_W,QCF4_Hafs_29_W.ttf,
26,215,1,29,QCF4_Hafs_29_W,QCF4_Hafs_29_W.ttf,
26,216,1,29,QCF4_Hafs_29_W,QCF4_Hafs_29_W.ttf,
26,217,1,29,QCF4_Hafs_29_W,QCF4_Hafs_29_W.ttf,
26,218,1,29,QCF4_Hafs_29_W,QCF4_Hafs_29_W.ttf,
26,219,1,29,QCF4_Hafs_29_W,QCF4_Hafs_29_W.ttf,
26,220,1,29,QCF4_Hafs_29_W,QCF4_Hafs_29_W.ttf,
26,221,1,29,QCF4_Hafs_29_W,QCF4_Hafs_29_W.ttf,
26,222,1,29,QCF4_Hafs_29_W,QCF4_Hafs_29_W.ttf,
26,223,1,29,QCF4_Hafs_29_W,QCF4_Hafs_29_W.ttf,
26,224,1,29,QCF4_Hafs_29_W,QCF4_Hafs_29_W.ttf,
26,225,1,29,QCF4_Hafs_29_W,QCF4_Hafs_29_W.ttf,
26,226,1,29,QCF4_Hafs_29_W,QCF4_Hafs_29_W.ttf,
26,227,1,29,QCF4_Hafs_29_W,QCF4_Hafs_29_W.ttf,
27,1,1,29,QCF4_Hafs_29_W,QCF4_Hafs_29_W.ttf,
27,2,1,29,QCF4_Hafs_29_W,QCF4_Hafs_29_W.ttf,
27,3,1,29,QCF4_Hafs_29_W,QCF4_Hafs_29_W.ttf,
27,4,1,29,QCF4_Hafs_29_W,QCF4_Hafs_29_W.ttf,
27,5,1,29,QCF4_Hafs_29_W,QCF4_Hafs_29_W.ttf,
27,6,1,29,QCF4_Hafs_29_W,QCF4_Hafs_29_W.ttf,
27,7,1,29,QCF4_Hafs_29_W,QCF4_Hafs_29_W.ttf,
27,8,1,29,QCF4_Hafs_29_W,QCF4_Hafs_29_W.ttf,
27,9,1,29,QCF4_Hafs_29_W,QCF4_Hafs_29_W.ttf,
27,10,1,29,QCF4_Hafs_29_W,QCF4_Hafs_29_W.ttf,
27,11,1,29,QCF4_Hafs_29_W,QCF4_Hafs_29_W.ttf,
27,12,1,29,QCF4_Hafs_29_W,QCF4_Hafs_29_W.ttf,
27,13,1,29,QCF4_Hafs_29_W,QCF4_Hafs_29_W.ttf,
27,14,1,29,QCF4_Hafs_29_W,QCF4_Hafs_29_W.ttf,
27,15,1,29,QCF4_Hafs_29_W,QCF4_Hafs_29_W.ttf,
27,16,1,29,QCF4_Hafs_29_W,QCF4_Hafs_29_W.ttf,
27,17,1,29,QCF4_Hafs_29_W,QCF4_Hafs_29_W.ttf,
27,18,1,29,QCF4_Hafs_29_W,QCF4_Hafs_29_W.ttf,
27,19,1,29,QCF4_Hafs_29_W,QCF4_Hafs_29_W.ttf,
27,20,1,29,QCF4_Hafs_29_W,QCF4_Hafs_29_W.ttf,
27,21,1,29,QCF4_Hafs_29_W,QCF4_Hafs_29_W.ttf,
27,22,1,29,QCF4_Hafs_29_W,QCF4_Hafs_29_W.ttf,
27,23,1,29,QCF4_Hafs_29_W,QCF4_Hafs_29_W.ttf,
27,24,1,29,QCF4_Hafs_29_W,QCF4_Hafs_29_W.ttf,
27,25,1,29,QCF4_Hafs_29_W,QCF4_Hafs_29_W.ttf,
27,26,1,29,QCF4_Hafs_29_W,QCF4_Hafs_29_W.ttf,
27,27,1,29,QCF4_Hafs_29_W,QCF4_Hafs_29_W.ttf,
27,28,1,29,QCF4_Hafs_29_W,QCF4_Hafs_29_W.ttf,
27,29,1,29,QCF4_Hafs_29_W,QCF4_Hafs_29_W.ttf,
27,30,1,29,QCF4_Hafs_29_W,QCF4_Hafs_29_W.ttf,
27,31,1,29,QCF4_Hafs_29_W,QCF4_Hafs_29_W.ttf,
27,32,1,29,QCF4_Hafs_29_W,QCF4_Hafs_29_W.ttf,
27,33,1,29,QCF4_Hafs_29_W,QCF4_Hafs_29_W.ttf,
27,34,1,29,QCF4_Hafs_29_W,QCF4_Hafs_29_W.ttf,
27,35,1,29,QCF4_Hafs_29_W,QCF4_Hafs_29_W.ttf,
27,36,1,30,QCF4_Hafs_30_W,QCF4_Hafs_30_W.ttf,
27,37,1,30,QCF4_Hafs_30_W,QCF4_Hafs_30_W.ttf,
27,38,1,30,QCF4_Hafs_30_W,QCF4_Hafs_30_W.ttf,
27,39,1,30,QCF4_Hafs_30_W,QCF4_Hafs_30_W.ttf,
27,40,1,30,QCF4_Hafs_30_W,QCF4_Hafs_30_W.ttf,
27,41,1,30,QCF4_Hafs_30_W,QCF4_Hafs_30_W.ttf,
27,42,1,30,QCF4_Hafs_30_W,QCF4_Hafs_30_W.ttf,
27,43,1,30,QCF4_Hafs_30_W,QCF4_Hafs_30_W.ttf,
27,44,1,30,QCF4_Hafs_30_W,QCF4_Hafs_30_W.ttf,
27,45,1,30,QCF4_Hafs_30_W,QCF4_Hafs_30_W.ttf,
27,46,1,30,QCF4_Hafs_30_W,QCF4_Hafs_30_W.ttf,
27,47,1,30,QCF4_Hafs_30_W,QCF4_Hafs_30_W.ttf,
27,48,1,30,QCF4_Hafs_30_W,QCF4_Hafs_30_W.ttf,
27,49,1,30,QCF4_Hafs_30_W,QCF4_Hafs_30_W.ttf,
27,50,1,30,QCF4_Hafs_30_W,QCF4_Hafs_30_W.ttf,
27,51,1,30,QCF4_Hafs_30_W,QCF4_Hafs_30_W.ttf,
27,52,1,30,QCF4_Hafs_30_W,QCF4_Hafs_30_W.ttf,
27,53,1,30,QCF4_Hafs_30_W,QCF4_Hafs_30_W.ttf,
27,54,1,30,QCF4_Hafs_30_W,QCF4_Hafs_30_W.ttf,
27,55,1,30,QCF4_Hafs_30_W,QCF4_Hafs_30_W.ttf,
27,56,1,30,QCF4_Hafs_30_W,QCF4_Hafs_30_W.ttf,
27,57,1,30,QCF4_Hafs_30_W,QCF4_Hafs_30_W.ttf,
27,58,1,30,QCF4_Hafs_30_W,QCF4_Hafs_30_W.ttf,
27,59,1,30,QCF4_Hafs_30_W,QCF4_Hafs_30_W.ttf,
27,60,1,30,QCF4_Hafs_30_W,QCF4_Hafs_30_W.ttf,
27,61,1,30,QCF4_Hafs_30_W,QCF4_Hafs_30_W.ttf,
27,62,1,30,QCF4_Hafs_30_W,QCF4_Hafs_30_W.ttf,
27,63,1,30,QCF4_Hafs_30_W,QCF4_Hafs_30_W.ttf,
27,64,1,30,QCF4_Hafs_30_W,QCF4_Hafs_30_W.ttf,
27,65,1,30,QCF4_Hafs_30_W,QCF4_Hafs_30_W.ttf,
27,66,1,30,QCF4_Hafs_30_W,QCF4_Hafs_30_W.ttf,
27,67,1,30,QCF4_Hafs_30_W,QCF4_Hafs_30_W.ttf,
27,68,1,30,QCF4_Hafs_30_W,QCF4_Hafs_30_W.ttf,
27,69,1,30,QCF4_Hafs_30_W,QCF4_Hafs_30_W.ttf,
27,70,1,30,QCF4_Hafs_30_W,QCF4_Hafs_30_W.ttf,
27,71,1,30,QCF4_Hafs_30_W,QCF4_Hafs_30_W.ttf,
27,72,1,30,QCF4_Hafs_30_W,QCF4_Hafs_30_W.ttf,
27,73,1,30,QCF4_Hafs_30_W,QCF4_Hafs_30_W.ttf,
27,74,1,30,QCF4_Hafs_30_W,QCF4_Hafs_30_W.ttf,
27,75,1,30,QCF4_Hafs_30_W,QCF4_Hafs_30_W.ttf,
27,76,1,30,QCF4_Hafs_30_W,QCF4_Hafs_30_W.ttf,
27,77,1,30,QCF4_Hafs_30_W,QCF4_Hafs_30_W.ttf,
27,78,1,30,QCF4_Hafs_30_W,QCF4_Hafs_30_W.ttf,
27,79,1,30,QCF4_Hafs_30_W,QCF4_Hafs_30_W.ttf,
27,80,1,30,QCF4_Hafs_30_W,QCF4_Hafs_30_W.ttf,
27,81,1,30,QCF4_Hafs_30_W,QCF4_Hafs_30_W.ttf,
27,82,1,30,QCF4_Hafs_30_W,QCF4_Hafs_30_W.ttf,
27,83,1,30,QCF4_Hafs_30_W,QCF4_Hafs_30_W.ttf,
27,84,1,30,QCF4_Hafs_30_W,QCF4_Hafs_30_W.ttf,
27,85,1,30,QCF4_Hafs_30_W,QCF4_Hafs_30_W.ttf,
27,86,1,30,QCF4_Hafs_30_W,QCF4_Hafs_30_W.ttf,
27,87,1,30,QCF4_Hafs_30_W,QCF4_Hafs_30_W.ttf,
27,88,1,30,QCF4_Hafs_30_W,QCF4_Hafs_30_W.ttf,
27,89,1,30,QCF4_Hafs_30_W,QCF4_Hafs_30_W.ttf,
27,90,1,30,QCF4_Hafs_30_W,QCF4_Hafs_30_W.ttf,
27,91,1,30,QCF4_Hafs_30_W,QCF4_Hafs_30_W.ttf,
27,92,1,30,QCF4_Hafs_30_W,QCF4_Hafs_30_W.ttf,
27,93,1,30,QCF4_Hafs_30_W,QCF4_Hafs_30_W.ttf,
28,1,1,30,QCF4_Hafs_30_W,QCF4_Hafs_30_W.ttf,
28,2,1,30,QCF4_Hafs_30_W,QCF4_Hafs_30_W.ttf,
28,3,1,30,QCF4_Hafs_30_W,QCF4_Hafs_30_W.ttf,
28,4,1,30,QCF4_Hafs_30_W,QCF4_Hafs_30_W.ttf,
28,5,1,30,QCF4_Hafs_30_W,QCF4_Hafs_30_W.ttf,
28,6,1,30,QCF4_Hafs_30_W,QCF4_Hafs_30_W.ttf,
28,7,1,30,QCF4_Hafs_30_W,QCF4_Hafs_30_W.ttf,
28,8,1,30,QCF4_Hafs_30_W,QCF4_Hafs_30_W.ttf,
28,9,1,30,QCF4_Hafs_30_W,QCF4_Hafs_30_W.ttf,
28,10,1,30,QCF4_Hafs_30_W,QCF4_Hafs_30_W.ttf,
28,11,1,30,QCF4_Hafs_30_W,QCF4_Hafs_30_W.ttf,
28,12,1,30,QCF4_Hafs_30_W,QCF4_Hafs_30_W.ttf,
28,13,1,30,QCF4_Hafs_30_W,QCF4_Hafs_30_W.ttf,
28,14,1,30,QCF4_Hafs_30_W,QCF4_Hafs_30_W.ttf,
28,15,1,30,QCF4_Hafs_30_W,QCF4_Hafs_30_W.ttf,
28,16,1,30,QCF4_Hafs_30_W,QCF4_Hafs_30_W.ttf,
28,17,1,30,QCF4_Hafs_30_W,QCF4_Hafs_30_W.ttf,
28,18,1,30,QCF4_Hafs_30_W,QCF4_Hafs_30_W.ttf,
28,19,1,30,QCF4_Hafs_30_W,QCF4_Hafs_30_W.ttf,
28,20,1,30,QCF4_Hafs_30_W,QCF4_Hafs_30_W.ttf,
28,21,1,30,QCF4_Hafs_30_W,QCF4_Hafs_30_W.ttf,
28,22,1,30,QCF4_Hafs_30_W,QCF4_Hafs_30_W.ttf,
28,23,1,30,QCF4_Hafs_30_W,QCF4_Hafs_30_W.ttf,
28,24,1,30,QCF4_Hafs_30_W,QCF4_Hafs_30_W.ttf,
28,25,1,30,QCF4_Hafs_30_W,QCF4_Hafs_30_W.ttf,
28,26,1,30,QCF4_Hafs_30_W,QCF4_Hafs_30_W.ttf,
28,27,1,30,QCF4_Hafs_30_W,QCF4_Hafs_30_W.ttf,
28,28,1,30,QCF4_Hafs_30_W,QCF4_Hafs_30_W.ttf,
28,29,1,30,QCF4_Hafs_30_W,QCF4_Hafs_30_W.ttf,
28,30,1,30,QCF4_Hafs_30_W,QCF4_Hafs_30_W.ttf,
28,31,1,30,QCF4_Hafs_30_W,QCF4_Hafs_30_W.ttf,
28,32,1,30,QCF4_Hafs_30_W,QCF4_Hafs_30_W.ttf,
28,33,1,30,QCF4_Hafs_30_W,QCF4_Hafs_30_W.ttf,
28,34,1,30,QCF4_Hafs_30_W,QCF4_Hafs_30_W.ttf,
28,35,1,30,QCF4_Hafs_30_W,QCF4_Hafs_30_W.ttf,
28,36,1,30,QCF4_Hafs_30_W,QCF4_Hafs_30_W.ttf,
28,37,1,30,QCF4_Hafs_30_W,QCF4_Hafs_30_W.ttf,
28,38,1,30,QCF4_Hafs_30_W,QCF4_Hafs_30_W.ttf,
28,39,1,30,QCF4_Hafs_30_W,QCF4_Hafs_30_W.ttf,
28,40,1,30,QCF4_Hafs_30_W,QCF4_Hafs_30_W.ttf,
28,41,1,30,QCF4_Hafs_30_W,QCF4_Hafs_30_W.ttf,
28,42,1,30,QCF4_Hafs_30_W,QCF4_Hafs_30_W.ttf,
28,43,1,30,QCF4_Hafs_30_W,QCF4_Hafs_30_W.ttf,
28,44,1,30,QCF4_Hafs_30_W,QCF4_Hafs_30_W.ttf,
28,45,1,30,QCF4_Hafs_30_W,QCF4_Hafs_30_W.ttf,
28,46,1,30,QCF4_Hafs_30_W,QCF4_Hafs_30_W.ttf,
28,47,1,30,QCF4_Hafs_30_W,QCF4_Hafs_30_W.ttf,
28,48,1,30,QCF4_Hafs_30_W,QCF4_Hafs_30_W.ttf,
28,49,1,30,QCF4_Hafs_30_W,QCF4_Hafs_30_W.ttf,
28,50,1,30,QCF4_Hafs_30_W,QCF4_Hafs_30_W.ttf,
28,51,1,30,QCF4_Hafs_30_W,QCF4_Hafs_30_W.ttf,
28,52,1,30,QCF4_Hafs_30_W,QCF4_Hafs_30_W.ttf,
28,53,1,30,QCF4_Hafs_30_W,QCF4_Hafs_30_W.ttf,
28,54,1,30,QCF4_Hafs_30_W,QCF4_Hafs_30_W.ttf,
28,55,1,30,QCF4_Hafs_30_W,QCF4_Hafs_30_W.ttf,
28,56,1,30,QCF4_Hafs_30_W,QCF4_Hafs_30_W.ttf,
28,57,1,30,QCF4_Hafs_30_W,QCF4_Hafs_30_W.ttf,
28,58,1,30,QCF4_Hafs_30_W,QCF4_Hafs_30_W.ttf,
28,59,1,30,QCF4_Hafs_30_W,QCF4_Hafs_30_W.ttf,
28,60,1,31,QCF4_Hafs_31_W,QCF4_Hafs_31_W.ttf,
28,61,1,31,QCF4_Hafs_31_W,QCF4_Hafs_31_W.ttf,
28,62,1,31,QCF4_Hafs_31_W,QCF4_Hafs_31_W.ttf,
28,63,1,31,QCF4_Hafs_31_W,QCF4_Hafs_31_W.ttf,
28,64,1,31,QCF4_Hafs_31_W,QCF4_Hafs_31_W.ttf,
28,65,1,31,QCF4_Hafs_31_W,QCF4_Hafs_31_W.ttf,
28,66,1,31,QCF4_Hafs_31_W,QCF4_Hafs_31_W.ttf,
28,67,1,31,QCF4_Hafs_31_W,QCF4_Hafs_31_W.ttf,
28,68,1,31,QCF4_Hafs_31_W,QCF4_Hafs_31_W.ttf,
28,69,1,31,QCF4_Hafs_31_W,QCF4_Hafs_31_W.ttf,
28,70,1,31,QCF4_Hafs_31_W,QCF4_Hafs_31_W.ttf,
28,71,1,31,QCF4_Hafs_31_W,QCF4_Hafs_31_W.ttf,
28,72,1,31,QCF4_Hafs_31_W,QCF4_Hafs_31_W.ttf,
28,73,1,31,QCF4_Hafs_31_W,QCF4_Hafs_31_W.ttf,
28,74,1,31,QCF4_Hafs_31_W,QCF4_Hafs_31_W.ttf,
28,75,1,31,QCF4_Hafs_31_W,QCF4_Hafs_31_W.ttf,
28,76,1,31,QCF4_Hafs_31_W,QCF4_Hafs_31_W.ttf,
28,77,1,31,QCF4_Hafs_31_W,QCF4_Hafs_31_W.ttf,
28,78,1,31,QCF4_Hafs_31_W,QCF4_Hafs_31_W.ttf,
28,79,1,31,QCF4_Hafs_31_W,QCF4_Hafs_31_W.ttf,
28,80,1,31,QCF4_Hafs_31_W,QCF4_Hafs_31_W.ttf,
28,81,1,31,QCF4_Hafs_31_W,QCF4_Hafs_31_W.ttf,
28,82,1,31,QCF4_Hafs_31_W,QCF4_Hafs_31_W.ttf,
28,83,1,31,QCF4_Hafs_31_W,QCF4_Hafs_31_W.ttf,
28,84,1,31,QCF4_Hafs_31_W,QCF4_Hafs_31_W.ttf,
28,85,1,31,QCF4_Hafs_31_W,QCF4_Hafs_31_W.ttf,
28,86,1,31,QCF4_Hafs_31_W,QCF4_Hafs_31_W.ttf,
28,87,1,31,QCF4_Hafs_31_W,QCF4_Hafs_31_W.ttf,
28,88,1,31,QCF4_Hafs_31_W,QCF4_Hafs_31_W.ttf,
29,1,1,31,QCF4_Hafs_31_W,QCF4_Hafs_31_W.ttf,
29,2,1,31,QCF4_Hafs_31_W,QCF4_Hafs_31_W.ttf,
29,3,1,31,QCF4_Hafs_31_W,QCF4_Hafs_31_W.ttf,
29,4,1,31,QCF4_Hafs_31_W,QCF4_Hafs_31_W.ttf,
29,5,1,31,QCF4_Hafs_31_W,QCF4_Hafs_31_W.ttf,
29,6,1,31,QCF4_Hafs_31_W,QCF4_Hafs_31_W.ttf,
29,7,1,31,QCF4_Hafs_31_W,QCF4_Hafs_31_W.ttf,
29,8,1,31,QCF4_Hafs_31_W,QCF4_Hafs_31_W.ttf,
29,9,1,31,QCF4_Hafs_31_W,QCF4_Hafs_31_W.ttf,
29,10,1,31,QCF4_Hafs_31_W,QCF4_Hafs_31_W.ttf,
29,11,1,31,QCF4_Hafs_31_W,QCF4_Hafs_31_W.ttf,
29,12,1,31,QCF4_Hafs_31_W,QCF4_Hafs_31_W.ttf,
29,13,1,31,QCF4_Hafs_31_W,QCF4_Hafs_31_W.ttf,
29,14,1,31,QCF4_Hafs_31_W,QCF4_Hafs_31_W.ttf,
29,15,1,31,QCF4_Hafs_31_W,QCF4_Hafs_31_W.ttf,
29,16,1,31,QCF4_Hafs_31_W,QCF4_Hafs_31_W.ttf,
29,17,1,31,QCF4_Hafs_31_W,QCF4_Hafs_31_W.ttf,
29,18,1,31,QCF4_Hafs_31_W,QCF4_Hafs_31_W.ttf,
29,19,1,31,QCF4_Hafs_31_W,QCF4_Hafs_31_W.ttf,
29,20,1,31,QCF4_Hafs_31_W,QCF4_Hafs_31_W.ttf,
29,21,1,31,QCF4_Hafs_31_W,QCF4_Hafs_31_W.ttf,
29,22,1,31,QCF4_Hafs_31_W,QCF4_Hafs_31_W.ttf,
29,23,1,31,QCF4_Hafs_31_W,QCF4_Hafs_31_W.ttf,
29,24,1,31,QCF4_Hafs_31_W,QCF4_Hafs_31_W.ttf,
29,25,1,31,QCF4_Hafs_31_W,QCF4_Hafs_31_W.ttf,
29,26,1,31,QCF4_Hafs_31_W,QCF4_Hafs_31_W.ttf,
29,27,1,31,QCF4_Hafs_31_W,QCF4_Hafs_31_W.ttf,
29,28,1,31,QCF4_Hafs_31_W,QCF4_Hafs_31_W.ttf,
29,29,1,31,QCF4_Hafs_31_W,QCF4_Hafs_31_W.ttf,
29,30,1,31,QCF4_Hafs_31_W,QCF4_Hafs_31_W.ttf,
29,31,1,31,QCF4_Hafs_31_W,QCF4_Hafs_31_W.ttf,
29,32,1,31,QCF4_Hafs_31_W,QCF4_Hafs_31_W.ttf,
29,33,1,31,QCF4_Hafs_31_W,QCF4_Hafs_31_W.ttf,
29,34,1,31,QCF4_Hafs_31_W,QCF4_Hafs_31_W.ttf,
29,35,1,31,QCF4_Hafs_31_W,QCF4_Hafs_31_W.ttf,
29,36,1,31,QCF4_Hafs_31_W,QCF4_Hafs_31_W.ttf,
29,37,1,31,QCF4_Hafs_31_W,QCF4_Hafs_31_W.ttf,
29,38,1,31,QCF4_Hafs_31_W,QCF4_Hafs_31_W.ttf,
29,39,1,31,QCF4_Hafs_31_W,QCF4_Hafs_31_W.ttf,
29,40,1,31,QCF4_Hafs_31_W,QCF4_Hafs_31_W.ttf,
29,41,1,31,QCF4_Hafs_31_W,QCF4_Hafs_31_W.ttf,
29,42,1,31,QCF4_Hafs_31_W,QCF4_Hafs_31_W.ttf,
29,43,1,31,QCF4_Hafs_31_W,QCF4_Hafs_31_W.ttf,
29,44,1,31,QCF4_Hafs_31_W,QCF4_Hafs_31_W.ttf,
29,45,1,31,QCF4_Hafs_31_W,QCF4_Hafs_31_W.ttf,
29,46,1,31,QCF4_Hafs_31_W,QCF4_Hafs_31_W.ttf,
29,47,1,31,QCF4_Hafs_31_W,QCF4_Hafs_31_W.ttf,
29,48,1,31,QCF4_Hafs_31_W,QCF4_Hafs_31_W.ttf,
29,49,1,31,QCF4_Hafs_31_W,QCF4_Hafs_31_W.ttf,
29,50,1,31,QCF4_Hafs_31_W,QCF4_Hafs_31_W.ttf,
29,51,1,31,QCF4_Hafs_31_W,QCF4_Hafs_31_W.ttf,
29,52,1,31,QCF4_Hafs_31_W,QCF4_Hafs_31_W.ttf,
29,53,1,31,QCF4_Hafs_31_W,QCF4_Hafs_31_W.ttf,
29,54,1,31,QCF4_Hafs_31_W,QCF4_Hafs_31_W.ttf,
29,55,1,31,QCF4_Hafs_31_W,QCF4_Hafs_31_W.ttf,
29,56,1,31,QCF4_Hafs_31_W,QCF4_Hafs_31_W.ttf,
29,57,1,31,QCF4_Hafs_31_W,QCF4_Hafs_31_W.ttf,
29,58,1,31,QCF4_Hafs_31_W,QCF4_Hafs_31_W.ttf,
29,59,1,31,QCF4_Hafs_31_W,QCF4_Hafs_31_W.ttf,
29,60,1,31,QCF4_Hafs_31_W,QCF4_Hafs_31_W.ttf,
29,61,1,31,QCF4_Hafs_31_W,QCF4_Hafs_31_W.ttf,
29,62,1,31,QCF4_Hafs_31_W,QCF4_Hafs_31_W.ttf,
29,63,1,31,QCF4_Hafs_31_W,QCF4_Hafs_31_W.ttf,
29,64,1,31,QCF4_Hafs_31_W,QCF4_Hafs_31_W.ttf,
29,65,1,31,QCF4_Hafs_31_W,QCF4_Hafs_31_W.ttf,
29,66,1,31,QCF4_Hafs_31_W,QCF4_Hafs_31_W.ttf,
29,67,1,31,QCF4_Hafs_31_W,QCF4_Hafs_31_W.ttf,
29,68,1,31,QCF4_Hafs_31_W,QCF4_Hafs_31_W.ttf,
29,69,1,31,QCF4_Hafs_31_W,QCF4_Hafs_31_W.ttf,
30,1,1,31,QCF4_Hafs_31_W,QCF4_Hafs_31_W.ttf,
30,2,1,31,QCF4_Hafs_31_W,QCF4_Hafs_31_W.ttf,
30,3,1,31,QCF4_Hafs_31_W,QCF4_Hafs_31_W.ttf,
30,4,1,31,QCF4_Hafs_31_W,QCF4_Hafs_31_W.ttf,
30,5,1,31,QCF4_Hafs_31_W,QCF4_Hafs_31_W.ttf,
30,6,1,31,QCF4_Hafs_31_W,QCF4_Hafs_31_W.ttf,
30,7,1,31,QCF4_Hafs_31_W,QCF4_Hafs_31_W.ttf,
30,8,1,31,QCF4_Hafs_31_W,QCF4_Hafs_31_W.ttf,
30,9,1,31,QCF4_Hafs_31_W,QCF4_Hafs_31_W.ttf,
30,10,1,31,QCF4_Hafs_31_W,QCF4_Hafs_31_W.ttf,
30,11,1,31,QCF4_Hafs_31_W,QCF4_Hafs_31_W.ttf,
30,12,1,31,QCF4_Hafs_31_W,QCF4_Hafs_31_W.ttf,
30,13,1,31,QCF4_Hafs_31_W,QCF4_Hafs_31_W.ttf,
30,14,1,31,QCF4_Hafs_31_W,QCF4_Hafs_31_W.ttf,
30,15,1,31,QCF4_Hafs_31_W,QCF4_Hafs_31_W.ttf,
30,16,1,31,QCF4_Hafs_31_W,QCF4_Hafs_31_W.ttf,
30,17,1,31,QCF4_Hafs_31_W,QCF4_Hafs_31_W.ttf,
30,18,1,31,QCF4_Hafs_31_W,QCF4_Hafs_31_W.ttf,
30,19,1,31,QCF4_Hafs_31_W,QCF4_Hafs_31_W.ttf,
30,20,1,31,QCF4_Hafs_31_W,QCF4_Hafs_31_W.ttf,
30,21,1,31,QCF4_Hafs_31_W,QCF4_Hafs_31_W.ttf,
30,22,1,31,QCF4_Hafs_31_W,QCF4_Hafs_31_W.ttf,
30,23,1,31,QCF4_Hafs_31_W,QCF4_Hafs_31_W.ttf,
30,24,1,31,QCF4_Hafs_31_W,QCF4_Hafs_31_W.ttf,
30,25,1,32,QCF4_Hafs_32_W,QCF4_Hafs_32_W.ttf,
30,26,1,32,QCF4_Hafs_32_W,QCF4_Hafs_32_W.ttf,
30,27,1,32,QCF4_Hafs_32_W,QCF4_Hafs_32_W.ttf,
30,28,1,32,QCF4_Hafs_32_W,QCF4_Hafs_32_W.ttf,
30,29,1,32,QCF4_Hafs_32_W,QCF4_Hafs_32_W.ttf,
30,30,1,32,QCF4_Hafs_32_W,QCF4_Hafs_32_W.ttf,
30,31,1,32,QCF4_Hafs_32_W,QCF4_Hafs_32_W.ttf,
30,32,1,32,QCF4_Hafs_32_W,QCF4_Hafs_32_W.ttf,
30,33,1,32,QCF4_Hafs_32_W,QCF4_Hafs_32_W.ttf,
30,34,1,32,QCF4_Hafs_32_W,QCF4_Hafs_32_W.ttf,
30,35,1,32,QCF4_Hafs_32_W,QCF4_Hafs_32_W.ttf,
30,36,1,32,QCF4_Hafs_32_W,QCF4_Hafs_32_W.ttf,
30,37,1,32,QCF4_Hafs_32_W,QCF4_Hafs_32_W.ttf,
30,38,1,32,QCF4_Hafs_32_W,QCF4_Hafs_32_W.ttf,
30,39,1,32,QCF4_Hafs_32_W,QCF4_Hafs_32_W.ttf,
30,40,1,32,QCF4_Hafs_32_W,QCF4_Hafs_32_W.ttf,
30,41,1,32,QCF4_Hafs_32_W,QCF4_Hafs_32_W.ttf,
30,42,1,32,QCF4_Hafs_32_W,QCF4_Hafs_32_W.ttf,
30,43,1,32,QCF4_Hafs_32_W,QCF4_Hafs_32_W.ttf,
30,44,1,32,QCF4_Hafs_32_W,QCF4_Hafs_32_W.ttf,
30,45,1,32,QCF4_Hafs_32_W,QCF4_Hafs_32_W.ttf,
30,46,1,32,QCF4_Hafs_32_W,QCF4_Hafs_32_W.ttf,
30,47,1,32,QCF4_Hafs_32_W,QCF4_Hafs_32_W.ttf,
30,48,1,32,QCF4_Hafs_32_W,QCF4_Hafs_32_W.ttf,
30,49,1,32,QCF4_Hafs_32_W,QCF4_Hafs_32_W.ttf,
30,50,1,32,QCF4_Hafs_32_W,QCF4_Hafs_32_W.ttf,
30,51,1,32,QCF4_Hafs_32_W,QCF4_Hafs_32_W.ttf,
30,52,1,32,QCF4_Hafs_32_W,QCF4_Hafs_32_W.ttf,
30,53,1,32,QCF4_Hafs_32_W,QCF4_Hafs_32_W.ttf,
30,54,1,32,QCF4_Hafs_32_W,QCF4_Hafs_32_W.ttf,
30,55,1,32,QCF4_Hafs_32_W,QCF4_Hafs_32_W.ttf,
30,56,1,32,QCF4_Hafs_32_W,QCF4_Hafs_32_W.ttf,
30,57,1,32,QCF4_Hafs_32_W,QCF4_Hafs_32_W.ttf,
30,58,1,32,QCF4_Hafs_32_W,QCF4_Hafs_32_W.ttf,
30,59,1,32,QCF4_Hafs_32_W,QCF4_Hafs_32_W.ttf,
30,60,1,32,QCF4_Hafs_32_W,QCF4_Hafs_32_W.ttf,
31,1,1,32,QCF4_Hafs_32_W,QCF4_Hafs_32_W.ttf,
31,2,1,32,QCF4_Hafs_32_W,QCF4_Hafs_32_W.ttf,
31,3,1,32,QCF4_Hafs_32_W,QCF4_Hafs_32_W.ttf,
31,4,1,32,QCF4_Hafs_32_W,QCF4_Hafs_32_W.ttf,
31,5,1,32,QCF4_Hafs_32_W,QCF4_Hafs_32_W.ttf,
31,6,1,32,QCF4_Hafs_32_W,QCF4_Hafs_32_W.ttf,
31,7,1,32,QCF4_Hafs_32_W,QCF4_Hafs_32_W.ttf,
31,8,1,32,QCF4_Hafs_32_W,QCF4_Hafs_32_W.ttf,
31,9,1,32,QCF4_Hafs_32_W,QCF4_Hafs_32_W.ttf,
31,10,1,32,QCF4_Hafs_32_W,QCF4_Hafs_32_W.ttf,
31,11,1,32,QCF4_Hafs_32_W,QCF4_Hafs_32_W.ttf,
31,12,1,32,QCF4_Hafs_32_W,QCF4_Hafs_32_W.ttf,
31,13,1,32,QCF4_Hafs_32_W,QCF4_Hafs_32_W.ttf,
31,14,1,32,QCF4_Hafs_32_W,QCF4_Hafs_32_W.ttf,
31,15,1,32,QCF4_Hafs_32_W,QCF4_Hafs_32_W.ttf,
31,16,1,32,QCF4_Hafs_32_W,QCF4_Hafs_32_W.ttf,
31,17,1,32,QCF4_Hafs_32_W,QCF4_Hafs_32_W.ttf,
31,18,1,32,QCF4_Hafs_32_W,QCF4_Hafs_32_W.ttf,
31,19,1,32,QCF4_Hafs_32_W,QCF4_Hafs_32_W.ttf,
31,20,1,32,QCF4_Hafs_32_W,QCF4_Hafs_32_W.ttf,
31,21,1,32,QCF4_Hafs_32_W,QCF4_Hafs_32_W.ttf,
31,22,1,32,QCF4_Hafs_32_W,QCF4_Hafs_32_W.ttf,
31,23,1,32,QCF4_Hafs_32_W,QCF4_Hafs_32_W.ttf,
31,24,1,32,QCF4_Hafs_32_W,QCF4_Hafs_32_W.ttf,
31,25,1,32,QCF4_Hafs_32_W,QCF4_Hafs_32_W.ttf,
31,26,1,32,QCF4_Hafs_32_W,QCF4_Hafs_32_W.ttf,
31,27,1,32,QCF4_Hafs_32_W,QCF4_Hafs_32_W.ttf,
31,28,1,32,QCF4_Hafs_32_W,QCF4_Hafs_32_W.ttf,
31,29,1,32,QCF4_Hafs_32_W,QCF4_Hafs_32_W.ttf,
31,30,1,32,QCF4_Hafs_32_W,QCF4_Hafs_32_W.ttf,
31,31,1,32,QCF4_Hafs_32_W,QCF4_Hafs_32_W.ttf,
31,32,1,32,QCF4_Hafs_32_W,QCF4_Hafs_32_W.ttf,
31,33,1,32,QCF4_Hafs_32_W,QCF4_Hafs_32_W.ttf,
31,34,1,32,QCF4_Hafs_32_W,QCF4_Hafs_32_W.ttf,
32,1,1,32,QCF4_Hafs_32_W,QCF4_Hafs_32_W.ttf,
32,2,1,32,QCF4_Hafs_32_W,QCF4_Hafs_32_W.ttf,
32,3,1,32,QCF4_Hafs_32_W,QCF4_Hafs_32_W.ttf,
32,4,1,32,QCF4_Hafs_32_W,QCF4_Hafs_32_W.ttf,
32,5,1,32,QCF4_Hafs_32_W,QCF4_Hafs_32_W.ttf,
32,6,1,32,QCF4_Hafs_32_W,QCF4_Hafs_32_W.ttf,
32,7,1,32,QCF4_Hafs_32_W,QCF4_Hafs_32_W.ttf,
32,8,1,32,QCF4_Hafs_32_W,QCF4_Hafs_32_W.ttf,
32,9,1,32,QCF4_Hafs_32_W,QCF4_Hafs_32_W.ttf,
32,10,1,32,QCF4_Hafs_32_W,QCF4_Hafs_32_W.ttf,
32,11,1,32,QCF4_Hafs_32_W,QCF4_Hafs_32_W.ttf,
32,12,1,32,QCF4_Hafs_32_W,QCF4_Hafs_32_W.ttf,
32,13,1,32,QCF4_Hafs_32_W,QCF4_Hafs_32_W.ttf,
32,14,1,32,QCF4_Hafs_32_W,QCF4_Hafs_32_W.ttf,
32,15,1,32,QCF4_Hafs_32_W,QCF4_Hafs_32_W.ttf,
32,16,1,32,QCF4_Hafs_32_W,QCF4_Hafs_32_W.ttf,
32,17,1,32,QCF4_Hafs_32_W,QCF4_Hafs_32_W.ttf,
32,18,1,32,QCF4_Hafs_32_W,QCF4_Hafs_32_W.ttf,
32,19,1,32,QCF4_Hafs_32_W,QCF4_Hafs_32_W.ttf,
32,20,1,32,QCF4_Hafs_32_W,QCF4_Hafs_32_W.ttf,
32,21,1,32,QCF4_Hafs_32_W,QCF4_Hafs_32_W.ttf,
32,22,1,32,QCF4_Hafs_32_W,QCF4_Hafs_32_W.ttf,
32,23,1,32,QCF4_Hafs_32_W,QCF4_Hafs_32_W.ttf,
32,24,1,32,QCF4_Hafs_32_W,QCF4_Hafs_32_W.ttf,
32,25,1,32,QCF4_Hafs_32_W,QCF4_Hafs_32_W.ttf,
32,26,1,32,QCF4_Hafs_32_W,QCF4_Hafs_32_W.ttf,
32,27,1,32,QCF4_Hafs_32_W,QCF4_Hafs_32_W.ttf,
32,28,1,32,QCF4_Hafs_32_W,QCF4_Hafs_32_W.ttf,
32,29,1,32,QCF4_Hafs_32_W,QCF4_Hafs_32_W.ttf,
32,30,1,32,QCF4_Hafs_32_W,QCF4_Hafs_32_W.ttf,
33,1,1,32,QCF4_Hafs_32_W,QCF4_Hafs_32_W.ttf,
33,2,1,32,QCF4_Hafs_32_W,QCF4_Hafs_32_W.ttf,
33,3,1,32,QCF4_Hafs_32_W,QCF4_Hafs_32_W.ttf,
33,4,1,32,QCF4_Hafs_32_W,QCF4_Hafs_32_W.ttf,
33,5,1,32,QCF4_Hafs_32_W,QCF4_Hafs_32_W.ttf,
33,6,1,32,QCF4_Hafs_32_W,QCF4_Hafs_32_W.ttf,
33,7,1,32,QCF4_Hafs_32_W,QCF4_Hafs_32_W.ttf,
33,8,1,32,QCF4_Hafs_32_W,QCF4_Hafs_32_W.ttf,
33,9,1,32,QCF4_Hafs_32_W,QCF4_Hafs_32_W.ttf,
33,10,1,32,QCF4_Hafs_32_W,QCF4_Hafs_32_W.ttf,
33,11,1,32,QCF4_Hafs_32_W,QCF4_Hafs_32_W.ttf,
33,12,1,32,QCF4_Hafs_32_W,QCF4_Hafs_32_W.ttf,
33,13,1,32,QCF4_Hafs_32_W,QCF4_Hafs_32_W.ttf,
33,14,1,32,QCF4_Hafs_32_W,QCF4_Hafs_32_W.ttf,
33,15,1,32,QCF4_Hafs_32_W,QCF4_Hafs_32_W.ttf,
33,16,1,33,QCF4_Hafs_33_W,QCF4_Hafs_33_W.ttf,
33,17,1,33,QCF4_Hafs_33_W,QCF4_Hafs_33_W.ttf,
33,18,1,33,QCF4_Hafs_33_W,QCF4_Hafs_33_W.ttf,
33,19,1,33,QCF4_Hafs_33_W,QCF4_Hafs_33_W.ttf,
33,20,1,33,QCF4_Hafs_33_W,QCF4_Hafs_33_W.ttf,
33,21,1,33,QCF4_Hafs_33_W,QCF4_Hafs_33_W.ttf,
33,22,1,33,QCF4_Hafs_33_W,QCF4_Hafs_33_W.ttf,
33,23,1,33,QCF4_Hafs_33_W,QCF4_Hafs_33_W.ttf,
33,24,1,33,QCF4_Hafs_33_W,QCF4_Hafs_33_W.ttf,
33,25,1,33,QCF4_Hafs_33_W,QCF4_Hafs_33_W.ttf,
33,26,1,33,QCF4_Hafs_33_W,QCF4_Hafs_33_W.ttf,
33,27,1,33,QCF4_Hafs_33_W,QCF4_Hafs_33_W.ttf,
33,28,1,33,QCF4_Hafs_33_W,QCF4_Hafs_33_W.ttf,
33,29,1,33,QCF4_Hafs_33_W,QCF4_Hafs_33_W.ttf,
33,30,1,33,QCF4_Hafs_33_W,QCF4_Hafs_33_W.ttf,
33,31,1,33,QCF4_Hafs_33_W,QCF4_Hafs_33_W.ttf,
33,32,1,33,QCF4_Hafs_33_W,QCF4_Hafs_33_W.ttf,
33,33,1,33,QCF4_Hafs_33_W,QCF4_Hafs_33_W.ttf,
33,34,1,33,QCF4_Hafs_33_W,QCF4_Hafs_33_W.ttf,
33,35,1,33,QCF4_Hafs_33_W,QCF4_Hafs_33_W.ttf,
33,36,1,33,QCF4_Hafs_33_W,QCF4_Hafs_33_W.ttf,
33,37,1,33,QCF4_Hafs_33_W,QCF4_Hafs_33_W.ttf,
33,38,1,33,QCF4_Hafs_33_W,QCF4_Hafs_33_W.ttf,
33,39,1,33,QCF4_Hafs_33_W,QCF4_Hafs_33_W.ttf,
33,40,1,33,QCF4_Hafs_33_W,QCF4_Hafs_33_W.ttf,
33,41,1,33,QCF4_Hafs_33_W,QCF4_Hafs_33_W.ttf,
33,42,1,33,QCF4_Hafs_33_W,QCF4_Hafs_33_W.ttf,
33,43,1,33,QCF4_Hafs_33_W,QCF4_Hafs_33_W.ttf,
33,44,1,33,QCF4_Hafs_33_W,QCF4_Hafs_33_W.ttf,
33,45,1,33,QCF4_Hafs_33_W,QCF4_Hafs_33_W.ttf,
33,46,1,33,QCF4_Hafs_33_W,QCF4_Hafs_33_W.ttf,
33,47,1,33,QCF4_Hafs_33_W,QCF4_Hafs_33_W.ttf,
33,48,1,33,QCF4_Hafs_33_W,QCF4_Hafs_33_W.ttf,
33,49,1,33,QCF4_Hafs_33_W,QCF4_Hafs_33_W.ttf,
33,50,1,33,QCF4_Hafs_33_W,QCF4_Hafs_33_W.ttf,
33,51,1,33,QCF4_Hafs_33_W,QCF4_Hafs_33_W.ttf,
33,52,1,33,QCF4_Hafs_33_W,QCF4_Hafs_33_W.ttf,
33,53,1,33,QCF4_Hafs_33_W,QCF4_Hafs_33_W.ttf,
33,54,1,33,QCF4_Hafs_33_W,QCF4_Hafs_33_W.ttf,
33,55,1,33,QCF4_Hafs_33_W,QCF4_Hafs_33_W.ttf,
33,56,1,33,QCF4_Hafs_33_W,QCF4_Hafs_33_W.ttf,
33,57,1,33,QCF4_Hafs_33_W,QCF4_Hafs_33_W.ttf,
33,58,1,33,QCF4_Hafs_33_W,QCF4_Hafs_33_W.ttf,
33,59,1,33,QCF4_Hafs_33_W,QCF4_Hafs_33_W.ttf,
33,60,1,33,QCF4_Hafs_33_W,QCF4_Hafs_33_W.ttf,
33,61,1,33,QCF4_Hafs_33_W,QCF4_Hafs_33_W.ttf,
33,62,1,33,QCF4_Hafs_33_W,QCF4_Hafs_33_W.ttf,
33,63,1,33,QCF4_Hafs_33_W,QCF4_Hafs_33_W.ttf,
33,64,1,33,QCF4_Hafs_33_W,QCF4_Hafs_33_W.ttf,
33,65,1,33,QCF4_Hafs_33_W,QCF4_Hafs_33_W.ttf,
33,66,1,33,QCF4_Hafs_33_W,QCF4_Hafs_33_W.ttf,
33,67,1,33,QCF4_Hafs_33_W,QCF4_Hafs_33_W.ttf,
33,68,1,33,QCF4_Hafs_33_W,QCF4_Hafs_33_W.ttf,
33,69,1,33,QCF4_Hafs_33_W,QCF4_Hafs_33_W.ttf,
33,70,1,33,QCF4_Hafs_33_W,QCF4_Hafs_33_W.ttf,
33,71,1,33,QCF4_Hafs_33_W,QCF4_Hafs_33_W.ttf,
33,72,1,33,QCF4_Hafs_33_W,QCF4_Hafs_33_W.ttf,
33,73,1,33,QCF4_Hafs_33_W,QCF4_Hafs_33_W.ttf,
34,1,1,33,QCF4_Hafs_33_W,QCF4_Hafs_33_W.ttf,
34,2,1,33,QCF4_Hafs_33_W,QCF4_Hafs_33_W.ttf,
34,3,1,33,QCF4_Hafs_33_W,QCF4_Hafs_33_W.ttf,
34,4,1,33,QCF4_Hafs_33_W,QCF4_Hafs_33_W.ttf,
34,5,1,33,QCF4_Hafs_33_W,QCF4_Hafs_33_W.ttf,
34,6,1,33,QCF4_Hafs_33_W,QCF4_Hafs_33_W.ttf,
34,7,1,33,QCF4_Hafs_33_W,QCF4_Hafs_33_W.ttf,
34,8,1,33,QCF4_Hafs_33_W,QCF4_Hafs_33_W.ttf,
34,9,1,33,QCF4_Hafs_33_W,QCF4_Hafs_33_W.ttf,
34,10,1,33,QCF4_Hafs_33_W,QCF4_Hafs_33_W.ttf,
34,11,1,33,QCF4_Hafs_33_W,QCF4_Hafs_33_W.ttf,
34,12,1,33,QCF4_Hafs_33_W,QCF4_Hafs_33_W.ttf,
34,13,1,33,QCF4_Hafs_33_W,QCF4_Hafs_33_W.ttf,
34,14,1,33,QCF4_Hafs_33_W,QCF4_Hafs_33_W.ttf,
34,15,1,33,QCF4_Hafs_33_W,QCF4_Hafs_33_W.ttf,
34,16,1,33,QCF4_Hafs_33_W,QCF4_Hafs_33_W.ttf,
34,17,1,33,QCF4_Hafs_33_W,QCF4_Hafs_33_W.ttf,
34,18,1,33,QCF4_Hafs_33_W,QCF4_Hafs_33_W.ttf,
34,19,1,33,QCF4_Hafs_33_W,QCF4_Hafs_33_W.ttf,
34,20,1,33,QCF4_Hafs_33_W,QCF4_Hafs_33_W.ttf,
34,21,1,33,QCF4_Hafs_33_W,QCF4_Hafs_33_W.ttf,
34,22,1,33,QCF4_Hafs_33_W,QCF4_Hafs_33_W.ttf,
34,23,1,33,QCF4_Hafs_33_W,QCF4_Hafs_33_W.ttf,
34,24,1,33,QCF4_Hafs_33_W,QCF4_Hafs_33_W.ttf,
34,25,1,33,QCF4_Hafs_33_W,QCF4_Hafs_33_W.ttf,
34,26,1,33,QCF4_Hafs_33_W,QCF4_Hafs_33_W.ttf,
34,27,1,33,QCF4_Hafs_33_W,QCF4_Hafs_33_W.ttf,
34,28,1,33,QCF4_Hafs_33_W,QCF4_Hafs_33_W.ttf,
34,29,1,33,QCF4_Hafs_33_W,QCF4_Hafs_33_W.ttf,
34,30,1,33,QCF4_Hafs_33_W,QCF4_Hafs_33_W.ttf,
34,31,1,33,QCF4_Hafs_33_W,QCF4_Hafs_33_W.ttf,
34,32,1,33,QCF4_Hafs_33_W,QCF4_Hafs_33_W.ttf,
34,33,1,33,QCF4_Hafs_33_W,QCF4_Hafs_33_W.ttf,
34,34,1,33,QCF4_Hafs_33_W,QCF4_Hafs_33_W.ttf,
34,35,1,33,QCF4_Hafs_33_W,QCF4_Hafs_33_W.ttf,
34,36,1,33,QCF4_Hafs_33_W,QCF4_Hafs_33_W.ttf,
34,37,1,33,QCF4_Hafs_33_W,QCF4_Hafs_33_W.ttf,
34,38,1,33,QCF4_Hafs_33_W,QCF4_Hafs_33_W.ttf,
34,39,1,33,QCF4_Hafs_33_W,QCF4_Hafs_33_W.ttf,
34,40,1,34,QCF4_Hafs_34_W,QCF4_Hafs_34_W.ttf,
34,41,1,34,QCF4_Hafs_34_W,QCF4_Hafs_34_W.ttf,
34,42,1,34,QCF4_Hafs_34_W,QCF4_Hafs_34_W.ttf,
34,43,1,34,QCF4_Hafs_34_W,QCF4_Hafs_34_W.ttf,
34,44,1,34,QCF4_Hafs_34_W,QCF4_Hafs_34_W.ttf,
34,45,1,34,QCF4_Hafs_34_W,QCF4_Hafs_34_W.ttf,
34,46,1,34,QCF4_Hafs_34_W,QCF4_Hafs_34_W.ttf,
34,47,1,34,QCF4_Hafs_34_W,QCF4_Hafs_34_W.ttf,
34,48,1,34,QCF4_Hafs_34_W,QCF4_Hafs_34_W.ttf,
34,49,1,34,QCF4_Hafs_34_W,QCF4_Hafs_34_W.ttf,
34,50,1,34,QCF4_Hafs_34_W,QCF4_Hafs_34_W.ttf,
34,51,1,34,QCF4_Hafs_34_W,QCF4_Hafs_34_W.ttf,
34,52,1,34,QCF4_Hafs_34_W,QCF4_Hafs_34_W.ttf,
34,53,1,34,QCF4_Hafs_34_W,QCF4_Hafs_34_W.ttf,
34,54,1,34,QCF4_Hafs_34_W,QCF4_Hafs_34_W.ttf,
35,1,1,34,QCF4_Hafs_34_W,QCF4_Hafs_34_W.ttf,
35,2,1,34,QCF4_Hafs_34_W,QCF4_Hafs_34_W.ttf,
35,3,1,34,QCF4_Hafs_34_W,QCF4_Hafs_34_W.ttf,
35,4,1,34,QCF4_Hafs_34_W,QCF4_Hafs_34_W.ttf,
35,5,1,34,QCF4_Hafs_34_W,QCF4_Hafs_34_W.ttf,
35,6,1,34,QCF4_Hafs_34_W,QCF4_Hafs_34_W.ttf,
35,7,1,34,QCF4_Hafs_34_W,QCF4_Hafs_34_W.ttf,
35,8,1,34,QCF4_Hafs_34_W,QCF4_Hafs_34_W.ttf,
35,9,1,34,QCF4_Hafs_34_W,QCF4_Hafs_34_W.ttf,
35,10,1,34,QCF4_Hafs_34_W,QCF4_Hafs_34_W.ttf,
35,11,1,34,QCF4_Hafs_34_W,QCF4_Hafs_34_W.ttf,
35,12,1,34,QCF4_Hafs_34_W,QCF4_Hafs_34_W.ttf,
35,13,1,34,QCF4_Hafs_34_W,QCF4_Hafs_34_W.ttf,
35,14,1,34,QCF4_Hafs_34_W,QCF4_Hafs_34_W.ttf,
35,15,1,34,QCF4_Hafs_34_W,QCF4_Hafs_34_W.ttf,
35,16,1,34,QCF4_Hafs_34_W,QCF4_Hafs_34_W.ttf,
35,17,1,34,QCF4_Hafs_34_W,QCF4_Hafs_34_W.ttf,
35,18,1,34,QCF4_Hafs_34_W,QCF4_Hafs_34_W.ttf,
35,19,1,34,QCF4_Hafs_34_W,QCF4_Hafs_34_W.ttf,
35,20,1,34,QCF4_Hafs_34_W,QCF4_Hafs_34_W.ttf,
35,21,1,34,QCF4_Hafs_34_W,QCF4_Hafs_34_W.ttf,
35,22,1,34,QCF4_Hafs_34_W,QCF4_Hafs_34_W.ttf,
35,23,1,34,QCF4_Hafs_34_W,QCF4_Hafs_34_W.ttf,
35,24,1,34,QCF4_Hafs_34_W,QCF4_Hafs_34_W.ttf,
35,25,1,34,QCF4_Hafs_34_W,QCF4_Hafs_34_W.ttf,
35,26,1,34,QCF4_Hafs_34_W,QCF4_Hafs_34_W.ttf,
35,27,1,34,QCF4_Hafs_34_W,QCF4_Hafs_34_W.ttf,
35,28,1,34,QCF4_Hafs_34_W,QCF4_Hafs_34_W.ttf,
35,29,1,34,QCF4_Hafs_34_W,QCF4_Hafs_34_W.ttf,
35,30,1,34,QCF4_Hafs_34_W,QCF4_Hafs_34_W.ttf,
35,31,1,34,QCF4_Hafs_34_W,QCF4_Hafs_34_W.ttf,
35,32,1,34,QCF4_Hafs_34_W,QCF4_Hafs_34_W.ttf,
35,33,1,34,QCF4_Hafs_34_W,QCF4_Hafs_34_W.ttf,
35,34,1,34,QCF4_Hafs_34_W,QCF4_Hafs_34_W.ttf,
35,35,1,34,QCF4_Hafs_34_W,QCF4_Hafs_34_W.ttf,
35,36,1,34,QCF4_Hafs_34_W,QCF4_Hafs_34_W.ttf,
35,37,1,34,QCF4_Hafs_34_W,QCF4_Hafs_34_W.ttf,
35,38,1,34,QCF4_Hafs_34_W,QCF4_Hafs_34_W.ttf,
35,39,1,34,QCF4_Hafs_34_W,QCF4_Hafs_34_W.ttf,
35,40,1,34,QCF4_Hafs_34_W,QCF4_Hafs_34_W.ttf,
35,41,1,34,QCF4_Hafs_34_W,QCF4_Hafs_34_W.ttf,
35,42,1,34,QCF4_Hafs_34_W,QCF4_Hafs_34_W.ttf,
35,43,1,34,QCF4_Hafs_34_W,QCF4_Hafs_34_W.ttf,
35,44,1,34,QCF4_Hafs_34_W,QCF4_Hafs_34_W.ttf,
35,45,1,34,QCF4_Hafs_34_W,QCF4_Hafs_34_W.ttf,
36,1,1,34,QCF4_Hafs_34_W,QCF4_Hafs_34_W.ttf,
36,2,1,34,QCF4_Hafs_34_W,QCF4_Hafs_34_W.ttf,
36,3,1,34,QCF4_Hafs_34_W,QCF4_Hafs_34_W.ttf,
36,4,1,34,QCF4_Hafs_34_W,QCF4_Hafs_34_W.ttf,
36,5,1,34,QCF4_Hafs_34_W,QCF4_Hafs_34_W.ttf,
36,6,1,34,QCF4_Hafs_34_W,QCF4_Hafs_34_W.ttf,
36,7,1,34,QCF4_Hafs_34_W,QCF4_Hafs_34_W.ttf,
36,8,1,34,QCF4_Hafs_34_W,QCF4_Hafs_34_W.ttf,
36,9,1,34,QCF4_Hafs_34_W,QCF4_Hafs_34_W.ttf,
36,10,1,34,QCF4_Hafs_34_W,QCF4_Hafs_34_W.ttf,
36,11,1,34,QCF4_Hafs_34_W,QCF4_Hafs_34_W.ttf,
36,12,1,34,QCF4_Hafs_34_W,QCF4_Hafs_34_W.ttf,
36,13,1,34,QCF4_Hafs_34_W,QCF4_Hafs_34_W.ttf,
36,14,1,34,QCF4_Hafs_34_W,QCF4_Hafs_34_W.ttf,
36,15,1,34,QCF4_Hafs_34_W,QCF4_Hafs_34_W.ttf,
36,16,1,34,QCF4_Hafs_34_W,QCF4_Hafs_34_W.ttf,
36,17,1,34,QCF4_Hafs_34_W,QCF4_Hafs_34_W.ttf,
36,18,1,34,QCF4_Hafs_34_W,QCF4_Hafs_34_W.ttf,
36,19,1,34,QCF4_Hafs_34_W,QCF4_Hafs_34_W.ttf,
36,20,1,34,QCF4_Hafs_34_W,QCF4_Hafs_34_W.ttf,
36,21,1,34,QCF4_Hafs_34_W,QCF4_Hafs_34_W.ttf,
36,22,1,34,QCF4_Hafs_34_W,QCF4_Hafs_34_W.ttf,
36,23,1,34,QCF4_Hafs_34_W,QCF4_Hafs_34_W.ttf,
36,24,1,34,QCF4_Hafs_34_W,QCF4_Hafs_34_W.ttf,
36,25,1,34,QCF4_Hafs_34_W,QCF4_Hafs_34_W.ttf,
36,26,1,34,QCF4_Hafs_34_W,QCF4_Hafs_34_W.ttf,
36,27,1,34,QCF4_Hafs_34_W,QCF4_Hafs_34_W.ttf,
36,28,1,34,QCF4_Hafs_34_W,QCF4_Hafs_34_W.ttf,
36,29,1,34,QCF4_Hafs_34_W,QCF4_Hafs_34_W.ttf,
36,30,1,34,QCF4_Hafs_34_W,QCF4_Hafs_34_W.ttf,
36,31,1,34,QCF4_Hafs_34_W,QCF4_Hafs_34_W.ttf,
36,32,1,34,QCF4_Hafs_34_W,QCF4_Hafs_34_W.ttf,
36,33,1,34,QCF4_Hafs_34_W,QCF4_Hafs_34_W.ttf,
36,34,1,34,QCF4_Hafs_34_W,QCF4_Hafs_34_W.ttf,
36,35,1,34,QCF4_Hafs_34_W,QCF4_Hafs_34_W.ttf,
36,36,1,34,QCF4_Hafs_34_W,QCF4_Hafs_34_W.ttf,
36,37,1,34,QCF4_Hafs_34_W,QCF4_Hafs_34_W.ttf,
36,38,1,34,QCF4_Hafs_34_W,QCF4_Hafs_34_W.ttf,
36,39,1,34,QCF4_Hafs_34_W,QCF4_Hafs_34_W.ttf,
36,40,1,34,QCF4_Hafs_34_W,QCF4_Hafs_34_W.ttf,
36,41,1,34,QCF4_Hafs_34_W,QCF4_Hafs_34_W.ttf,
36,42,1,34,QCF4_Hafs_34_W,QCF4_Hafs_34_W.ttf,
36,43,1,34,QCF4_Hafs_34_W,QCF4_Hafs_34_W.ttf,
36,44,1,34,QCF4_Hafs_34_W,QCF4_Hafs_34_W.ttf,
36,45,1,34,QCF4_Hafs_34_W,QCF4_Hafs_34_W.ttf,
36,46,1,34,QCF4_Hafs_34_W,QCF4_Hafs_34_W.ttf,
36,47,1,34,QCF4_Hafs_34_W,QCF4_Hafs_34_W.ttf,
36,48,1,34,QCF4_Hafs_34_W,QCF4_Hafs_34_W.ttf,
36,49,1,34,QCF4_Hafs_34_W,QCF4_Hafs_34_W.ttf,
36,50,1,34,QCF4_Hafs_34_W,QCF4_Hafs_34_W.ttf,
36,51,1,34,QCF4_Hafs_34_W,QCF4_Hafs_34_W.ttf,
36,52,1,34,QCF4_Hafs_34_W,QCF4_Hafs_34_W.ttf,
36,53,1,34,QCF4_Hafs_34_W,QCF4_Hafs_34_W.ttf,
36,54,1,34,QCF4_Hafs_34_W,QCF4_Hafs_34_W.ttf,
36,55,1,34,QCF4_Hafs_34_W,QCF4_Hafs_34_W.ttf,
36,56,1,34,QCF4_Hafs_34_W,QCF4_Hafs_34_W.ttf,
36,57,1,34,QCF4_Hafs_34_W,QCF4_Hafs_34_W.ttf,
36,58,1,34,QCF4_Hafs_34_W,QCF4_Hafs_34_W.ttf,
36,59,1,34,QCF4_Hafs_34_W,QCF4_Hafs_34_W.ttf,
36,60,1,34,QCF4_Hafs_34_W,QCF4_Hafs_34_W.ttf,
36,61,1,34,QCF4_Hafs_34_W,QCF4_Hafs_34_W.ttf,
36,62,1,34,QCF4_Hafs_34_W,QCF4_Hafs_34_W.ttf,
36,63,1,34,QCF4_Hafs_34_W,QCF4_Hafs_34_W.ttf,
36,64,1,34,QCF4_Hafs_34_W,QCF4_Hafs_34_W.ttf,
36,65,1,34,QCF4_Hafs_34_W,QCF4_Hafs_34_W.ttf,
36,66,1,34,QCF4_Hafs_34_W,QCF4_Hafs_34_W.ttf,
36,67,1,34,QCF4_Hafs_34_W,QCF4_Hafs_34_W.ttf,
36,68,1,34,QCF4_Hafs_34_W,QCF4_Hafs_34_W.ttf,
36,69,1,34,QCF4_Hafs_34_W,QCF4_Hafs_34_W.ttf,
36,70,1,34,QCF4_Hafs_34_W,QCF4_Hafs_34_W.ttf,
36,71,1,34,QCF4_Hafs_34_W,QCF4_Hafs_34_W.ttf,
36,72,1,34,QCF4_Hafs_34_W,QCF4_Hafs_34_W.ttf,
36,73,1,34,QCF4_Hafs_34_W,QCF4_Hafs_34_W.ttf,
36,74,1,34,QCF4_Hafs_34_W,QCF4_Hafs_34_W.ttf,
36,75,1,34,QCF4_Hafs_34_W,QCF4_Hafs_34_W.ttf,
36,76,1,34,QCF4_Hafs_34_W,QCF4_Hafs_34_W.ttf,
36,77,1,34,QCF4_Hafs_34_W,QCF4_Hafs_34_W.ttf,
36,78,1,34,QCF4_Hafs_34_W,QCF4_Hafs_34_W.ttf,
36,79,1,34,QCF4_Hafs_34_W,QCF4_Hafs_34_W.ttf,
36,80,1,34,QCF4_Hafs_34_W,QCF4_Hafs_34_W.ttf,
36,81,1,34,QCF4_Hafs_34_W,QCF4_Hafs_34_W.ttf,
36,82,1,34,QCF4_Hafs_34_W,QCF4_Hafs_34_W.ttf,
36,83,1,34,QCF4_Hafs_34_W,QCF4_Hafs_34_W.ttf,
37,1,1,35,QCF4_Hafs_35_W,QCF4_Hafs_35_W.ttf,
37,2,1,35,QCF4_Hafs_35_W,QCF4_Hafs_35_W.ttf,
37,3,1,35,QCF4_Hafs_35_W,QCF4_Hafs_35_W.ttf,
37,4,1,35,QCF4_Hafs_35_W,QCF4_Hafs_35_W.ttf,
37,5,1,35,QCF4_Hafs_35_W,QCF4_Hafs_35_W.ttf,
37,6,1,35,QCF4_Hafs_35_W,QCF4_Hafs_35_W.ttf,
37,7,1,35,QCF4_Hafs_35_W,QCF4_Hafs_35_W.ttf,
37,8,1,35,QCF4_Hafs_35_W,QCF4_Hafs_35_W.ttf,
37,9,1,35,QCF4_Hafs_35_W,QCF4_Hafs_35_W.ttf,
37,10,1,35,QCF4_Hafs_35_W,QCF4_Hafs_35_W.ttf,
37,11,1,35,QCF4_Hafs_35_W,QCF4_Hafs_35_W.ttf,
37,12,1,35,QCF4_Hafs_35_W,QCF4_Hafs_35_W.ttf,
37,13,1,35,QCF4_Hafs_35_W,QCF4_Hafs_35_W.ttf,
37,14,1,35,QCF4_Hafs_35_W,QCF4_Hafs_35_W.ttf,
37,15,1,35,QCF4_Hafs_35_W,QCF4_Hafs_35_W.ttf,
37,16,1,35,QCF4_Hafs_35_W,QCF4_Hafs_35_W.ttf,
37,17,1,35,QCF4_Hafs_35_W,QCF4_Hafs_35_W.ttf,
37,18,1,35,QCF4_Hafs_35_W,QCF4_Hafs_35_W.ttf,
37,19,1,35,QCF4_Hafs_35_W,QCF4_Hafs_35_W.ttf,
37,20,1,35,QCF4_Hafs_35_W,QCF4_Hafs_35_W.ttf,
37,21,1,35,QCF4_Hafs_35_W,QCF4_Hafs_35_W.ttf,
37,22,1,35,QCF4_Hafs_35_W,QCF4_Hafs_35_W.ttf,
37,23,1,35,QCF4_Hafs_35_W,QCF4_Hafs_35_W.ttf,
37,24,1,35,QCF4_Hafs_35_W,QCF4_Hafs_35_W.ttf,
37,25,1,35,QCF4_Hafs_35_W,QCF4_Hafs_35_W.ttf,
37,26,1,35,QCF4_Hafs_35_W,QCF4_Hafs_35_W.ttf,
37,27,1,35,QCF4_Hafs_35_W,QCF4_Hafs_35_W.ttf,
37,28,1,35,QCF4_Hafs_35_W,QCF4_Hafs_35_W.ttf,
37,29,1,35,QCF4_Hafs_35_W,QCF4_Hafs_35_W.ttf,
37,30,1,35,QCF4_Hafs_35_W,QCF4_Hafs_35_W.ttf,
37,31,1,35,QCF4_Hafs_35_W,QCF4_Hafs_35_W.ttf,
37,32,1,35,QCF4_Hafs_35_W,QCF4_Hafs_35_W.ttf,
37,33,1,35,QCF4_Hafs_35_W,QCF4_Hafs_35_W.ttf,
37,34,1,35,QCF4_Hafs_35_W,QCF4_Hafs_35_W.ttf,
37,35,1,35,QCF4_Hafs_35_W,QCF4_Hafs_35_W.ttf,
37,36,1,35,QCF4_Hafs_35_W,QCF4_Hafs_35_W.ttf,
37,37,1,35,QCF4_Hafs_35_W,QCF4_Hafs_35_W.ttf,
37,38,1,35,QCF4_Hafs_35_W,QCF4_Hafs_35_W.ttf,
37,39,1,35,QCF4_Hafs_35_W,QCF4_Hafs_35_W.ttf,
37,40,1,35,QCF4_Hafs_35_W,QCF4_Hafs_35_W.ttf,
37,41,1,35,QCF4_Hafs_35_W,QCF4_Hafs_35_W.ttf,
37,42,1,35,QCF4_Hafs_35_W,QCF4_Hafs_35_W.ttf,
37,43,1,35,QCF4_Hafs_35_W,QCF4_Hafs_35_W.ttf,
37,44,1,35,QCF4_Hafs_35_W,QCF4_Hafs_35_W.ttf,
37,45,1,35,QCF4_Hafs_35_W,QCF4_Hafs_35_W.ttf,
37,46,1,35,QCF4_Hafs_35_W,QCF4_Hafs_35_W.ttf,
37,47,1,35,QCF4_Hafs_35_W,QCF4_Hafs_35_W.ttf,
37,48,1,35,QCF4_Hafs_35_W,QCF4_Hafs_35_W.ttf,
37,49,1,35,QCF4_Hafs_35_W,QCF4_Hafs_35_W.ttf,
37,50,1,35,QCF4_Hafs_35_W,QCF4_Hafs_35_W.ttf,
37,51,1,35,QCF4_Hafs_35_W,QCF4_Hafs_35_W.ttf,
37,52,1,35,QCF4_Hafs_35_W,QCF4_Hafs_35_W.ttf,
37,53,1,35,QCF4_Hafs_35_W,QCF4_Hafs_35_W.ttf,
37,54,1,35,QCF4_Hafs_35_W,QCF4_Hafs_35_W.ttf,
37,55,1,35,QCF4_Hafs_35_W,QCF4_Hafs_35_W.ttf,
37,56,1,35,QCF4_Hafs_35_W,QCF4_Hafs_35_W.ttf,
37,57,1,35,QCF4_Hafs_35_W,QCF4_Hafs_35_W.ttf,
37,58,1,35,QCF4_Hafs_35_W,QCF4_Hafs_35_W.ttf,
37,59,1,35,QCF4_Hafs_35_W,QCF4_Hafs_35_W.ttf,
37,60,1,35,QCF4_Hafs_35_W,QCF4_Hafs_35_W.ttf,
37,61,1,35,QCF4_Hafs_35_W,QCF4_Hafs_35_W.ttf,
37,62,1,35,QCF4_Hafs_35_W,QCF4_Hafs_35_W.ttf,
37,63,1,35,QCF4_Hafs_35_W,QCF4_Hafs_35_W.ttf,
37,64,1,35,QCF4_Hafs_35_W,QCF4_Hafs_35_W.ttf,
37,65,1,35,QCF4_Hafs_35_W,QCF4_Hafs_35_W.ttf,
37,66,1,35,QCF4_Hafs_35_W,QCF4_Hafs_35_W.ttf,
37,67,1,35,QCF4_Hafs_35_W,QCF4_Hafs_35_W.ttf,
37,68,1,35,QCF4_Hafs_35_W,QCF4_Hafs_35_W.ttf,
37,69,1,35,QCF4_Hafs_35_W,QCF4_Hafs_35_W.ttf,
37,70,1,35,QCF4_Hafs_35_W,QCF4_Hafs_35_W.ttf,
37,71,1,35,QCF4_Hafs_35_W,QCF4_Hafs_35_W.ttf,
37,72,1,35,QCF4_Hafs_35_W,QCF4_Hafs_35_W.ttf,
37,73,1,35,QCF4_Hafs_35_W,QCF4_Hafs_35_W.ttf,
37,74,1,35,QCF4_Hafs_35_W,QCF4_Hafs_35_W.ttf,
37,75,1,35,QCF4_Hafs_35_W,QCF4_Hafs_35_W.ttf,
37,76,1,35,QCF4_Hafs_35_W,QCF4_Hafs_35_W.ttf,
37,77,1,35,QCF4_Hafs_35_W,QCF4_Hafs_35_W.ttf,
37,78,1,35,QCF4_Hafs_35_W,QCF4_Hafs_35_W.ttf,
37,79,1,35,QCF4_Hafs_35_W,QCF4_Hafs_35_W.ttf,
37,80,1,35,QCF4_Hafs_35_W,QCF4_Hafs_35_W.ttf,
37,81,1,35,QCF4_Hafs_35_W,QCF4_Hafs_35_W.ttf,
37,82,1,35,QCF4_Hafs_35_W,QCF4_Hafs_35_W.ttf,
37,83,1,35,QCF4_Hafs_35_W,QCF4_Hafs_35_W.ttf,
37,84,1,35,QCF4_Hafs_35_W,QCF4_Hafs_35_W.ttf,
37,85,1,35,QCF4_Hafs_35_W,QCF4_Hafs_35_W.ttf,
37,86,1,35,QCF4_Hafs_35_W,QCF4_Hafs_35_W.ttf,
37,87,1,35,QCF4_Hafs_35_W,QCF4_Hafs_35_W.ttf,
37,88,1,35,QCF4_Hafs_35_W,QCF4_Hafs_35_W.ttf,
37,89,1,35,QCF4_Hafs_35_W,QCF4_Hafs_35_W.ttf,
37,90,1,35,QCF4_Hafs_35_W,QCF4_Hafs_35_W.ttf,
37,91,1,35,QCF4_Hafs_35_W,QCF4_Hafs_35_W.ttf,
37,92,1,35,QCF4_Hafs_35_W,QCF4_Hafs_35_W.ttf,
37,93,1,35,QCF4_Hafs_35_W,QCF4_Hafs_35_W.ttf,
37,94,1,35,QCF4_Hafs_35_W,QCF4_Hafs_35_W.ttf,
37,95,1,35,QCF4_Hafs_35_W,QCF4_Hafs_35_W.ttf,
37,96,1,35,QCF4_Hafs_35_W,QCF4_Hafs_35_W.ttf,
37,97,1,35,QCF4_Hafs_35_W,QCF4_Hafs_35_W.ttf,
37,98,1,35,QCF4_Hafs_35_W,QCF4_Hafs_35_W.ttf,
37,99,1,35,QCF4_Hafs_35_W,QCF4_Hafs_35_W.ttf,
37,100,1,35,QCF4_Hafs_35_W,QCF4_Hafs_35_W.ttf,
37,101,1,35,QCF4_Hafs_35_W,QCF4_Hafs_35_W.ttf,
37,102,1,35,QCF4_Hafs_35_W,QCF4_Hafs_35_W.ttf,
37,103,1,35,QCF4_Hafs_35_W,QCF4_Hafs_35_W.ttf,
37,104,1,35,QCF4_Hafs_35_W,QCF4_Hafs_35_W.ttf,
37,105,1,35,QCF4_Hafs_35_W,QCF4_Hafs_35_W.ttf,
37,106,1,35,QCF4_Hafs_35_W,QCF4_Hafs_35_W.ttf,
37,107,1,35,QCF4_Hafs_35_W,QCF4_Hafs_35_W.ttf,
37,108,1,35,QCF4_Hafs_35_W,QCF4_Hafs_35_W.ttf,
37,109,1,35,QCF4_Hafs_35_W,QCF4_Hafs_35_W.ttf,
37,110,1,35,QCF4_Hafs_35_W,QCF4_Hafs_35_W.ttf,
37,111,1,35,QCF4_Hafs_35_W,QCF4_Hafs_35_W.ttf,
37,112,1,35,QCF4_Hafs_35_W,QCF4_Hafs_35_W.ttf,
37,113,1,35,QCF4_Hafs_35_W,QCF4_Hafs_35_W.ttf,
37,114,1,35,QCF4_Hafs_35_W,QCF4_Hafs_35_W.ttf,
37,115,1,35,QCF4_Hafs_35_W,QCF4_Hafs_35_W.ttf,
37,116,1,35,QCF4_Hafs_35_W,QCF4_Hafs_35_W.ttf,
37,117,1,35,QCF4_Hafs_35_W,QCF4_Hafs_35_W.ttf,
37,118,1,35,QCF4_Hafs_35_W,QCF4_Hafs_35_W.ttf,
37,119,1,35,QCF4_Hafs_35_W,QCF4_Hafs_35_W.ttf,
37,120,1,35,QCF4_Hafs_35_W,QCF4_Hafs_35_W.ttf,
37,121,1,35,QCF4_Hafs_35_W,QCF4_Hafs_35_W.ttf,
37,122,1,35,QCF4_Hafs_35_W,QCF4_Hafs_35_W.ttf,
37,123,1,35,QCF4_Hafs_35_W,QCF4_Hafs_35_W.ttf,
37,124,1,35,QCF4_Hafs_35_W,QCF4_Hafs_35_W.ttf,
37,125,1,35,QCF4_Hafs_35_W,QCF4_Hafs_35_W.ttf,
37,126,1,35,QCF4_Hafs_35_W,QCF4_Hafs_35_W.ttf,
37,127,1,35,QCF4_Hafs_35_W,QCF4_Hafs_35_W.ttf,
37,128,1,35,QCF4_Hafs_35_W,QCF4_Hafs_35_W.ttf,
37,129,1,35,QCF4_Hafs_35_W,QCF4_Hafs_35_W.ttf,
37,130,1,35,QCF4_Hafs_35_W,QCF4_Hafs_35_W.ttf,
37,131,1,35,QCF4_Hafs_35_W,QCF4_Hafs_35_W.ttf,
37,132,1,35,QCF4_Hafs_35_W,QCF4_Hafs_35_W.ttf,
37,133,1,35,QCF4_Hafs_35_W,QCF4_Hafs_35_W.ttf,
37,134,1,35,QCF4_Hafs_35_W,QCF4_Hafs_35_W.ttf,
37,135,1,35,QCF4_Hafs_35_W,QCF4_Hafs_35_W.ttf,
37,136,1,35,QCF4_Hafs_35_W,QCF4_Hafs_35_W.ttf,
37,137,1,35,QCF4_Hafs_35_W,QCF4_Hafs_35_W.ttf,
37,138,1,35,QCF4_Hafs_35_W,QCF4_Hafs_35_W.ttf,
37,139,1,35,QCF4_Hafs_35_W,QCF4_Hafs_35_W.ttf,
37,140,1,35,QCF4_Hafs_35_W,QCF4_Hafs_35_W.ttf,
37,141,1,35,QCF4_Hafs_35_W,QCF4_Hafs_35_W.ttf,
37,142,1,35,QCF4_Hafs_35_W,QCF4_Hafs_35_W.ttf,
37,143,1,35,QCF4_Hafs_35_W,QCF4_Hafs_35_W.ttf,
37,144,1,35,QCF4_Hafs_35_W,QCF4_Hafs_35_W.ttf,
37,145,1,35,QCF4_Hafs_35_W,QCF4_Hafs_35_W.ttf,
37,146,1,35,QCF4_Hafs_35_W,QCF4_Hafs_35_W.ttf,
37,147,1,35,QCF4_Hafs_35_W,QCF4_Hafs_35_W.ttf,
37,148,1,35,QCF4_Hafs_35_W,QCF4_Hafs_35_W.ttf,
37,149,1,35,QCF4_Hafs_35_W,QCF4_Hafs_35_W.ttf,
37,150,1,35,QCF4_Hafs_35_W,QCF4_Hafs_35_W.ttf,
37,151,1,35,QCF4_Hafs_35_W,QCF4_Hafs_35_W.ttf,
37,152,1,35,QCF4_Hafs_35_W,QCF4_Hafs_35_W.ttf,
37,153,1,35,QCF4_Hafs_35_W,QCF4_Hafs_35_W.ttf,
37,154,1,35,QCF4_Hafs_35_W,QCF4_Hafs_35_W.ttf,
37,155,1,35,QCF4_Hafs_35_W,QCF4_Hafs_35_W.ttf,
37,156,1,35,QCF4_Hafs_35_W,QCF4_Hafs_35_W.ttf,
37,157,1,35,QCF4_Hafs_35_W,QCF4_Hafs_35_W.ttf,
37,158,1,35,QCF4_Hafs_35_W,QCF4_Hafs_35_W.ttf,
37,159,1,35,QCF4_Hafs_35_W,QCF4_Hafs_35_W.ttf,
37,160,1,35,QCF4_Hafs_35_W,QCF4_Hafs_35_W.ttf,
37,161,1,35,QCF4_Hafs_35_W,QCF4_Hafs_35_W.ttf,
37,162,1,35,QCF4_Hafs_35_W,QCF4_Hafs_35_W.ttf,
37,163,1,35,QCF4_Hafs_35_W,QCF4_Hafs_35_W.ttf,
37,164,1,35,QCF4_Hafs_35_W,QCF4_Hafs_35_W.ttf,
37,165,1,35,QCF4_Hafs_35_W,QCF4_Hafs_35_W.ttf,
37,166,1,35,QCF4_Hafs_35_W,QCF4_Hafs_35_W.ttf,
37,167,1,35,QCF4_Hafs_35_W,QCF4_Hafs_35_W.ttf,
37,168,1,35,QCF4_Hafs_35_W,QCF4_Hafs_35_W.ttf,
37,169,1,35,QCF4_Hafs_35_W,QCF4_Hafs_35_W.ttf,
37,170,1,35,QCF4_Hafs_35_W,QCF4_Hafs_35_W.ttf,
37,171,1,35,QCF4_Hafs_35_W,QCF4_Hafs_35_W.ttf,
37,172,1,35,QCF4_Hafs_35_W,QCF4_Hafs_35_W.ttf,
37,173,1,35,QCF4_Hafs_35_W,QCF4_Hafs_35_W.ttf,
37,174,1,35,QCF4_Hafs_35_W,QCF4_Hafs_35_W.ttf,
37,175,1,35,QCF4_Hafs_35_W,QCF4_Hafs_35_W.ttf,
37,176,1,35,QCF4_Hafs_35_W,QCF4_Hafs_35_W.ttf,
37,177,1,35,QCF4_Hafs_35_W,QCF4_Hafs_35_W.ttf,
37,178,1,35,QCF4_Hafs_35_W,QCF4_Hafs_35_W.ttf,
37,179,1,35,QCF4_Hafs_35_W,QCF4_Hafs_35_W.ttf,
37,180,1,35,QCF4_Hafs_35_W,QCF4_Hafs_35_W.ttf,
37,181,1,35,QCF4_Hafs_35_W,QCF4_Hafs_35_W.ttf,
37,182,1,35,QCF4_Hafs_35_W,QCF4_Hafs_35_W.ttf,
38,1,1,35,QCF4_Hafs_35_W,QCF4_Hafs_35_W.ttf,
38,2,1,35,QCF4_Hafs_35_W,QCF4_Hafs_35_W.ttf,
38,3,1,35,QCF4_Hafs_35_W,QCF4_Hafs_35_W.ttf,
38,4,1,35,QCF4_Hafs_35_W,QCF4_Hafs_35_W.ttf,
38,5,1,35,QCF4_Hafs_35_W,QCF4_Hafs_35_W.ttf,
38,6,1,35,QCF4_Hafs_35_W,QCF4_Hafs_35_W.ttf,
38,7,1,35,QCF4_Hafs_35_W,QCF4_Hafs_35_W.ttf,
38,8,1,35,QCF4_Hafs_35_W,QCF4_Hafs_35_W.ttf,
38,9,1,35,QCF4_Hafs_35_W,QCF4_Hafs_35_W.ttf,
38,10,1,35,QCF4_Hafs_35_W,QCF4_Hafs_35_W.ttf,
38,11,1,35,QCF4_Hafs_35_W,QCF4_Hafs_35_W.ttf,
38,12,1,35,QCF4_Hafs_35_W,QCF4_Hafs_35_W.ttf,
38,13,1,35,QCF4_Hafs_35_W,QCF4_Hafs_35_W.ttf,
38,14,1,35,QCF4_Hafs_35_W,QCF4_Hafs_35_W.ttf,
38,15,1,35,QCF4_Hafs_35_W,QCF4_Hafs_35_W.ttf,
38,16,1,35,QCF4_Hafs_35_W,QCF4_Hafs_35_W.ttf,
38,17,1,35,QCF4_Hafs_35_W,QCF4_Hafs_35_W.ttf,
38,18,1,35,QCF4_Hafs_35_W,QCF4_Hafs_35_W.ttf,
38,19,1,35,QCF4_Hafs_35_W,QCF4_Hafs_35_W.ttf,
38,20,1,35,QCF4_Hafs_35_W,QCF4_Hafs_35_W.ttf,
38,21,1,35,QCF4_Hafs_35_W,QCF4_Hafs_35_W.ttf,
38,22,1,35,QCF4_Hafs_35_W,QCF4_Hafs_35_W.ttf,
38,23,1,35,QCF4_Hafs_35_W,QCF4_Hafs_35_W.ttf,
38,24,1,35,QCF4_Hafs_35_W,QCF4_Hafs_35_W.ttf,
38,25,1,35,QCF4_Hafs_35_W,QCF4_Hafs_35_W.ttf,
38,26,1,35,QCF4_Hafs_35_W,QCF4_Hafs_35_W.ttf,
38,27,1,35,QCF4_Hafs_35_W,QCF4_Hafs_35_W.ttf,
38,28,1,35,QCF4_Hafs_35_W,QCF4_Hafs_35_W.ttf,
38,29,1,35,QCF4_Hafs_35_W,QCF4_Hafs_35_W.ttf,
38,30,1,35,QCF4_Hafs_35_W,QCF4_Hafs_35_W.ttf,
38,31,1,35,QCF4_Hafs_35_W,QCF4_Hafs_35_W.ttf,
38,32,1,35,QCF4_Hafs_35_W,QCF4_Hafs_35_W.ttf,
38,33,1,35,QCF4_Hafs_35_W,QCF4_Hafs_35_W.ttf,
38,34,1,35,QCF4_Hafs_35_W,QCF4_Hafs_35_W.ttf,
38,35,1,35,QCF4_Hafs_35_W,QCF4_Hafs_35_W.ttf,
38,36,1,35,QCF4_Hafs_35_W,QCF4_Hafs_35_W.ttf,
38,37,1,35,QCF4_Hafs_35_W,QCF4_Hafs_35_W.ttf,
38,38,1,35,QCF4_Hafs_35_W,QCF4_Hafs_35_W.ttf,
38,39,1,35,QCF4_Hafs_35_W,QCF4_Hafs_35_W.ttf,
38,40,1,35,QCF4_Hafs_35_W,QCF4_Hafs_35_W.ttf,
38,41,1,35,QCF4_Hafs_35_W,QCF4_Hafs_35_W.ttf,
38,42,1,35,QCF4_Hafs_35_W,QCF4_Hafs_35_W.ttf,
38,43,1,35,QCF4_Hafs_35_W,QCF4_Hafs_35_W.ttf,
38,44,1,35,QCF4_Hafs_35_W,QCF4_Hafs_35_W.ttf,
38,45,1,35,QCF4_Hafs_35_W,QCF4_Hafs_35_W.ttf,
38,46,1,35,QCF4_Hafs_35_W,QCF4_Hafs_35_W.ttf,
38,47,1,35,QCF4_Hafs_35_W,QCF4_Hafs_35_W.ttf,
38,48,1,35,QCF4_Hafs_35_W,QCF4_Hafs_35_W.ttf,
38,49,1,35,QCF4_Hafs_35_W,QCF4_Hafs_35_W.ttf,
38,50,1,35,QCF4_Hafs_35_W,QCF4_Hafs_35_W.ttf,
38,51,1,35,QCF4_Hafs_35_W,QCF4_Hafs_35_W.ttf,
38,52,1,35,QCF4_Hafs_35_W,QCF4_Hafs_35_W.ttf,
38,53,1,35,QCF4_Hafs_35_W,QCF4_Hafs_35_W.ttf,
38,54,1,35,QCF4_Hafs_35_W,QCF4_Hafs_35_W.ttf,
38,55,1,35,QCF4_Hafs_35_W,QCF4_Hafs_35_W.ttf,
38,56,1,35,QCF4_Hafs_35_W,QCF4_Hafs_35_W.ttf,
38,57,1,35,QCF4_Hafs_35_W,QCF4_Hafs_35_W.ttf,
38,58,1,35,QCF4_Hafs_35_W,QCF4_Hafs_35_W.ttf,
38,59,1,35,QCF4_Hafs_35_W,QCF4_Hafs_35_W.ttf,
38,60,1,35,QCF4_Hafs_35_W,QCF4_Hafs_35_W.ttf,
38,61,1,35,QCF4_Hafs_35_W,QCF4_Hafs_35_W.ttf,
38,62,1,35,QCF4_Hafs_35_W,QCF4_Hafs_35_W.ttf,
38,63,1,35,QCF4_Hafs_35_W,QCF4_Hafs_35_W.ttf,
38,64,1,35,QCF4_Hafs_35_W,QCF4_Hafs_35_W.ttf,
38,65,1,35,QCF4_Hafs_35_W,QCF4_Hafs_35_W.ttf,
38,66,1,35,QCF4_Hafs_35_W,QCF4_Hafs_35_W.ttf,
38,67,1,35,QCF4_Hafs_35_W,QCF4_Hafs_35_W.ttf,
38,68,1,35,QCF4_Hafs_35_W,QCF4_Hafs_35_W.ttf,
38,69,1,35,QCF4_Hafs_35_W,QCF4_Hafs_35_W.ttf,
38,70,1,35,QCF4_Hafs_35_W,QCF4_Hafs_35_W.ttf,
38,71,1,35,QCF4_Hafs_35_W,QCF4_Hafs_35_W.ttf,
38,72,1,35,QCF4_Hafs_35_W,QCF4_Hafs_35_W.ttf,
38,73,1,35,QCF4_Hafs_35_W,QCF4_Hafs_35_W.ttf,
38,74,1,35,QCF4_Hafs_35_W,QCF4_Hafs_35_W.ttf,
38,75,1,35,QCF4_Hafs_35_W,QCF4_Hafs_35_W.ttf,
38,76,1,35,QCF4_Hafs_35_W,QCF4_Hafs_35_W.ttf,
38,77,1,35,QCF4_Hafs_35_W,QCF4_Hafs_35_W.ttf,
38,78,1,35,QCF4_Hafs_35_W,QCF4_Hafs_35_W.ttf,
38,79,1,35,QCF4_Hafs_35_W,QCF4_Hafs_35_W.ttf,
38,80,1,35,QCF4_Hafs_35_W,QCF4_Hafs_35_W.ttf,
38,81,1,35,QCF4_Hafs_35_W,QCF4_Hafs_35_W.ttf,
38,82,1,35,QCF4_Hafs_35_W,QCF4_Hafs_35_W.ttf,
38,83,1,35,QCF4_Hafs_35_W,QCF4_Hafs_35_W.ttf,
38,84,1,36,QCF4_Hafs_36_W,QCF4_Hafs_36_W.ttf,
38,85,1,36,QCF4_Hafs_36_W,QCF4_Hafs_36_W.ttf,
38,86,1,36,QCF4_Hafs_36_W,QCF4_Hafs_36_W.ttf,
38,87,1,36,QCF4_Hafs_36_W,QCF4_Hafs_36_W.ttf,
38,88,1,36,QCF4_Hafs_36_W,QCF4_Hafs_36_W.ttf,
39,1,1,36,QCF4_Hafs_36_W,QCF4_Hafs_36_W.ttf,
39,2,1,36,QCF4_Hafs_36_W,QCF4_Hafs_36_W.ttf,
39,3,1,36,QCF4_Hafs_36_W,QCF4_Hafs_36_W.ttf,
39,4,1,36,QCF4_Hafs_36_W,QCF4_Hafs_36_W.ttf,
39,5,1,36,QCF4_Hafs_36_W,QCF4_Hafs_36_W.ttf,
39,6,1,36,QCF4_Hafs_36_W,QCF4_Hafs_36_W.ttf,
39,7,1,36,QCF4_Hafs_36_W,QCF4_Hafs_36_W.ttf,
39,8,1,36,QCF4_Hafs_36_W,QCF4_Hafs_36_W.ttf,
39,9,1,36,QCF4_Hafs_36_W,QCF4_Hafs_36_W.ttf,
39,10,1,36,QCF4_Hafs_36_W,QCF4_Hafs_36_W.ttf,
39,11,1,36,QCF4_Hafs_36_W,QCF4_Hafs_36_W.ttf,
39,12,1,36,QCF4_Hafs_36_W,QCF4_Hafs_36_W.ttf,
39,13,1,36,QCF4_Hafs_36_W,QCF4_Hafs_36_W.ttf,
39,14,1,36,QCF4_Hafs_36_W,QCF4_Hafs_36_W.ttf,
39,15,1,36,QCF4_Hafs_36_W,QCF4_Hafs_36_W.ttf,
39,16,1,36,QCF4_Hafs_36_W,QCF4_Hafs_36_W.ttf,
39,17,1,36,QCF4_Hafs_36_W,QCF4_Hafs_36_W.ttf,
39,18,1,36,QCF4_Hafs_36_W,QCF4_Hafs_36_W.ttf,
39,19,1,36,QCF4_Hafs_36_W,QCF4_Hafs_36_W.ttf,
39,20,1,36,QCF4_Hafs_36_W,QCF4_Hafs_36_W.ttf,
39,21,1,36,QCF4_Hafs_36_W,QCF4_Hafs_36_W.ttf,
39,22,1,36,QCF4_Hafs_36_W,QCF4_Hafs_36_W.ttf,
39,23,1,36,QCF4_Hafs_36_W,QCF4_Hafs_36_W.ttf,
39,24,1,36,QCF4_Hafs_36_W,QCF4_Hafs_36_W.ttf,
39,25,1,36,QCF4_Hafs_36_W,QCF4_Hafs_36_W.ttf,
39,26,1,36,QCF4_Hafs_36_W,QCF4_Hafs_36_W.ttf,
39,27,1,36,QCF4_Hafs_36_W,QCF4_Hafs_36_W.ttf,
39,28,1,36,QCF4_Hafs_36_W,QCF4_Hafs_36_W.ttf,
39,29,1,36,QCF4_Hafs_36_W,QCF4_Hafs_36_W.ttf,
39,30,1,36,QCF4_Hafs_36_W,QCF4_Hafs_36_W.ttf,
39,31,1,36,QCF4_Hafs_36_W,QCF4_Hafs_36_W.ttf,
39,32,1,36,QCF4_Hafs_36_W,QCF4_Hafs_36_W.ttf,
39,33,1,36,QCF4_Hafs_36_W,QCF4_Hafs_36_W.ttf,
39,34,1,36,QCF4_Hafs_36_W,QCF4_Hafs_36_W.ttf,
39,35,1,36,QCF4_Hafs_36_W,QCF4_Hafs_36_W.ttf,
39,36,1,36,QCF4_Hafs_36_W,QCF4_Hafs_36_W.ttf,
39,37,1,36,QCF4_Hafs_36_W,QCF4_Hafs_36_W.ttf,
39,38,1,36,QCF4_Hafs_36_W,QCF4_Hafs_36_W.ttf,
39,39,1,36,QCF4_Hafs_36_W,QCF4_Hafs_36_W.ttf,
39,40,1,36,QCF4_Hafs_36_W,QCF4_Hafs_36_W.ttf,
39,41,1,36,QCF4_Hafs_36_W,QCF4_Hafs_36_W.ttf,
39,42,1,36,QCF4_Hafs_36_W,QCF4_Hafs_36_W.ttf,
39,43,1,36,QCF4_Hafs_36_W,QCF4_Hafs_36_W.ttf,
39,44,1,36,QCF4_Hafs_36_W,QCF4_Hafs_36_W.ttf,
39,45,1,36,QCF4_Hafs_36_W,QCF4_Hafs_36_W.ttf,
39,46,1,36,QCF4_Hafs_36_W,QCF4_Hafs_36_W.ttf,
39,47,1,36,QCF4_Hafs_36_W,QCF4_Hafs_36_W.ttf,
39,48,1,36,QCF4_Hafs_36_W,QCF4_Hafs_36_W.ttf,
39,49,1,36,QCF4_Hafs_36_W,QCF4_Hafs_36_W.ttf,
39,50,1,36,QCF4_Hafs_36_W,QCF4_Hafs_36_W.ttf,
39,51,1,36,QCF4_Hafs_36_W,QCF4_Hafs_36_W.ttf,
39,52,1,36,QCF4_Hafs_36_W,QCF4_Hafs_36_W.ttf,
39,53,1,36,QCF4_Hafs_36_W,QCF4_Hafs_36_W.ttf,
39,54,1,36,QCF4_Hafs_36_W,QCF4_Hafs_36_W.ttf,
39,55,1,36,QCF4_Hafs_36_W,QCF4_Hafs_36_W.ttf,
39,56,1,36,QCF4_Hafs_36_W,QCF4_Hafs_36_W.ttf,
39,57,1,36,QCF4_Hafs_36_W,QCF4_Hafs_36_W.ttf,
39,58,1,36,QCF4_Hafs_36_W,QCF4_Hafs_36_W.ttf,
39,59,1,36,QCF4_Hafs_36_W,QCF4_Hafs_36_W.ttf,
39,60,1,36,QCF4_Hafs_36_W,QCF4_Hafs_36_W.ttf,
39,61,1,36,QCF4_Hafs_36_W,QCF4_Hafs_36_W.ttf,
39,62,1,36,QCF4_Hafs_36_W,QCF4_Hafs_36_W.ttf,
39,63,1,36,QCF4_Hafs_36_W,QCF4_Hafs_36_W.ttf,
39,64,1,36,QCF4_Hafs_36_W,QCF4_Hafs_36_W.ttf,
39,65,1,36,QCF4_Hafs_36_W,QCF4_Hafs_36_W.ttf,
39,66,1,36,QCF4_Hafs_36_W,QCF4_Hafs_36_W.ttf,
39,67,1,36,QCF4_Hafs_36_W,QCF4_Hafs_36_W.ttf,
39,68,1,36,QCF4_Hafs_36_W,QCF4_Hafs_36_W.ttf,
39,69,1,36,QCF4_Hafs_36_W,QCF4_Hafs_36_W.ttf,
39,70,1,36,QCF4_Hafs_36_W,QCF4_Hafs_36_W.ttf,
39,71,1,36,QCF4_Hafs_36_W,QCF4_Hafs_36_W.ttf,
39,72,1,36,QCF4_Hafs_36_W,QCF4_Hafs_36_W.ttf,
39,73,1,36,QCF4_Hafs_36_W,QCF4_Hafs_36_W.ttf,
39,74,1,36,QCF4_Hafs_36_W,QCF4_Hafs_36_W.ttf,
39,75,1,36,QCF4_Hafs_36_W,QCF4_Hafs_36_W.ttf,
40,1,1,36,QCF4_Hafs_36_W,QCF4_Hafs_36_W.ttf,
40,2,1,36,QCF4_Hafs_36_W,QCF4_Hafs_36_W.ttf,
40,3,1,36,QCF4_Hafs_36_W,QCF4_Hafs_36_W.ttf,
40,4,1,36,QCF4_Hafs_36_W,QCF4_Hafs_36_W.ttf,
40,5,1,36,QCF4_Hafs_36_W,QCF4_Hafs_36_W.ttf,
40,6,1,36,QCF4_Hafs_36_W,QCF4_Hafs_36_W.ttf,
40,7,1,36,QCF4_Hafs_36_W,QCF4_Hafs_36_W.ttf,
40,8,1,36,QCF4_Hafs_36_W,QCF4_Hafs_36_W.ttf,
40,9,1,36,QCF4_Hafs_36_W,QCF4_Hafs_36_W.ttf,
40,10,1,36,QCF4_Hafs_36_W,QCF4_Hafs_36_W.ttf,
40,11,1,36,QCF4_Hafs_36_W,QCF4_Hafs_36_W.ttf,
40,12,1,36,QCF4_Hafs_36_W,QCF4_Hafs_36_W.ttf,
40,13,1,36,QCF4_Hafs_36_W,QCF4_Hafs_36_W.ttf,
40,14,1,36,QCF4_Hafs_36_W,QCF4_Hafs_36_W.ttf,
40,15,1,36,QCF4_Hafs_36_W,QCF4_Hafs_36_W.ttf,
40,16,1,36,QCF4_Hafs_36_W,QCF4_Hafs_36_W.ttf,
40,17,1,36,QCF4_Hafs_36_W,QCF4_Hafs_36_W.ttf,
40,18,1,36,QCF4_Hafs_36_W,QCF4_Hafs_36_W.ttf,
40,19,1,36,QCF4_Hafs_36_W,QCF4_Hafs_36_W.ttf,
40,20,1,36,QCF4_Hafs_36_W,QCF4_Hafs_36_W.ttf,
40,21,1,36,QCF4_Hafs_36_W,QCF4_Hafs_36_W.ttf,
40,22,1,36,QCF4_Hafs_36_W,QCF4_Hafs_36_W.ttf,
40,23,1,36,QCF4_Hafs_36_W,QCF4_Hafs_36_W.ttf,
40,24,1,36,QCF4_Hafs_36_W,QCF4_Hafs_36_W.ttf,
40,25,1,36,QCF4_Hafs_36_W,QCF4_Hafs_36_W.ttf,
40,26,1,36,QCF4_Hafs_36_W,QCF4_Hafs_36_W.ttf,
40,27,1,36,QCF4_Hafs_36_W,QCF4_Hafs_36_W.ttf,
40,28,1,36,QCF4_Hafs_36_W,QCF4_Hafs_36_W.ttf,
40,29,1,36,QCF4_Hafs_36_W,QCF4_Hafs_36_W.ttf,
40,30,1,36,QCF4_Hafs_36_W,QCF4_Hafs_36_W.ttf,
40,31,1,36,QCF4_Hafs_36_W,QCF4_Hafs_36_W.ttf,
40,32,1,36,QCF4_Hafs_36_W,QCF4_Hafs_36_W.ttf,
40,33,1,36,QCF4_Hafs_36_W,QCF4_Hafs_36_W.ttf,
40,34,1,37,QCF4_Hafs_37_W,QCF4_Hafs_37_W.ttf,
40,35,1,37,QCF4_Hafs_37_W,QCF4_Hafs_37_W.ttf,
40,36,1,37,QCF4_Hafs_37_W,QCF4_Hafs_37_W.ttf,
40,37,1,37,QCF4_Hafs_37_W,QCF4_Hafs_37_W.ttf,
40,38,1,37,QCF4_Hafs_37_W,QCF4_Hafs_37_W.ttf,
40,39,1,37,QCF4_Hafs_37_W,QCF4_Hafs_37_W.ttf,
40,40,1,37,QCF4_Hafs_37_W,QCF4_Hafs_37_W.ttf,
40,41,1,37,QCF4_Hafs_37_W,QCF4_Hafs_37_W.ttf,
40,42,1,37,QCF4_Hafs_37_W,QCF4_Hafs_37_W.ttf,
40,43,1,37,QCF4_Hafs_37_W,QCF4_Hafs_37_W.ttf,
40,44,1,37,QCF4_Hafs_37_W,QCF4_Hafs_37_W.ttf,
40,45,1,37,QCF4_Hafs_37_W,QCF4_Hafs_37_W.ttf,
40,46,1,37,QCF4_Hafs_37_W,QCF4_Hafs_37_W.ttf,
40,47,1,37,QCF4_Hafs_37_W,QCF4_Hafs_37_W.ttf,
40,48,1,37,QCF4_Hafs_37_W,QCF4_Hafs_37_W.ttf,
40,49,1,37,QCF4_Hafs_37_W,QCF4_Hafs_37_W.ttf,
40,50,1,37,QCF4_Hafs_37_W,QCF4_Hafs_37_W.ttf,
40,51,1,37,QCF4_Hafs_37_W,QCF4_Hafs_37_W.ttf,
40,52,1,37,QCF4_Hafs_37_W,QCF4_Hafs_37_W.ttf,
40,53,1,37,QCF4_Hafs_37_W,QCF4_Hafs_37_W.ttf,
40,54,1,37,QCF4_Hafs_37_W,QCF4_Hafs_37_W.ttf,
40,55,1,37,QCF4_Hafs_37_W,QCF4_Hafs_37_W.ttf,
40,56,1,37,QCF4_Hafs_37_W,QCF4_Hafs_37_W.ttf,
40,57,1,37,QCF4_Hafs_37_W,QCF4_Hafs_37_W.ttf,
40,58,1,37,QCF4_Hafs_37_W,QCF4_Hafs_37_W.ttf,
40,59,1,37,QCF4_Hafs_37_W,QCF4_Hafs_37_W.ttf,
40,60,1,37,QCF4_Hafs_37_W,QCF4_Hafs_37_W.ttf,
40,61,1,37,QCF4_Hafs_37_W,QCF4_Hafs_37_W.ttf,
40,62,1,37,QCF4_Hafs_37_W,QCF4_Hafs_37_W.ttf,
40,63,1,37,QCF4_Hafs_37_W,QCF4_Hafs_37_W.ttf,
40,64,1,37,QCF4_Hafs_37_W,QCF4_Hafs_37_W.ttf,
40,65,1,37,QCF4_Hafs_37_W,QCF4_Hafs_37_W.ttf,
40,66,1,37,QCF4_Hafs_37_W,QCF4_Hafs_37_W.ttf,
40,67,1,37,QCF4_Hafs_37_W,QCF4_Hafs_37_W.ttf,
40,68,1,37,QCF4_Hafs_37_W,QCF4_Hafs_37_W.ttf,
40,69,1,37,QCF4_Hafs_37_W,QCF4_Hafs_37_W.ttf,
40,70,1,37,QCF4_Hafs_37_W,QCF4_Hafs_37_W.ttf,
40,71,1,37,QCF4_Hafs_37_W,QCF4_Hafs_37_W.ttf,
40,72,1,37,QCF4_Hafs_37_W,QCF4_Hafs_37_W.ttf,
40,73,1,37,QCF4_Hafs_37_W,QCF4_Hafs_37_W.ttf,
40,74,1,37,QCF4_Hafs_37_W,QCF4_Hafs_37_W.ttf,
40,75,1,37,QCF4_Hafs_37_W,QCF4_Hafs_37_W.ttf,
40,76,1,37,QCF4_Hafs_37_W,QCF4_Hafs_37_W.ttf,
40,77,1,37,QCF4_Hafs_37_W,QCF4_Hafs_37_W.ttf,
40,78,1,37,QCF4_Hafs_37_W,QCF4_Hafs_37_W.ttf,
40,79,1,37,QCF4_Hafs_37_W,QCF4_Hafs_37_W.ttf,
40,80,1,37,QCF4_Hafs_37_W,QCF4_Hafs_37_W.ttf,
40,81,1,37,QCF4_Hafs_37_W,QCF4_Hafs_37_W.ttf,
40,82,1,37,QCF4_Hafs_37_W,QCF4_Hafs_37_W.ttf,
40,83,1,37,QCF4_Hafs_37_W,QCF4_Hafs_37_W.ttf,
40,84,1,37,QCF4_Hafs_37_W,QCF4_Hafs_37_W.ttf,
40,85,1,37,QCF4_Hafs_37_W,QCF4_Hafs_37_W.ttf,
41,1,1,37,QCF4_Hafs_37_W,QCF4_Hafs_37_W.ttf,
41,2,1,37,QCF4_Hafs_37_W,QCF4_Hafs_37_W.ttf,
41,3,1,37,QCF4_Hafs_37_W,QCF4_Hafs_37_W.ttf,
41,4,1,37,QCF4_Hafs_37_W,QCF4_Hafs_37_W.ttf,
41,5,1,37,QCF4_Hafs_37_W,QCF4_Hafs_37_W.ttf,
41,6,1,37,QCF4_Hafs_37_W,QCF4_Hafs_37_W.ttf,
41,7,1,37,QCF4_Hafs_37_W,QCF4_Hafs_37_W.ttf,
41,8,1,37,QCF4_Hafs_37_W,QCF4_Hafs_37_W.ttf,
41,9,1,37,QCF4_Hafs_37_W,QCF4_Hafs_37_W.ttf,
41,10,1,37,QCF4_Hafs_37_W,QCF4_Hafs_37_W.ttf,
41,11,1,37,QCF4_Hafs_37_W,QCF4_Hafs_37_W.ttf,
41,12,1,37,QCF4_Hafs_37_W,QCF4_Hafs_37_W.ttf,
41,13,1,37,QCF4_Hafs_37_W,QCF4_Hafs_37_W.ttf,
41,14,1,37,QCF4_Hafs_37_W,QCF4_Hafs_37_W.ttf,
41,15,1,37,QCF4_Hafs_37_W,QCF4_Hafs_37_W.ttf,
41,16,1,37,QCF4_Hafs_37_W,QCF4_Hafs_37_W.ttf,
41,17,1,37,QCF4_Hafs_37_W,QCF4_Hafs_37_W.ttf,
41,18,1,37,QCF4_Hafs_37_W,QCF4_Hafs_37_W.ttf,
41,19,1,37,QCF4_Hafs_37_W,QCF4_Hafs_37_W.ttf,
41,20,1,37,QCF4_Hafs_37_W,QCF4_Hafs_37_W.ttf,
41,21,1,37,QCF4_Hafs_37_W,QCF4_Hafs_37_W.ttf,
41,22,1,37,QCF4_Hafs_37_W,QCF4_Hafs_37_W.ttf,
41,23,1,37,QCF4_Hafs_37_W,QCF4_Hafs_37_W.ttf,
41,24,1,37,QCF4_Hafs_37_W,QCF4_Hafs_37_W.ttf,
41,25,1,37,QCF4_Hafs_37_W,QCF4_Hafs_37_W.ttf,
41,26,1,37,QCF4_Hafs_37_W,QCF4_Hafs_37_W.ttf,
41,27,1,37,QCF4_Hafs_37_W,QCF4_Hafs_37_W.ttf,
41,28,1,37,QCF4_Hafs_37_W,QCF4_Hafs_37_W.ttf,
41,29,1,37,QCF4_Hafs_37_W,QCF4_Hafs_37_W.ttf,
41,30,1,37,QCF4_Hafs_37_W,QCF4_Hafs_37_W.ttf,
41,31,1,37,QCF4_Hafs_37_W,QCF4_Hafs_37_W.ttf,
41,32,1,37,QCF4_Hafs_37_W,QCF4_Hafs_37_W.ttf,
41,33,1,37,QCF4_Hafs_37_W,QCF4_Hafs_37_W.ttf,
41,34,1,37,QCF4_Hafs_37_W,QCF4_Hafs_37_W.ttf,
41,35,1,37,QCF4_Hafs_37_W,QCF4_Hafs_37_W.ttf,
41,36,1,37,QCF4_Hafs_37_W,QCF4_Hafs_37_W.ttf,
41,37,1,37,QCF4_Hafs_37_W,QCF4_Hafs_37_W.ttf,
41,38,1,37,QCF4_Hafs_37_W,QCF4_Hafs_37_W.ttf,
41,39,1,37,QCF4_Hafs_37_W,QCF4_Hafs_37_W.ttf,
41,40,1,37,QCF4_Hafs_37_W,QCF4_Hafs_37_W.ttf,
41,41,1,37,QCF4_Hafs_37_W,QCF4_Hafs_37_W.ttf,
41,42,1,37,QCF4_Hafs_37_W,QCF4_Hafs_37_W.ttf,
41,43,1,37,QCF4_Hafs_37_W,QCF4_Hafs_37_W.ttf,
41,44,1,37,QCF4_Hafs_37_W,QCF4_Hafs_37_W.ttf,
41,45,1,37,QCF4_Hafs_37_W,QCF4_Hafs_37_W.ttf,
41,46,1,37,QCF4_Hafs_37_W,QCF4_Hafs_37_W.ttf,
41,47,1,37,QCF4_Hafs_37_W,QCF4_Hafs_37_W.ttf,
41,48,1,37,QCF4_Hafs_37_W,QCF4_Hafs_37_W.ttf,
41,49,1,37,QCF4_Hafs_37_W,QCF4_Hafs_37_W.ttf,
41,50,1,37,QCF4_Hafs_37_W,QCF4_Hafs_37_W.ttf,
41,51,1,37,QCF4_Hafs_37_W,QCF4_Hafs_37_W.ttf,
41,52,1,37,QCF4_Hafs_37_W,QCF4_Hafs_37_W.ttf,
41,53,1,37,QCF4_Hafs_37_W,QCF4_Hafs_37_W.ttf,
41,54,1,37,QCF4_Hafs_37_W,QCF4_Hafs_37_W.ttf,
42,1,1,37,QCF4_Hafs_37_W,QCF4_Hafs_37_W.ttf,
42,2,1,37,QCF4_Hafs_37_W,QCF4_Hafs_37_W.ttf,
42,3,1,37,QCF4_Hafs_37_W,QCF4_Hafs_37_W.ttf,
42,4,1,37,QCF4_Hafs_37_W,QCF4_Hafs_37_W.ttf,
42,5,1,37,QCF4_Hafs_37_W,QCF4_Hafs_37_W.ttf,
42,6,1,37,QCF4_Hafs_37_W,QCF4_Hafs_37_W.ttf,
42,7,1,37,QCF4_Hafs_37_W,QCF4_Hafs_37_W.ttf,
42,8,1,37,QCF4_Hafs_37_W,QCF4_Hafs_37_W.ttf,
42,9,1,37,QCF4_Hafs_37_W,QCF4_Hafs_37_W.ttf,
42,10,1,37,QCF4_Hafs_37_W,QCF4_Hafs_37_W.ttf,
42,11,1,38,QCF4_Hafs_38_W,QCF4_Hafs_38_W.ttf,
42,12,1,38,QCF4_Hafs_38_W,QCF4_Hafs_38_W.ttf,
42,13,1,38,QCF4_Hafs_38_W,QCF4_Hafs_38_W.ttf,
42,14,1,38,QCF4_Hafs_38_W,QCF4_Hafs_38_W.ttf,
42,15,1,38,QCF4_Hafs_38_W,QCF4_Hafs_38_W.ttf,
42,16,1,38,QCF4_Hafs_38_W,QCF4_Hafs_38_W.ttf,
42,17,1,38,QCF4_Hafs_38_W,QCF4_Hafs_38_W.ttf,
42,18,1,38,QCF4_Hafs_38_W,QCF4_Hafs_38_W.ttf,
42,19,1,38,QCF4_Hafs_38_W,QCF4_Hafs_38_W.ttf,
42,20,1,38,QCF4_Hafs_38_W,QCF4_Hafs_38_W.ttf,
42,21,1,38,QCF4_Hafs_38_W,QCF4_Hafs_38_W.ttf,
42,22,1,38,QCF4_Hafs_38_W,QCF4_Hafs_38_W.ttf,
42,23,1,38,QCF4_Hafs_38_W,QCF4_Hafs_38_W.ttf,
42,24,1,38,QCF4_Hafs_38_W,QCF4_Hafs_38_W.ttf,
42,25,1,38,QCF4_Hafs_38_W,QCF4_Hafs_38_W.ttf,
42,26,1,38,QCF4_Hafs_38_W,QCF4_Hafs_38_W.ttf,
42,27,1,38,QCF4_Hafs_38_W,QCF4_Hafs_38_W.ttf,
42,28,1,38,QCF4_Hafs_38_W,QCF4_Hafs_38_W.ttf,
42,29,1,38,QCF4_Hafs_38_W,QCF4_Hafs_38_W.ttf,
42,30,1,38,QCF4_Hafs_38_W,QCF4_Hafs_38_W.ttf,
42,31,1,38,QCF4_Hafs_38_W,QCF4_Hafs_38_W.ttf,
42,32,1,38,QCF4_Hafs_38_W,QCF4_Hafs_38_W.ttf,
42,33,1,38,QCF4_Hafs_38_W,QCF4_Hafs_38_W.ttf,
42,34,1,38,QCF4_Hafs_38_W,QCF4_Hafs_38_W.ttf,
42,35,1,38,QCF4_Hafs_38_W,QCF4_Hafs_38_W.ttf,
42,36,1,38,QCF4_Hafs_38_W,QCF4_Hafs_38_W.ttf,
42,37,1,38,QCF4_Hafs_38_W,QCF4_Hafs_38_W.ttf,
42,38,1,38,QCF4_Hafs_38_W,QCF4_Hafs_38_W.ttf,
42,39,1,38,QCF4_Hafs_38_W,QCF4_Hafs_38_W.ttf,
42,40,1,38,QCF4_Hafs_38_W,QCF4_Hafs_38_W.ttf,
42,41,1,38,QCF4_Hafs_38_W,QCF4_Hafs_38_W.ttf,
42,42,1,38,QCF4_Hafs_38_W,QCF4_Hafs_38_W.ttf,
42,43,1,38,QCF4_Hafs_38_W,QCF4_Hafs_38_W.ttf,
42,44,1,38,QCF4_Hafs_38_W,QCF4_Hafs_38_W.ttf,
42,45,1,38,QCF4_Hafs_38_W,QCF4_Hafs_38_W.ttf,
42,46,1,38,QCF4_Hafs_38_W,QCF4_Hafs_38_W.ttf,
42,47,1,38,QCF4_Hafs_38_W,QCF4_Hafs_38_W.ttf,
42,48,1,38,QCF4_Hafs_38_W,QCF4_Hafs_38_W.ttf,
42,49,1,38,QCF4_Hafs_38_W,QCF4_Hafs_38_W.ttf,
42,50,1,38,QCF4_Hafs_38_W,QCF4_Hafs_38_W.ttf,
42,51,1,38,QCF4_Hafs_38_W,QCF4_Hafs_38_W.ttf,
42,52,1,38,QCF4_Hafs_38_W,QCF4_Hafs_38_W.ttf,
42,53,1,38,QCF4_Hafs_38_W,QCF4_Hafs_38_W.ttf,
43,1,1,38,QCF4_Hafs_38_W,QCF4_Hafs_38_W.ttf,
43,2,1,38,QCF4_Hafs_38_W,QCF4_Hafs_38_W.ttf,
43,3,1,38,QCF4_Hafs_38_W,QCF4_Hafs_38_W.ttf,
43,4,1,38,QCF4_Hafs_38_W,QCF4_Hafs_38_W.ttf,
43,5,1,38,QCF4_Hafs_38_W,QCF4_Hafs_38_W.ttf,
43,6,1,38,QCF4_Hafs_38_W,QCF4_Hafs_38_W.ttf,
43,7,1,38,QCF4_Hafs_38_W,QCF4_Hafs_38_W.ttf,
43,8,1,38,QCF4_Hafs_38_W,QCF4_Hafs_38_W.ttf,
43,9,1,38,QCF4_Hafs_38_W,QCF4_Hafs_38_W.ttf,
43,10,1,38,QCF4_Hafs_38_W,QCF4_Hafs_38_W.ttf,
43,11,1,38,QCF4_Hafs_38_W,QCF4_Hafs_38_W.ttf,
43,12,1,38,QCF4_Hafs_38_W,QCF4_Hafs_38_W.ttf,
43,13,1,38,QCF4_Hafs_38_W,QCF4_Hafs_38_W.ttf,
43,14,1,38,QCF4_Hafs_38_W,QCF4_Hafs_38_W.ttf,
43,15,1,38,QCF4_Hafs_38_W,QCF4_Hafs_38_W.ttf,
43,16,1,38,QCF4_Hafs_38_W,QCF4_Hafs_38_W.ttf,
43,17,1,38,QCF4_Hafs_38_W,QCF4_Hafs_38_W.ttf,
43,18,1,38,QCF4_Hafs_38_W,QCF4_Hafs_38_W.ttf,
43,19,1,38,QCF4_Hafs_38_W,QCF4_Hafs_38_W.ttf,
43,20,1,38,QCF4_Hafs_38_W,QCF4_Hafs_38_W.ttf,
43,21,1,38,QCF4_Hafs_38_W,QCF4_Hafs_38_W.ttf,
43,22,1,38,QCF4_Hafs_38_W,QCF4_Hafs_38_W.ttf,
43,23,1,38,QCF4_Hafs_38_W,QCF4_Hafs_38_W.ttf,
43,24,1,38,QCF4_Hafs_38_W,QCF4_Hafs_38_W.ttf,
43,25,1,38,QCF4_Hafs_38_W,QCF4_Hafs_38_W.ttf,
43,26,1,38,QCF4_Hafs_38_W,QCF4_Hafs_38_W.ttf,
43,27,1,38,QCF4_Hafs_38_W,QCF4_Hafs_38_W.ttf,
43,28,1,38,QCF4_Hafs_38_W,QCF4_Hafs_38_W.ttf,
43,29,1,38,QCF4_Hafs_38_W,QCF4_Hafs_38_W.ttf,
43,30,1,38,QCF4_Hafs_38_W,QCF4_Hafs_38_W.ttf,
43,31,1,38,QCF4_Hafs_38_W,QCF4_Hafs_38_W.ttf,
43,32,1,38,QCF4_Hafs_38_W,QCF4_Hafs_38_W.ttf,
43,33,1,38,QCF4_Hafs_38_W,QCF4_Hafs_38_W.ttf,
43,34,1,38,QCF4_Hafs_38_W,QCF4_Hafs_38_W.ttf,
43,35,1,38,QCF4_Hafs_38_W,QCF4_Hafs_38_W.ttf,
43,36,1,38,QCF4_Hafs_38_W,QCF4_Hafs_38_W.ttf,
43,37,1,38,QCF4_Hafs_38_W,QCF4_Hafs_38_W.ttf,
43,38,1,38,QCF4_Hafs_38_W,QCF4_Hafs_38_W.ttf,
43,39,1,38,QCF4_Hafs_38_W,QCF4_Hafs_38_W.ttf,
43,40,1,38,QCF4_Hafs_38_W,QCF4_Hafs_38_W.ttf,
43,41,1,38,QCF4_Hafs_38_W,QCF4_Hafs_38_W.ttf,
43,42,1,38,QCF4_Hafs_38_W,QCF4_Hafs_38_W.ttf,
43,43,1,38,QCF4_Hafs_38_W,QCF4_Hafs_38_W.ttf,
43,44,1,38,QCF4_Hafs_38_W,QCF4_Hafs_38_W.ttf,
43,45,1,38,QCF4_Hafs_38_W,QCF4_Hafs_38_W.ttf,
43,46,1,38,QCF4_Hafs_38_W,QCF4_Hafs_38_W.ttf,
43,47,1,38,QCF4_Hafs_38_W,QCF4_Hafs_38_W.ttf,
43,48,1,38,QCF4_Hafs_38_W,QCF4_Hafs_38_W.ttf,
43,49,1,38,QCF4_Hafs_38_W,QCF4_Hafs_38_W.ttf,
43,50,1,38,QCF4_Hafs_38_W,QCF4_Hafs_38_W.ttf,
43,51,1,38,QCF4_Hafs_38_W,QCF4_Hafs_38_W.ttf,
43,52,1,38,QCF4_Hafs_38_W,QCF4_Hafs_38_W.ttf,
43,53,1,38,QCF4_Hafs_38_W,QCF4_Hafs_38_W.ttf,
43,54,1,38,QCF4_Hafs_38_W,QCF4_Hafs_38_W.ttf,
43,55,1,38,QCF4_Hafs_38_W,QCF4_Hafs_38_W.ttf,
43,56,1,38,QCF4_Hafs_38_W,QCF4_Hafs_38_W.ttf,
43,57,1,38,QCF4_Hafs_38_W,QCF4_Hafs_38_W.ttf,
43,58,1,38,QCF4_Hafs_38_W,QCF4_Hafs_38_W.ttf,
43,59,1,38,QCF4_Hafs_38_W,QCF4_Hafs_38_W.ttf,
43,60,1,38,QCF4_Hafs_38_W,QCF4_Hafs_38_W.ttf,
43,61,1,38,QCF4_Hafs_38_W,QCF4_Hafs_38_W.ttf,
43,62,1,38,QCF4_Hafs_38_W,QCF4_Hafs_38_W.ttf,
43,63,1,38,QCF4_Hafs_38_W,QCF4_Hafs_38_W.ttf,
43,64,1,38,QCF4_Hafs_38_W,QCF4_Hafs_38_W.ttf,
43,65,1,38,QCF4_Hafs_38_W,QCF4_Hafs_38_W.ttf,
43,66,1,38,QCF4_Hafs_38_W,QCF4_Hafs_38_W.ttf,
43,67,1,38,QCF4_Hafs_38_W,QCF4_Hafs_38_W.ttf,
43,68,1,38,QCF4_Hafs_38_W,QCF4_Hafs_38_W.ttf,
43,69,1,38,QCF4_Hafs_38_W,QCF4_Hafs_38_W.ttf,
43,70,1,38,QCF4_Hafs_38_W,QCF4_Hafs_38_W.ttf,
43,71,1,38,QCF4_Hafs_38_W,QCF4_Hafs_38_W.ttf,
43,72,1,38,QCF4_Hafs_38_W,QCF4_Hafs_38_W.ttf,
43,73,1,38,QCF4_Hafs_38_W,QCF4_Hafs_38_W.ttf,
43,74,1,38,QCF4_Hafs_38_W,QCF4_Hafs_38_W.ttf,
43,75,1,38,QCF4_Hafs_38_W,QCF4_Hafs_38_W.ttf,
43,76,1,38,QCF4_Hafs_38_W,QCF4_Hafs_38_W.ttf,
43,77,1,38,QCF4_Hafs_38_W,QCF4_Hafs_38_W.ttf,
43,78,1,38,QCF4_Hafs_38_W,QCF4_Hafs_38_W.ttf,
43,79,1,38,QCF4_Hafs_38_W,QCF4_Hafs_38_W.ttf,
43,80,1,38,QCF4_Hafs_38_W,QCF4_Hafs_38_W.ttf,
43,81,1,38,QCF4_Hafs_38_W,QCF4_Hafs_38_W.ttf,
43,82,1,38,QCF4_Hafs_38_W,QCF4_Hafs_38_W.ttf,
43,83,1,38,QCF4_Hafs_38_W,QCF4_Hafs_38_W.ttf,
43,84,1,38,QCF4_Hafs_38_W,QCF4_Hafs_38_W.ttf,
43,85,1,38,QCF4_Hafs_38_W,QCF4_Hafs_38_W.ttf,
43,86,1,38,QCF4_Hafs_38_W,QCF4_Hafs_38_W.ttf,
43,87,1,38,QCF4_Hafs_38_W,QCF4_Hafs_38_W.ttf,
43,88,1,38,QCF4_Hafs_38_W,QCF4_Hafs_38_W.ttf,
43,89,1,38,QCF4_Hafs_38_W,QCF4_Hafs_38_W.ttf,
44,1,1,38,QCF4_Hafs_38_W,QCF4_Hafs_38_W.ttf,
44,2,1,38,QCF4_Hafs_38_W,QCF4_Hafs_38_W.ttf,
44,3,1,38,QCF4_Hafs_38_W,QCF4_Hafs_38_W.ttf,
44,4,1,38,QCF4_Hafs_38_W,QCF4_Hafs_38_W.ttf,
44,5,1,38,QCF4_Hafs_38_W,QCF4_Hafs_38_W.ttf,
44,6,1,38,QCF4_Hafs_38_W,QCF4_Hafs_38_W.ttf,
44,7,1,38,QCF4_Hafs_38_W,QCF4_Hafs_38_W.ttf,
44,8,1,38,QCF4_Hafs_38_W,QCF4_Hafs_38_W.ttf,
44,9,1,38,QCF4_Hafs_38_W,QCF4_Hafs_38_W.ttf,
44,10,1,38,QCF4_Hafs_38_W,QCF4_Hafs_38_W.ttf,
44,11,1,38,QCF4_Hafs_38_W,QCF4_Hafs_38_W.ttf,
44,12,1,38,QCF4_Hafs_38_W,QCF4_Hafs_38_W.ttf,
44,13,1,38,QCF4_Hafs_38_W,QCF4_Hafs_38_W.ttf,
44,14,1,38,QCF4_Hafs_38_W,QCF4_Hafs_38_W.ttf,
44,15,1,38,QCF4_Hafs_38_W,QCF4_Hafs_38_W.ttf,
44,16,1,38,QCF4_Hafs_38_W,QCF4_Hafs_38_W.ttf,
44,17,1,38,QCF4_Hafs_38_W,QCF4_Hafs_38_W.ttf,
44,18,1,38,QCF4_Hafs_38_W,QCF4_Hafs_38_W.ttf,
44,19,1,39,QCF4_Hafs_39_W,QCF4_Hafs_39_W.ttf,
44,20,1,39,QCF4_Hafs_39_W,QCF4_Hafs_39_W.ttf,
44,21,1,39,QCF4_Hafs_39_W,QCF4_Hafs_39_W.ttf,
44,22,1,39,QCF4_Hafs_39_W,QCF4_Hafs_39_W.ttf,
44,23,1,39,QCF4_Hafs_39_W,QCF4_Hafs_39_W.ttf,
44,24,1,39,QCF4_Hafs_39_W,QCF4_Hafs_39_W.ttf,
44,25,1,39,QCF4_Hafs_39_W,QCF4_Hafs_39_W.ttf,
44,26,1,39,QCF4_Hafs_39_W,QCF4_Hafs_39_W.ttf,
44,27,1,39,QCF4_Hafs_39_W,QCF4_Hafs_39_W.ttf,
44,28,1,39,QCF4_Hafs_39_W,QCF4_Hafs_39_W.ttf,
44,29,1,39,QCF4_Hafs_39_W,QCF4_Hafs_39_W.ttf,
44,30,1,39,QCF4_Hafs_39_W,QCF4_Hafs_39_W.ttf,
44,31,1,39,QCF4_Hafs_39_W,QCF4_Hafs_39_W.ttf,
44,32,1,39,QCF4_Hafs_39_W,QCF4_Hafs_39_W.ttf,
44,33,1,39,QCF4_Hafs_39_W,QCF4_Hafs_39_W.ttf,
44,34,1,39,QCF4_Hafs_39_W,QCF4_Hafs_39_W.ttf,
44,35,1,39,QCF4_Hafs_39_W,QCF4_Hafs_39_W.ttf,
44,36,1,39,QCF4_Hafs_39_W,QCF4_Hafs_39_W.ttf,
44,37,1,39,QCF4_Hafs_39_W,QCF4_Hafs_39_W.ttf,
44,38,1,39,QCF4_Hafs_39_W,QCF4_Hafs_39_W.ttf,
44,39,1,39,QCF4_Hafs_39_W,QCF4_Hafs_39_W.ttf,
44,40,1,39,QCF4_Hafs_39_W,QCF4_Hafs_39_W.ttf,
44,41,1,39,QCF4_Hafs_39_W,QCF4_Hafs_39_W.ttf,
44,42,1,39,QCF4_Hafs_39_W,QCF4_Hafs_39_W.ttf,
44,43,1,39,QCF4_Hafs_39_W,QCF4_Hafs_39_W.ttf,
44,44,1,39,QCF4_Hafs_39_W,QCF4_Hafs_39_W.ttf,
44,45,1,39,QCF4_Hafs_39_W,QCF4_Hafs_39_W.ttf,
44,46,1,39,QCF4_Hafs_39_W,QCF4_Hafs_39_W.ttf,
44,47,1,39,QCF4_Hafs_39_W,QCF4_Hafs_39_W.ttf,
44,48,1,39,QCF4_Hafs_39_W,QCF4_Hafs_39_W.ttf,
44,49,1,39,QCF4_Hafs_39_W,QCF4_Hafs_39_W.ttf,
44,50,1,39,QCF4_Hafs_39_W,QCF4_Hafs_39_W.ttf,
44,51,1,39,QCF4_Hafs_39_W,QCF4_Hafs_39_W.ttf,
44,52,1,39,QCF4_Hafs_39_W,QCF4_Hafs_39_W.ttf,
44,53,1,39,QCF4_Hafs_39_W,QCF4_Hafs_39_W.ttf,
44,54,1,39,QCF4_Hafs_39_W,QCF4_Hafs_39_W.ttf,
44,55,1,39,QCF4_Hafs_39_W,QCF4_Hafs_39_W.ttf,
44,56,1,39,QCF4_Hafs_39_W,QCF4_Hafs_39_W.ttf,
44,57,1,39,QCF4_Hafs_39_W,QCF4_Hafs_39_W.ttf,
44,58,1,39,QCF4_Hafs_39_W,QCF4_Hafs_39_W.ttf,
44,59,1,39,QCF4_Hafs_39_W,QCF4_Hafs_39_W.ttf,
45,1,1,39,QCF4_Hafs_39_W,QCF4_Hafs_39_W.ttf,
45,2,1,39,QCF4_Hafs_39_W,QCF4_Hafs_39_W.ttf,
45,3,1,39,QCF4_Hafs_39_W,QCF4_Hafs_39_W.ttf,
45,4,1,39,QCF4_Hafs_39_W,QCF4_Hafs_39_W.ttf,
45,5,1,39,QCF4_Hafs_39_W,QCF4_Hafs_39_W.ttf,
45,6,1,39,QCF4_Hafs_39_W,QCF4_Hafs_39_W.ttf,
45,7,1,39,QCF4_Hafs_39_W,QCF4_Hafs_39_W.ttf,
45,8,1,39,QCF4_Hafs_39_W,QCF4_Hafs_39_W.ttf,
45,9,1,39,QCF4_Hafs_39_W,QCF4_Hafs_39_W.ttf,
45,10,1,39,QCF4_Hafs_39_W,QCF4_Hafs_39_W.ttf,
45,11,1,39,QCF4_Hafs_39_W,QCF4_Hafs_39_W.ttf,
45,12,1,39,QCF4_Hafs_39_W,QCF4_Hafs_39_W.ttf,
45,13,1,39,QCF4_Hafs_39_W,QCF4_Hafs_39_W.ttf,
45,14,1,39,QCF4_Hafs_39_W,QCF4_Hafs_39_W.ttf,
45,15,1,39,QCF4_Hafs_39_W,QCF4_Hafs_39_W.ttf,
45,16,1,39,QCF4_Hafs_39_W,QCF4_Hafs_39_W.ttf,
45,17,1,39,QCF4_Hafs_39_W,QCF4_Hafs_39_W.ttf,
45,18,1,39,QCF4_Hafs_39_W,QCF4_Hafs_39_W.ttf,
45,19,1,39,QCF4_Hafs_39_W,QCF4_Hafs_39_W.ttf,
45,20,1,39,QCF4_Hafs_39_W,QCF4_Hafs_39_W.ttf,
45,21,1,39,QCF4_Hafs_39_W,QCF4_Hafs_39_W.ttf,
45,22,1,39,QCF4_Hafs_39_W,QCF4_Hafs_39_W.ttf,
45,23,1,39,QCF4_Hafs_39_W,QCF4_Hafs_39_W.ttf,
45,24,1,39,QCF4_Hafs_39_W,QCF4_Hafs_39_W.ttf,
45,25,1,39,QCF4_Hafs_39_W,QCF4_Hafs_39_W.ttf,
45,26,1,39,QCF4_Hafs_39_W,QCF4_Hafs_39_W.ttf,
45,27,1,39,QCF4_Hafs_39_W,QCF4_Hafs_39_W.ttf,
45,28,1,39,QCF4_Hafs_39_W,QCF4_Hafs_39_W.ttf,
45,29,1,39,QCF4_Hafs_39_W,QCF4_Hafs_39_W.ttf,
45,30,1,39,QCF4_Hafs_39_W,QCF4_Hafs_39_W.ttf,
45,31,1,39,QCF4_Hafs_39_W,QCF4_Hafs_39_W.ttf,
45,32,1,39,QCF4_Hafs_39_W,QCF4_Hafs_39_W.ttf,
45,33,1,39,QCF4_Hafs_39_W,QCF4_Hafs_39_W.ttf,
45,34,1,39,QCF4_Hafs_39_W,QCF4_Hafs_39_W.ttf,
45,35,1,39,QCF4_Hafs_39_W,QCF4_Hafs_39_W.ttf,
45,36,1,39,QCF4_Hafs_39_W,QCF4_Hafs_39_W.ttf,
45,37,1,39,QCF4_Hafs_39_W,QCF4_Hafs_39_W.ttf,
46,1,1,39,QCF4_Hafs_39_W,QCF4_Hafs_39_W.ttf,
46,2,1,39,QCF4_Hafs_39_W,QCF4_Hafs_39_W.ttf,
46,3,1,39,QCF4_Hafs_39_W,QCF4_Hafs_39_W.ttf,
46,4,1,39,QCF4_Hafs_39_W,QCF4_Hafs_39_W.ttf,
46,5,1,39,QCF4_Hafs_39_W,QCF4_Hafs_39_W.ttf,
46,6,1,39,QCF4_Hafs_39_W,QCF4_Hafs_39_W.ttf,
46,7,1,39,QCF4_Hafs_39_W,QCF4_Hafs_39_W.ttf,
46,8,1,39,QCF4_Hafs_39_W,QCF4_Hafs_39_W.ttf,
46,9,1,39,QCF4_Hafs_39_W,QCF4_Hafs_39_W.ttf,
46,10,1,39,QCF4_Hafs_39_W,QCF4_Hafs_39_W.ttf,
46,11,1,39,QCF4_Hafs_39_W,QCF4_Hafs_39_W.ttf,
46,12,1,39,QCF4_Hafs_39_W,QCF4_Hafs_39_W.ttf,
46,13,1,39,QCF4_Hafs_39_W,QCF4_Hafs_39_W.ttf,
46,14,1,39,QCF4_Hafs_39_W,QCF4_Hafs_39_W.ttf,
46,15,1,39,QCF4_Hafs_39_W,QCF4_Hafs_39_W.ttf,
46,16,1,39,QCF4_Hafs_39_W,QCF4_Hafs_39_W.ttf,
46,17,1,39,QCF4_Hafs_39_W,QCF4_Hafs_39_W.ttf,
46,18,1,39,QCF4_Hafs_39_W,QCF4_Hafs_39_W.ttf,
46,19,1,39,QCF4_Hafs_39_W,QCF4_Hafs_39_W.ttf,
46,20,1,39,QCF4_Hafs_39_W,QCF4_Hafs_39_W.ttf,
46,21,1,39,QCF4_Hafs_39_W,QCF4_Hafs_39_W.ttf,
46,22,1,39,QCF4_Hafs_39_W,QCF4_Hafs_39_W.ttf,
46,23,1,39,QCF4_Hafs_39_W,QCF4_Hafs_39_W.ttf,
46,24,1,39,QCF4_Hafs_39_W,QCF4_Hafs_39_W.ttf,
46,25,1,39,QCF4_Hafs_39_W,QCF4_Hafs_39_W.ttf,
46,26,1,39,QCF4_Hafs_39_W,QCF4_Hafs_39_W.ttf,
46,27,1,39,QCF4_Hafs_39_W,QCF4_Hafs_39_W.ttf,
46,28,1,39,QCF4_Hafs_39_W,QCF4_Hafs_39_W.ttf,
46,29,1,39,QCF4_Hafs_39_W,QCF4_Hafs_39_W.ttf,
46,30,1,39,QCF4_Hafs_39_W,QCF4_Hafs_39_W.ttf,
46,31,1,39,QCF4_Hafs_39_W,QCF4_Hafs_39_W.ttf,
46,32,1,39,QCF4_Hafs_39_W,QCF4_Hafs_39_W.ttf,
46,33,1,39,QCF4_Hafs_39_W,QCF4_Hafs_39_W.ttf,
46,34,1,39,QCF4_Hafs_39_W,QCF4_Hafs_39_W.ttf,
46,35,1,39,QCF4_Hafs_39_W,QCF4_Hafs_39_W.ttf,
47,1,1,39,QCF4_Hafs_39_W,QCF4_Hafs_39_W.ttf,
47,2,1,39,QCF4_Hafs_39_W,QCF4_Hafs_39_W.ttf,
47,3,1,39,QCF4_Hafs_39_W,QCF4_Hafs_39_W.ttf,
47,4,1,39,QCF4_Hafs_39_W,QCF4_Hafs_39_W.ttf,
47,5,1,39,QCF4_Hafs_39_W,QCF4_Hafs_39_W.ttf,
47,6,1,39,QCF4_Hafs_39_W,QCF4_Hafs_39_W.ttf,
47,7,1,39,QCF4_Hafs_39_W,QCF4_Hafs_39_W.ttf,
47,8,1,39,QCF4_Hafs_39_W,QCF4_Hafs_39_W.ttf,
47,9,1,39,QCF4_Hafs_39_W,QCF4_Hafs_39_W.ttf,
47,10,1,39,QCF4_Hafs_39_W,QCF4_Hafs_39_W.ttf,
47,11,1,39,QCF4_Hafs_39_W,QCF4_Hafs_39_W.ttf,
47,12,1,39,QCF4_Hafs_39_W,QCF4_Hafs_39_W.ttf,
47,13,1,39,QCF4_Hafs_39_W,QCF4_Hafs_39_W.ttf,
47,14,1,39,QCF4_Hafs_39_W,QCF4_Hafs_39_W.ttf,
47,15,1,39,QCF4_Hafs_39_W,QCF4_Hafs_39_W.ttf,
47,16,1,39,QCF4_Hafs_39_W,QCF4_Hafs_39_W.ttf,
47,17,1,39,QCF4_Hafs_39_W,QCF4_Hafs_39_W.ttf,
47,18,1,39,QCF4_Hafs_39_W,QCF4_Hafs_39_W.ttf,
47,19,1,39,QCF4_Hafs_39_W,QCF4_Hafs_39_W.ttf,
47,20,1,40,QCF4_Hafs_40_W,QCF4_Hafs_40_W.ttf,
47,21,1,40,QCF4_Hafs_40_W,QCF4_Hafs_40_W.ttf,
47,22,1,40,QCF4_Hafs_40_W,QCF4_Hafs_40_W.ttf,
47,23,1,40,QCF4_Hafs_40_W,QCF4_Hafs_40_W.ttf,
47,24,1,40,QCF4_Hafs_40_W,QCF4_Hafs_40_W.ttf,
47,25,1,40,QCF4_Hafs_40_W,QCF4_Hafs_40_W.ttf,
47,26,1,40,QCF4_Hafs_40_W,QCF4_Hafs_40_W.ttf,
47,27,1,40,QCF4_Hafs_40_W,QCF4_Hafs_40_W.ttf,
47,28,1,40,QCF4_Hafs_40_W,QCF4_Hafs_40_W.ttf,
47,29,1,40,QCF4_Hafs_40_W,QCF4_Hafs_40_W.ttf,
47,30,1,40,QCF4_Hafs_40_W,QCF4_Hafs_40_W.ttf,
47,31,1,40,QCF4_Hafs_40_W,QCF4_Hafs_40_W.ttf,
47,32,1,40,QCF4_Hafs_40_W,QCF4_Hafs_40_W.ttf,
47,33,1,40,QCF4_Hafs_40_W,QCF4_Hafs_40_W.ttf,
47,34,1,40,QCF4_Hafs_40_W,QCF4_Hafs_40_W.ttf,
47,35,1,40,QCF4_Hafs_40_W,QCF4_Hafs_40_W.ttf,
47,36,1,40,QCF4_Hafs_40_W,QCF4_Hafs_40_W.ttf,
47,37,1,40,QCF4_Hafs_40_W,QCF4_Hafs_40_W.ttf,
47,38,1,40,QCF4_Hafs_40_W,QCF4_Hafs_40_W.ttf,
48,1,1,40,QCF4_Hafs_40_W,QCF4_Hafs_40_W.ttf,
48,2,1,40,QCF4_Hafs_40_W,QCF4_Hafs_40_W.ttf,
48,3,1,40,QCF4_Hafs_40_W,QCF4_Hafs_40_W.ttf,
48,4,1,40,QCF4_Hafs_40_W,QCF4_Hafs_40_W.ttf,
48,5,1,40,QCF4_Hafs_40_W,QCF4_Hafs_40_W.ttf,
48,6,1,40,QCF4_Hafs_40_W,QCF4_Hafs_40_W.ttf,
48,7,1,40,QCF4_Hafs_40_W,QCF4_Hafs_40_W.ttf,
48,8,1,40,QCF4_Hafs_40_W,QCF4_Hafs_40_W.ttf,
48,9,1,40,QCF4_Hafs_40_W,QCF4_Hafs_40_W.ttf,
48,10,1,40,QCF4_Hafs_40_W,QCF4_Hafs_40_W.ttf,
48,11,1,40,QCF4_Hafs_40_W,QCF4_Hafs_40_W.ttf,
48,12,1,40,QCF4_Hafs_40_W,QCF4_Hafs_40_W.ttf,
48,13,1,40,QCF4_Hafs_40_W,QCF4_Hafs_40_W.ttf,
48,14,1,40,QCF4_Hafs_40_W,QCF4_Hafs_40_W.ttf,
48,15,1,40,QCF4_Hafs_40_W,QCF4_Hafs_40_W.ttf,
48,16,1,40,QCF4_Hafs_40_W,QCF4_Hafs_40_W.ttf,
48,17,1,40,QCF4_Hafs_40_W,QCF4_Hafs_40_W.ttf,
48,18,1,40,QCF4_Hafs_40_W,QCF4_Hafs_40_W.ttf,
48,19,1,40,QCF4_Hafs_40_W,QCF4_Hafs_40_W.ttf,
48,20,1,40,QCF4_Hafs_40_W,QCF4_Hafs_40_W.ttf,
48,21,1,40,QCF4_Hafs_40_W,QCF4_Hafs_40_W.ttf,
48,22,1,40,QCF4_Hafs_40_W,QCF4_Hafs_40_W.ttf,
48,23,1,40,QCF4_Hafs_40_W,QCF4_Hafs_40_W.ttf,
48,24,1,40,QCF4_Hafs_40_W,QCF4_Hafs_40_W.ttf,
48,25,1,40,QCF4_Hafs_40_W,QCF4_Hafs_40_W.ttf,
48,26,1,40,QCF4_Hafs_40_W,QCF4_Hafs_40_W.ttf,
48,27,1,40,QCF4_Hafs_40_W,QCF4_Hafs_40_W.ttf,
48,28,1,40,QCF4_Hafs_40_W,QCF4_Hafs_40_W.ttf,
48,29,1,40,QCF4_Hafs_40_W,QCF4_Hafs_40_W.ttf,
49,1,1,40,QCF4_Hafs_40_W,QCF4_Hafs_40_W.ttf,
49,2,1,40,QCF4_Hafs_40_W,QCF4_Hafs_40_W.ttf,
49,3,1,40,QCF4_Hafs_40_W,QCF4_Hafs_40_W.ttf,
49,4,1,40,QCF4_Hafs_40_W,QCF4_Hafs_40_W.ttf,
49,5,1,40,QCF4_Hafs_40_W,QCF4_Hafs_40_W.ttf,
49,6,1,40,QCF4_Hafs_40_W,QCF4_Hafs_40_W.ttf,
49,7,1,40,QCF4_Hafs_40_W,QCF4_Hafs_40_W.ttf,
49,8,1,40,QCF4_Hafs_40_W,QCF4_Hafs_40_W.ttf,
49,9,1,40,QCF4_Hafs_40_W,QCF4_Hafs_40_W.ttf,
49,10,1,40,QCF4_Hafs_40_W,QCF4_Hafs_40_W.ttf,
49,11,1,40,QCF4_Hafs_40_W,QCF4_Hafs_40_W.ttf,
49,12,1,40,QCF4_Hafs_40_W,QCF4_Hafs_40_W.ttf,
49,13,1,40,QCF4_Hafs_40_W,QCF4_Hafs_40_W.ttf,
49,14,1,40,QCF4_Hafs_40_W,QCF4_Hafs_40_W.ttf,
49,15,1,40,QCF4_Hafs_40_W,QCF4_Hafs_40_W.ttf,
49,16,1,40,QCF4_Hafs_40_W,QCF4_Hafs_40_W.ttf,
49,17,1,40,QCF4_Hafs_40_W,QCF4_Hafs_40_W.ttf,
49,18,1,40,QCF4_Hafs_40_W,QCF4_Hafs_40_W.ttf,
50,1,1,40,QCF4_Hafs_40_W,QCF4_Hafs_40_W.ttf,
50,2,1,40,QCF4_Hafs_40_W,QCF4_Hafs_40_W.ttf,
50,3,1,40,QCF4_Hafs_40_W,QCF4_Hafs_40_W.ttf,
50,4,1,40,QCF4_Hafs_40_W,QCF4_Hafs_40_W.ttf,
50,5,1,40,QCF4_Hafs_40_W,QCF4_Hafs_40_W.ttf,
50,6,1,40,QCF4_Hafs_40_W,QCF4_Hafs_40_W.ttf,
50,7,1,40,QCF4_Hafs_40_W,QCF4_Hafs_40_W.ttf,
50,8,1,40,QCF4_Hafs_40_W,QCF4_Hafs_40_W.ttf,
50,9,1,40,QCF4_Hafs_40_W,QCF4_Hafs_40_W.ttf,
50,10,1,40,QCF4_Hafs_40_W,QCF4_Hafs_40_W.ttf,
50,11,1,40,QCF4_Hafs_40_W,QCF4_Hafs_40_W.ttf,
50,12,1,40,QCF4_Hafs_40_W,QCF4_Hafs_40_W.ttf,
50,13,1,40,QCF4_Hafs_40_W,QCF4_Hafs_40_W.ttf,
50,14,1,40,QCF4_Hafs_40_W,QCF4_Hafs_40_W.ttf,
50,15,1,40,QCF4_Hafs_40_W,QCF4_Hafs_40_W.ttf,
50,16,1,40,QCF4_Hafs_40_W,QCF4_Hafs_40_W.ttf,
50,17,1,40,QCF4_Hafs_40_W,QCF4_Hafs_40_W.ttf,
50,18,1,40,QCF4_Hafs_40_W,QCF4_Hafs_40_W.ttf,
50,19,1,40,QCF4_Hafs_40_W,QCF4_Hafs_40_W.ttf,
50,20,1,40,QCF4_Hafs_40_W,QCF4_Hafs_40_W.ttf,
50,21,1,40,QCF4_Hafs_40_W,QCF4_Hafs_40_W.ttf,
50,22,1,40,QCF4_Hafs_40_W,QCF4_Hafs_40_W.ttf,
50,23,1,40,QCF4_Hafs_40_W,QCF4_Hafs_40_W.ttf,
50,24,1,40,QCF4_Hafs_40_W,QCF4_Hafs_40_W.ttf,
50,25,1,40,QCF4_Hafs_40_W,QCF4_Hafs_40_W.ttf,
50,26,1,40,QCF4_Hafs_40_W,QCF4_Hafs_40_W.ttf,
50,27,1,40,QCF4_Hafs_40_W,QCF4_Hafs_40_W.ttf,
50,28,1,40,QCF4_Hafs_40_W,QCF4_Hafs_40_W.ttf,
50,29,1,40,QCF4_Hafs_40_W,QCF4_Hafs_40_W.ttf,
50,30,1,40,QCF4_Hafs_40_W,QCF4_Hafs_40_W.ttf,
50,31,1,40,QCF4_Hafs_40_W,QCF4_Hafs_40_W.ttf,
50,32,1,40,QCF4_Hafs_40_W,QCF4_Hafs_40_W.ttf,
50,33,1,40,QCF4_Hafs_40_W,QCF4_Hafs_40_W.ttf,
50,34,1,40,QCF4_Hafs_40_W,QCF4_Hafs_40_W.ttf,
50,35,1,40,QCF4_Hafs_40_W,QCF4_Hafs_40_W.ttf,
50,36,1,40,QCF4_Hafs_40_W,QCF4_Hafs_40_W.ttf,
50,37,1,40,QCF4_Hafs_40_W,QCF4_Hafs_40_W.ttf,
50,38,1,40,QCF4_Hafs_40_W,QCF4_Hafs_40_W.ttf,
50,39,1,40,QCF4_Hafs_40_W,QCF4_Hafs_40_W.ttf,
50,40,1,40,QCF4_Hafs_40_W,QCF4_Hafs_40_W.ttf,
50,41,1,40,QCF4_Hafs_40_W,QCF4_Hafs_40_W.ttf,
50,42,1,40,QCF4_Hafs_40_W,QCF4_Hafs_40_W.ttf,
50,43,1,40,QCF4_Hafs_40_W,QCF4_Hafs_40_W.ttf,
50,44,1,40,QCF4_Hafs_40_W,QCF4_Hafs_40_W.ttf,
50,45,1,40,QCF4_Hafs_40_W,QCF4_Hafs_40_W.ttf,
51,1,1,40,QCF4_Hafs_40_W,QCF4_Hafs_40_W.ttf,
51,2,1,40,QCF4_Hafs_40_W,QCF4_Hafs_40_W.ttf,
51,3,1,40,QCF4_Hafs_40_W,QCF4_Hafs_40_W.ttf,
51,4,1,40,QCF4_Hafs_40_W,QCF4_Hafs_40_W.ttf,
51,5,1,40,QCF4_Hafs_40_W,QCF4_Hafs_40_W.ttf,
51,6,1,40,QCF4_Hafs_40_W,QCF4_Hafs_40_W.ttf,
51,7,1,40,QCF4_Hafs_40_W,QCF4_Hafs_40_W.ttf,
51,8,1,40,QCF4_Hafs_40_W,QCF4_Hafs_40_W.ttf,
51,9,1,40,QCF4_Hafs_40_W,QCF4_Hafs_40_W.ttf,
51,10,1,40,QCF4_Hafs_40_W,QCF4_Hafs_40_W.ttf,
51,11,1,40,QCF4_Hafs_40_W,QCF4_Hafs_40_W.ttf,
51,12,1,40,QCF4_Hafs_40_W,QCF4_Hafs_40_W.ttf,
51,13,1,40,QCF4_Hafs_40_W,QCF4_Hafs_40_W.ttf,
51,14,1,40,QCF4_Hafs_40_W,QCF4_Hafs_40_W.ttf,
51,15,1,40,QCF4_Hafs_40_W,QCF4_Hafs_40_W.ttf,
51,16,1,40,QCF4_Hafs_40_W,QCF4_Hafs_40_W.ttf,
51,17,1,40,QCF4_Hafs_40_W,QCF4_Hafs_40_W.ttf,
51,18,1,40,QCF4_Hafs_40_W,QCF4_Hafs_40_W.ttf,
51,19,1,40,QCF4_Hafs_40_W,QCF4_Hafs_40_W.ttf,
51,20,1,40,QCF4_Hafs_40_W,QCF4_Hafs_40_W.ttf,
51,21,1,40,QCF4_Hafs_40_W,QCF4_Hafs_40_W.ttf,
51,22,1,40,QCF4_Hafs_40_W,QCF4_Hafs_40_W.ttf,
51,23,1,40,QCF4_Hafs_40_W,QCF4_Hafs_40_W.ttf,
51,24,1,40,QCF4_Hafs_40_W,QCF4_Hafs_40_W.ttf,
51,25,1,40,QCF4_Hafs_40_W,QCF4_Hafs_40_W.ttf,
51,26,1,40,QCF4_Hafs_40_W,QCF4_Hafs_40_W.ttf,
51,27,1,40,QCF4_Hafs_40_W,QCF4_Hafs_40_W.ttf,
51,28,1,40,QCF4_Hafs_40_W,QCF4_Hafs_40_W.ttf,
51,29,1,40,QCF4_Hafs_40_W,QCF4_Hafs_40_W.ttf,
51,30,1,40,QCF4_Hafs_40_W,QCF4_Hafs_40_W.ttf,
51,31,1,41,QCF4_Hafs_41_W,QCF4_Hafs_41_W.ttf,
51,32,1,41,QCF4_Hafs_41_W,QCF4_Hafs_41_W.ttf,
51,33,1,41,QCF4_Hafs_41_W,QCF4_Hafs_41_W.ttf,
51,34,1,41,QCF4_Hafs_41_W,QCF4_Hafs_41_W.ttf,
51,35,1,41,QCF4_Hafs_41_W,QCF4_Hafs_41_W.ttf,
51,36,1,41,QCF4_Hafs_41_W,QCF4_Hafs_41_W.ttf,
51,37,1,41,QCF4_Hafs_41_W,QCF4_Hafs_41_W.ttf,
51,38,1,41,QCF4_Hafs_41_W,QCF4_Hafs_41_W.ttf,
51,39,1,41,QCF4_Hafs_41_W,QCF4_Hafs_41_W.ttf,
51,40,1,41,QCF4_Hafs_41_W,QCF4_Hafs_41_W.ttf,
51,41,1,41,QCF4_Hafs_41_W,QCF4_Hafs_41_W.ttf,
51,42,1,41,QCF4_Hafs_41_W,QCF4_Hafs_41_W.ttf,
51,43,1,41,QCF4_Hafs_41_W,QCF4_Hafs_41_W.ttf,
51,44,1,41,QCF4_Hafs_41_W,QCF4_Hafs_41_W.ttf,
51,45,1,41,QCF4_Hafs_41_W,QCF4_Hafs_41_W.ttf,
51,46,1,41,QCF4_Hafs_41_W,QCF4_Hafs_41_W.ttf,
51,47,1,41,QCF4_Hafs_41_W,QCF4_Hafs_41_W.ttf,
51,48,1,41,QCF4_Hafs_41_W,QCF4_Hafs_41_W.ttf,
51,49,1,41,QCF4_Hafs_41_W,QCF4_Hafs_41_W.ttf,
51,50,1,41,QCF4_Hafs_41_W,QCF4_Hafs_41_W.ttf,
51,51,1,41,QCF4_Hafs_41_W,QCF4_Hafs_41_W.ttf,
51,52,1,41,QCF4_Hafs_41_W,QCF4_Hafs_41_W.ttf,
51,53,1,41,QCF4_Hafs_41_W,QCF4_Hafs_41_W.ttf,
51,54,1,41,QCF4_Hafs_41_W,QCF4_Hafs_41_W.ttf,
51,55,1,41,QCF4_Hafs_41_W,QCF4_Hafs_41_W.ttf,
51,56,1,41,QCF4_Hafs_41_W,QCF4_Hafs_41_W.ttf,
51,57,1,41,QCF4_Hafs_41_W,QCF4_Hafs_41_W.ttf,
51,58,1,41,QCF4_Hafs_41_W,QCF4_Hafs_41_W.ttf,
51,59,1,41,QCF4_Hafs_41_W,QCF4_Hafs_41_W.ttf,
51,60,1,41,QCF4_Hafs_41_W,QCF4_Hafs_41_W.ttf,
52,1,1,41,QCF4_Hafs_41_W,QCF4_Hafs_41_W.ttf,
52,2,1,41,QCF4_Hafs_41_W,QCF4_Hafs_41_W.ttf,
52,3,1,41,QCF4_Hafs_41_W,QCF4_Hafs_41_W.ttf,
52,4,1,41,QCF4_Hafs_41_W,QCF4_Hafs_41_W.ttf,
52,5,1,41,QCF4_Hafs_41_W,QCF4_Hafs_41_W.ttf,
52,6,1,41,QCF4_Hafs_41_W,QCF4_Hafs_41_W.ttf,
52,7,1,41,QCF4_Hafs_41_W,QCF4_Hafs_41_W.ttf,
52,8,1,41,QCF4_Hafs_41_W,QCF4_Hafs_41_W.ttf,
52,9,1,41,QCF4_Hafs_41_W,QCF4_Hafs_41_W.ttf,
52,10,1,41,QCF4_Hafs_41_W,QCF4_Hafs_41_W.ttf,
52,11,1,41,QCF4_Hafs_41_W,QCF4_Hafs_41_W.ttf,
52,12,1,41,QCF4_Hafs_41_W,QCF4_Hafs_41_W.ttf,
52,13,1,41,QCF4_Hafs_41_W,QCF4_Hafs_41_W.ttf,
52,14,1,41,QCF4_Hafs_41_W,QCF4_Hafs_41_W.ttf,
52,15,1,41,QCF4_Hafs_41_W,QCF4_Hafs_41_W.ttf,
52,16,1,41,QCF4_Hafs_41_W,QCF4_Hafs_41_W.ttf,
52,17,1,41,QCF4_Hafs_41_W,QCF4_Hafs_41_W.ttf,
52,18,1,41,QCF4_Hafs_41_W,QCF4_Hafs_41_W.ttf,
52,19,1,41,QCF4_Hafs_41_W,QCF4_Hafs_41_W.ttf,
52,20,1,41,QCF4_Hafs_41_W,QCF4_Hafs_41_W.ttf,
52,21,1,41,QCF4_Hafs_41_W,QCF4_Hafs_41_W.ttf,
52,22,1,41,QCF4_Hafs_41_W,QCF4_Hafs_41_W.ttf,
52,23,1,41,QCF4_Hafs_41_W,QCF4_Hafs_41_W.ttf,
52,24,1,41,QCF4_Hafs_41_W,QCF4_Hafs_41_W.ttf,
52,25,1,41,QCF4_Hafs_41_W,QCF4_Hafs_41_W.ttf,
52,26,1,41,QCF4_Hafs_41_W,QCF4_Hafs_41_W.ttf,
52,27,1,41,QCF4_Hafs_41_W,QCF4_Hafs_41_W.ttf,
52,28,1,41,QCF4_Hafs_41_W,QCF4_Hafs_41_W.ttf,
52,29,1,41,QCF4_Hafs_41_W,QCF4_Hafs_41_W.ttf,
52,30,1,41,QCF4_Hafs_41_W,QCF4_Hafs_41_W.ttf,
52,31,1,41,QCF4_Hafs_41_W,QCF4_Hafs_41_W.ttf,
52,32,1,41,QCF4_Hafs_41_W,QCF4_Hafs_41_W.ttf,
52,33,1,41,QCF4_Hafs_41_W,QCF4_Hafs_41_W.ttf,
52,34,1,41,QCF4_Hafs_41_W,QCF4_Hafs_41_W.ttf,
52,35,1,41,QCF4_Hafs_41_W,QCF4_Hafs_41_W.ttf,
52,36,1,41,QCF4_Hafs_41_W,QCF4_Hafs_41_W.ttf,
52,37,1,41,QCF4_Hafs_41_W,QCF4_Hafs_41_W.ttf,
52,38,1,41,QCF4_Hafs_41_W,QCF4_Hafs_41_W.ttf,
52,39,1,41,QCF4_Hafs_41_W,QCF4_Hafs_41_W.ttf,
52,40,1,41,QCF4_Hafs_41_W,QCF4_Hafs_41_W.ttf,
52,41,1,41,QCF4_Hafs_41_W,QCF4_Hafs_41_W.ttf,
52,42,1,41,QCF4_Hafs_41_W,QCF4_Hafs_41_W.ttf,
52,43,1,41,QCF4_Hafs_41_W,QCF4_Hafs_41_W.ttf,
52,44,1,41,QCF4_Hafs_41_W,QCF4_Hafs_41_W.ttf,
52,45,1,41,QCF4_Hafs_41_W,QCF4_Hafs_41_W.ttf,
52,46,1,41,QCF4_Hafs_41_W,QCF4_Hafs_41_W.ttf,
52,47,1,41,QCF4_Hafs_41_W,QCF4_Hafs_41_W.ttf,
52,48,1,41,QCF4_Hafs_41_W,QCF4_Hafs_41_W.ttf,
52,49,1,41,QCF4_Hafs_41_W,QCF4_Hafs_41_W.ttf,
53,1,1,41,QCF4_Hafs_41_W,QCF4_Hafs_41_W.ttf,
53,2,1,41,QCF4_Hafs_41_W,QCF4_Hafs_41_W.ttf,
53,3,1,41,QCF4_Hafs_41_W,QCF4_Hafs_41_W.ttf,
53,4,1,41,QCF4_Hafs_41_W,QCF4_Hafs_41_W.ttf,
53,5,1,41,QCF4_Hafs_41_W,QCF4_Hafs_41_W.ttf,
53,6,1,41,QCF4_Hafs_41_W,QCF4_Hafs_41_W.ttf,
53,7,1,41,QCF4_Hafs_41_W,QCF4_Hafs_41_W.ttf,
53,8,1,41,QCF4_Hafs_41_W,QCF4_Hafs_41_W.ttf,
53,9,1,41,QCF4_Hafs_41_W,QCF4_Hafs_41_W.ttf,
53,10,1,41,QCF4_Hafs_41_W,QCF4_Hafs_41_W.ttf,
53,11,1,41,QCF4_Hafs_41_W,QCF4_Hafs_41_W.ttf,
53,12,1,41,QCF4_Hafs_41_W,QCF4_Hafs_41_W.ttf,
53,13,1,41,QCF4_Hafs_41_W,QCF4_Hafs_41_W.ttf,
53,14,1,41,QCF4_Hafs_41_W,QCF4_Hafs_41_W.ttf,
53,15,1,41,QCF4_Hafs_41_W,QCF4_Hafs_41_W.ttf,
53,16,1,41,QCF4_Hafs_41_W,QCF4_Hafs_41_W.ttf,
53,17,1,41,QCF4_Hafs_41_W,QCF4_Hafs_41_W.ttf,
53,18,1,41,QCF4_Hafs_41_W,QCF4_Hafs_41_W.ttf,
53,19,1,41,QCF4_Hafs_41_W,QCF4_Hafs_41_W.ttf,
53,20,1,41,QCF4_Hafs_41_W,QCF4_Hafs_41_W.ttf,
53,21,1,41,QCF4_Hafs_41_W,QCF4_Hafs_41_W.ttf,
53,22,1,41,QCF4_Hafs_41_W,QCF4_Hafs_41_W.ttf,
53,23,1,41,QCF4_Hafs_41_W,QCF4_Hafs_41_W.ttf,
53,24,1,41,QCF4_Hafs_41_W,QCF4_Hafs_41_W.ttf,
53,25,1,41,QCF4_Hafs_41_W,QCF4_Hafs_41_W.ttf,
53,26,1,41,QCF4_Hafs_41_W,QCF4_Hafs_41_W.ttf,
53,27,1,41,QCF4_Hafs_41_W,QCF4_Hafs_41_W.ttf,
53,28,1,41,QCF4_Hafs_41_W,QCF4_Hafs_41_W.ttf,
53,29,1,41,QCF4_Hafs_41_W,QCF4_Hafs_41_W.ttf,
53,30,1,41,QCF4_Hafs_41_W,QCF4_Hafs_41_W.ttf,
53,31,1,41,QCF4_Hafs_41_W,QCF4_Hafs_41_W.ttf,
53,32,1,41,QCF4_Hafs_41_W,QCF4_Hafs_41_W.ttf,
53,33,1,41,QCF4_Hafs_41_W,QCF4_Hafs_41_W.ttf,
53,34,1,41,QCF4_Hafs_41_W,QCF4_Hafs_41_W.ttf,
53,35,1,41,QCF4_Hafs_41_W,QCF4_Hafs_41_W.ttf,
53,36,1,41,QCF4_Hafs_41_W,QCF4_Hafs_41_W.ttf,
53,37,1,41,QCF4_Hafs_41_W,QCF4_Hafs_41_W.ttf,
53,38,1,41,QCF4_Hafs_41_W,QCF4_Hafs_41_W.ttf,
53,39,1,41,QCF4_Hafs_41_W,QCF4_Hafs_41_W.ttf,
53,40,1,41,QCF4_Hafs_41_W,QCF4_Hafs_41_W.ttf,
53,41,1,41,QCF4_Hafs_41_W,QCF4_Hafs_41_W.ttf,
53,42,1,41,QCF4_Hafs_41_W,QCF4_Hafs_41_W.ttf,
53,43,1,41,QCF4_Hafs_41_W,QCF4_Hafs_41_W.ttf,
53,44,1,41,QCF4_Hafs_41_W,QCF4_Hafs_41_W.ttf,
53,45,1,41,QCF4_Hafs_41_W,QCF4_Hafs_41_W.ttf,
53,46,1,41,QCF4_Hafs_41_W,QCF4_Hafs_41_W.ttf,
53,47,1,41,QCF4_Hafs_41_W,QCF4_Hafs_41_W.ttf,
53,48,1,41,QCF4_Hafs_41_W,QCF4_Hafs_41_W.ttf,
53,49,1,41,QCF4_Hafs_41_W,QCF4_Hafs_41_W.ttf,
53,50,1,41,QCF4_Hafs_41_W,QCF4_Hafs_41_W.ttf,
53,51,1,41,QCF4_Hafs_41_W,QCF4_Hafs_41_W.ttf,
53,52,1,41,QCF4_Hafs_41_W,QCF4_Hafs_41_W.ttf,
53,53,1,41,QCF4_Hafs_41_W,QCF4_Hafs_41_W.ttf,
53,54,1,41,QCF4_Hafs_41_W,QCF4_Hafs_41_W.ttf,
53,55,1,41,QCF4_Hafs_41_W,QCF4_Hafs_41_W.ttf,
53,56,1,41,QCF4_Hafs_41_W,QCF4_Hafs_41_W.ttf,
53,57,1,41,QCF4_Hafs_41_W,QCF4_Hafs_41_W.ttf,
53,58,1,41,QCF4_Hafs_41_W,QCF4_Hafs_41_W.ttf,
53,59,1,41,QCF4_Hafs_41_W,QCF4_Hafs_41_W.ttf,
53,60,1,41,QCF4_Hafs_41_W,QCF4_Hafs_41_W.ttf,
53,61,1,41,QCF4_Hafs_41_W,QCF4_Hafs_41_W.ttf,
53,62,1,41,QCF4_Hafs_41_W,QCF4_Hafs_41_W.ttf,
54,1,1,41,QCF4_Hafs_41_W,QCF4_Hafs_41_W.ttf,
54,2,1,41,QCF4_Hafs_41_W,QCF4_Hafs_41_W.ttf,
54,3,1,41,QCF4_Hafs_41_W,QCF4_Hafs_41_W.ttf,
54,4,1,41,QCF4_Hafs_41_W,QCF4_Hafs_41_W.ttf,
54,5,1,41,QCF4_Hafs_41_W,QCF4_Hafs_41_W.ttf,
54,6,1,41,QCF4_Hafs_41_W,QCF4_Hafs_41_W.ttf,
54,7,1,41,QCF4_Hafs_41_W,QCF4_Hafs_41_W.ttf,
54,8,1,41,QCF4_Hafs_41_W,QCF4_Hafs_41_W.ttf,
54,9,1,41,QCF4_Hafs_41_W,QCF4_Hafs_41_W.ttf,
54,10,1,41,QCF4_Hafs_41_W,QCF4_Hafs_41_W.ttf,
54,11,1,41,QCF4_Hafs_41_W,QCF4_Hafs_41_W.ttf,
54,12,1,41,QCF4_Hafs_41_W,QCF4_Hafs_41_W.ttf,
54,13,1,41,QCF4_Hafs_41_W,QCF4_Hafs_41_W.ttf,
54,14,1,41,QCF4_Hafs_41_W,QCF4_Hafs_41_W.ttf,
54,15,1,41,QCF4_Hafs_41_W,QCF4_Hafs_41_W.ttf,
54,16,1,41,QCF4_Hafs_41_W,QCF4_Hafs_41_W.ttf,
54,17,1,41,QCF4_Hafs_41_W,QCF4_Hafs_41_W.ttf,
54,18,1,41,QCF4_Hafs_41_W,QCF4_Hafs_41_W.ttf,
54,19,1,41,QCF4_Hafs_41_W,QCF4_Hafs_41_W.ttf,
54,20,1,41,QCF4_Hafs_41_W,QCF4_Hafs_41_W.ttf,
54,21,1,41,QCF4_Hafs_41_W,QCF4_Hafs_41_W.ttf,
54,22,1,41,QCF4_Hafs_41_W,QCF4_Hafs_41_W.ttf,
54,23,1,41,QCF4_Hafs_41_W,QCF4_Hafs_41_W.ttf,
54,24,1,41,QCF4_Hafs_41_W,QCF4_Hafs_41_W.ttf,
54,25,1,41,QCF4_Hafs_41_W,QCF4_Hafs_41_W.ttf,
54,26,1,41,QCF4_Hafs_41_W,QCF4_Hafs_41_W.ttf,
54,27,1,41,QCF4_Hafs_41_W,QCF4_Hafs_41_W.ttf,
54,28,1,41,QCF4_Hafs_41_W,QCF4_Hafs_41_W.ttf,
54,29,1,41,QCF4_Hafs_41_W,QCF4_Hafs_41_W.ttf,
54,30,1,41,QCF4_Hafs_41_W,QCF4_Hafs_41_W.ttf,
54,31,1,41,QCF4_Hafs_41_W,QCF4_Hafs_41_W.ttf,
54,32,1,41,QCF4_Hafs_41_W,QCF4_Hafs_41_W.ttf,
54,33,1,41,QCF4_Hafs_41_W,QCF4_Hafs_41_W.ttf,
54,34,1,41,QCF4_Hafs_41_W,QCF4_Hafs_41_W.ttf,
54,35,1,41,QCF4_Hafs_41_W,QCF4_Hafs_41_W.ttf,
54,36,1,41,QCF4_Hafs_41_W,QCF4_Hafs_41_W.ttf,
54,37,1,41,QCF4_Hafs_41_W,QCF4_Hafs_41_W.ttf,
54,38,1,41,QCF4_Hafs_41_W,QCF4_Hafs_41_W.ttf,
54,39,1,41,QCF4_Hafs_41_W,QCF4_Hafs_41_W.ttf,
54,40,1,41,QCF4_Hafs_41_W,QCF4_Hafs_41_W.ttf,
54,41,1,41,QCF4_Hafs_41_W,QCF4_Hafs_41_W.ttf,
54,42,1,41,QCF4_Hafs_41_W,QCF4_Hafs_41_W.ttf,
54,43,1,41,QCF4_Hafs_41_W,QCF4_Hafs_41_W.ttf,
54,44,1,41,QCF4_Hafs_41_W,QCF4_Hafs_41_W.ttf,
54,45,1,41,QCF4_Hafs_41_W,QCF4_Hafs_41_W.ttf,
54,46,1,41,QCF4_Hafs_41_W,QCF4_Hafs_41_W.ttf,
54,47,1,41,QCF4_Hafs_41_W,QCF4_Hafs_41_W.ttf,
54,48,1,41,QCF4_Hafs_41_W,QCF4_Hafs_41_W.ttf,
54,49,1,41,QCF4_Hafs_41_W,QCF4_Hafs_41_W.ttf,
54,50,1,41,QCF4_Hafs_41_W,QCF4_Hafs_41_W.ttf,
54,51,1,41,QCF4_Hafs_41_W,QCF4_Hafs_41_W.ttf,
54,52,1,41,QCF4_Hafs_41_W,QCF4_Hafs_41_W.ttf,
54,53,1,41,QCF4_Hafs_41_W,QCF4_Hafs_41_W.ttf,
54,54,1,41,QCF4_Hafs_41_W,QCF4_Hafs_41_W.ttf,
54,55,1,41,QCF4_Hafs_41_W,QCF4_Hafs_41_W.ttf,
55,1,1,41,QCF4_Hafs_41_W,QCF4_Hafs_41_W.ttf,
55,2,1,41,QCF4_Hafs_41_W,QCF4_Hafs_41_W.ttf,
55,3,1,41,QCF4_Hafs_41_W,QCF4_Hafs_41_W.ttf,
55,4,1,41,QCF4_Hafs_41_W,QCF4_Hafs_41_W.ttf,
55,5,1,41,QCF4_Hafs_41_W,QCF4_Hafs_41_W.ttf,
55,6,1,41,QCF4_Hafs_41_W,QCF4_Hafs_41_W.ttf,
55,7,1,41,QCF4_Hafs_41_W,QCF4_Hafs_41_W.ttf,
55,8,1,41,QCF4_Hafs_41_W,QCF4_Hafs_41_W.ttf,
55,9,1,41,QCF4_Hafs_41_W,QCF4_Hafs_41_W.ttf,
55,10,1,41,QCF4_Hafs_41_W,QCF4_Hafs_41_W.ttf,
55,11,1,41,QCF4_Hafs_41_W,QCF4_Hafs_41_W.ttf,
55,12,1,41,QCF4_Hafs_41_W,QCF4_Hafs_41_W.ttf,
55,13,1,41,QCF4_Hafs_41_W,QCF4_Hafs_41_W.ttf,
55,14,1,41,QCF4_Hafs_41_W,QCF4_Hafs_41_W.ttf,
55,15,1,41,QCF4_Hafs_41_W,QCF4_Hafs_41_W.ttf,
55,16,1,41,QCF4_Hafs_41_W,QCF4_Hafs_41_W.ttf,
55,17,1,41,QCF4_Hafs_41_W,QCF4_Hafs_41_W.ttf,
55,18,1,41,QCF4_Hafs_41_W,QCF4_Hafs_41_W.ttf,
55,19,1,41,QCF4_Hafs_41_W,QCF4_Hafs_41_W.ttf,
55,20,1,41,QCF4_Hafs_41_W,QCF4_Hafs_41_W.ttf,
55,21,1,41,QCF4_Hafs_41_W,QCF4_Hafs_41_W.ttf,
55,22,1,41,QCF4_Hafs_41_W,QCF4_Hafs_41_W.ttf,
55,23,1,41,QCF4_Hafs_41_W,QCF4_Hafs_41_W.ttf,
55,24,1,41,QCF4_Hafs_41_W,QCF4_Hafs_41_W.ttf,
55,25,1,41,QCF4_Hafs_41_W,QCF4_Hafs_41_W.ttf,
55,26,1,41,QCF4_Hafs_41_W,QCF4_Hafs_41_W.ttf,
55,27,1,41,QCF4_Hafs_41_W,QCF4_Hafs_41_W.ttf,
55,28,1,41,QCF4_Hafs_41_W,QCF4_Hafs_41_W.ttf,
55,29,1,41,QCF4_Hafs_41_W,QCF4_Hafs_41_W.ttf,
55,30,1,41,QCF4_Hafs_41_W,QCF4_Hafs_41_W.ttf,
55,31,1,41,QCF4_Hafs_41_W,QCF4_Hafs_41_W.ttf,
55,32,1,41,QCF4_Hafs_41_W,QCF4_Hafs_41_W.ttf,
55,33,1,41,QCF4_Hafs_41_W,QCF4_Hafs_41_W.ttf,
55,34,1,41,QCF4_Hafs_41_W,QCF4_Hafs_41_W.ttf,
55,35,1,41,QCF4_Hafs_41_W,QCF4_Hafs_41_W.ttf,
55,36,1,41,QCF4_Hafs_41_W,QCF4_Hafs_41_W.ttf,
55,37,1,41,QCF4_Hafs_41_W,QCF4_Hafs_41_W.ttf,
55,38,1,41,QCF4_Hafs_41_W,QCF4_Hafs_41_W.ttf,
55,39,1,41,QCF4_Hafs_41_W,QCF4_Hafs_41_W.ttf,
55,40,1,41,QCF4_Hafs_41_W,QCF4_Hafs_41_W.ttf,
55,41,1,41,QCF4_Hafs_41_W,QCF4_Hafs_41_W.ttf,
55,42,1,41,QCF4_Hafs_41_W,QCF4_Hafs_41_W.ttf,
55,43,1,41,QCF4_Hafs_41_W,QCF4_Hafs_41_W.ttf,
55,44,1,41,QCF4_Hafs_41_W,QCF4_Hafs_41_W.ttf,
55,45,1,41,QCF4_Hafs_41_W,QCF4_Hafs_41_W.ttf,
55,46,1,41,QCF4_Hafs_41_W,QCF4_Hafs_41_W.ttf,
55,47,1,41,QCF4_Hafs_41_W,QCF4_Hafs_41_W.ttf,
55,48,1,41,QCF4_Hafs_41_W,QCF4_Hafs_41_W.ttf,
55,49,1,41,QCF4_Hafs_41_W,QCF4_Hafs_41_W.ttf,
55,50,1,41,QCF4_Hafs_41_W,QCF4_Hafs_41_W.ttf,
55,51,1,41,QCF4_Hafs_41_W,QCF4_Hafs_41_W.ttf,
55,52,1,41,QCF4_Hafs_41_W,QCF4_Hafs_41_W.ttf,
55,53,1,41,QCF4_Hafs_41_W,QCF4_Hafs_41_W.ttf,
55,54,1,41,QCF4_Hafs_41_W,QCF4_Hafs_41_W.ttf,
55,55,1,41,QCF4_Hafs_41_W,QCF4_Hafs_41_W.ttf,
55,56,1,41,QCF4_Hafs_41_W,QCF4_Hafs_41_W.ttf,
55,57,1,41,QCF4_Hafs_41_W,QCF4_Hafs_41_W.ttf,
55,58,1,41,QCF4_Hafs_41_W,QCF4_Hafs_41_W.ttf,
55,59,1,41,QCF4_Hafs_41_W,QCF4_Hafs_41_W.ttf,
55,60,1,41,QCF4_Hafs_41_W,QCF4_Hafs_41_W.ttf,
55,61,1,41,QCF4_Hafs_41_W,QCF4_Hafs_41_W.ttf,
55,62,1,41,QCF4_Hafs_41_W,QCF4_Hafs_41_W.ttf,
55,63,1,41,QCF4_Hafs_41_W,QCF4_Hafs_41_W.ttf,
55,64,1,41,QCF4_Hafs_41_W,QCF4_Hafs_41_W.ttf,
55,65,1,41,QCF4_Hafs_41_W,QCF4_Hafs_41_W.ttf,
55,66,1,41,QCF4_Hafs_41_W,QCF4_Hafs_41_W.ttf,
55,67,1,41,QCF4_Hafs_41_W,QCF4_Hafs_41_W.ttf,
55,68,1,41,QCF4_Hafs_41_W,QCF4_Hafs_41_W.ttf,
55,69,1,41,QCF4_Hafs_41_W,QCF4_Hafs_41_W.ttf,
55,70,1,41,QCF4_Hafs_41_W,QCF4_Hafs_41_W.ttf,
55,71,1,41,QCF4_Hafs_41_W,QCF4_Hafs_41_W.ttf,
55,72,1,41,QCF4_Hafs_41_W,QCF4_Hafs_41_W.ttf,
55,73,1,41,QCF4_Hafs_41_W,QCF4_Hafs_41_W.ttf,
55,74,1,41,QCF4_Hafs_41_W,QCF4_Hafs_41_W.ttf,
55,75,1,41,QCF4_Hafs_41_W,QCF4_Hafs_41_W.ttf,
55,76,1,41,QCF4_Hafs_41_W,QCF4_Hafs_41_W.ttf,
55,77,1,41,QCF4_Hafs_41_W,QCF4_Hafs_41_W.ttf,
55,78,1,41,QCF4_Hafs_41_W,QCF4_Hafs_41_W.ttf,
56,1,1,41,QCF4_Hafs_41_W,QCF4_Hafs_41_W.ttf,
56,2,1,41,QCF4_Hafs_41_W,QCF4_Hafs_41_W.ttf,
56,3,1,41,QCF4_Hafs_41_W,QCF4_Hafs_41_W.ttf,
56,4,1,41,QCF4_Hafs_41_W,QCF4_Hafs_41_W.ttf,
56,5,1,41,QCF4_Hafs_41_W,QCF4_Hafs_41_W.ttf,
56,6,1,41,QCF4_Hafs_41_W,QCF4_Hafs_41_W.ttf,
56,7,1,41,QCF4_Hafs_41_W,QCF4_Hafs_41_W.ttf,
56,8,1,41,QCF4_Hafs_41_W,QCF4_Hafs_41_W.ttf,
56,9,1,41,QCF4_Hafs_41_W,QCF4_Hafs_41_W.ttf,
56,10,1,41,QCF4_Hafs_41_W,QCF4_Hafs_41_W.ttf,
56,11,1,41,QCF4_Hafs_41_W,QCF4_Hafs_41_W.ttf,
56,12,1,41,QCF4_Hafs_41_W,QCF4_Hafs_41_W.ttf,
56,13,1,41,QCF4_Hafs_41_W,QCF4_Hafs_41_W.ttf,
56,14,1,41,QCF4_Hafs_41_W,QCF4_Hafs_41_W.ttf,
56,15,1,41,QCF4_Hafs_41_W,QCF4_Hafs_41_W.ttf,
56,16,1,41,QCF4_Hafs_41_W,QCF4_Hafs_41_W.ttf,
56,17,1,42,QCF4_Hafs_42_W,QCF4_Hafs_42_W.ttf,
56,18,1,42,QCF4_Hafs_42_W,QCF4_Hafs_42_W.ttf,
56,19,1,42,QCF4_Hafs_42_W,QCF4_Hafs_42_W.ttf,
56,20,1,42,QCF4_Hafs_42_W,QCF4_Hafs_42_W.ttf,
56,21,1,42,QCF4_Hafs_42_W,QCF4_Hafs_42_W.ttf,
56,22,1,42,QCF4_Hafs_42_W,QCF4_Hafs_42_W.ttf,
56,23,1,42,QCF4_Hafs_42_W,QCF4_Hafs_42_W.ttf,
56,24,1,42,QCF4_Hafs_42_W,QCF4_Hafs_42_W.ttf,
56,25,1,42,QCF4_Hafs_42_W,QCF4_Hafs_42_W.ttf,
56,26,1,42,QCF4_Hafs_42_W,QCF4_Hafs_42_W.ttf,
56,27,1,42,QCF4_Hafs_42_W,QCF4_Hafs_42_W.ttf,
56,28,1,42,QCF4_Hafs_42_W,QCF4_Hafs_42_W.ttf,
56,29,1,42,QCF4_Hafs_42_W,QCF4_Hafs_42_W.ttf,
56,30,1,42,QCF4_Hafs_42_W,QCF4_Hafs_42_W.ttf,
56,31,1,42,QCF4_Hafs_42_W,QCF4_Hafs_42_W.ttf,
56,32,1,42,QCF4_Hafs_42_W,QCF4_Hafs_42_W.ttf,
56,33,1,42,QCF4_Hafs_42_W,QCF4_Hafs_42_W.ttf,
56,34,1,42,QCF4_Hafs_42_W,QCF4_Hafs_42_W.ttf,
56,35,1,42,QCF4_Hafs_42_W,QCF4_Hafs_42_W.ttf,
56,36,1,42,QCF4_Hafs_42_W,QCF4_Hafs_42_W.ttf,
56,37,1,42,QCF4_Hafs_42_W,QCF4_Hafs_42_W.ttf,
56,38,1,42,QCF4_Hafs_42_W,QCF4_Hafs_42_W.ttf,
56,39,1,42,QCF4_Hafs_42_W,QCF4_Hafs_42_W.ttf,
56,40,1,42,QCF4_Hafs_42_W,QCF4_Hafs_42_W.ttf,
56,41,1,42,QCF4_Hafs_42_W,QCF4_Hafs_42_W.ttf,
56,42,1,42,QCF4_Hafs_42_W,QCF4_Hafs_42_W.ttf,
56,43,1,42,QCF4_Hafs_42_W,QCF4_Hafs_42_W.ttf,
56,44,1,42,QCF4_Hafs_42_W,QCF4_Hafs_42_W.ttf,
56,45,1,42,QCF4_Hafs_42_W,QCF4_Hafs_42_W.ttf,
56,46,1,42,QCF4_Hafs_42_W,QCF4_Hafs_42_W.ttf,
56,47,1,42,QCF4_Hafs_42_W,QCF4_Hafs_42_W.ttf,
56,48,1,42,QCF4_Hafs_42_W,QCF4_Hafs_42_W.ttf,
56,49,1,42,QCF4_Hafs_42_W,QCF4_Hafs_42_W.ttf,
56,50,1,42,QCF4_Hafs_42_W,QCF4_Hafs_42_W.ttf,
56,51,1,42,QCF4_Hafs_42_W,QCF4_Hafs_42_W.ttf,
56,52,1,42,QCF4_Hafs_42_W,QCF4_Hafs_42_W.ttf,
56,53,1,42,QCF4_Hafs_42_W,QCF4_Hafs_42_W.ttf,
56,54,1,42,QCF4_Hafs_42_W,QCF4_Hafs_42_W.ttf,
56,55,1,42,QCF4_Hafs_42_W,QCF4_Hafs_42_W.ttf,
56,56,1,42,QCF4_Hafs_42_W,QCF4_Hafs_42_W.ttf,
56,57,1,42,QCF4_Hafs_42_W,QCF4_Hafs_42_W.ttf,
56,58,1,42,QCF4_Hafs_42_W,QCF4_Hafs_42_W.ttf,
56,59,1,42,QCF4_Hafs_42_W,QCF4_Hafs_42_W.ttf,
56,60,1,42,QCF4_Hafs_42_W,QCF4_Hafs_42_W.ttf,
56,61,1,42,QCF4_Hafs_42_W,QCF4_Hafs_42_W.ttf,
56,62,1,42,QCF4_Hafs_42_W,QCF4_Hafs_42_W.ttf,
56,63,1,42,QCF4_Hafs_42_W,QCF4_Hafs_42_W.ttf,
56,64,1,42,QCF4_Hafs_42_W,QCF4_Hafs_42_W.ttf,
56,65,1,42,QCF4_Hafs_42_W,QCF4_Hafs_42_W.ttf,
56,66,1,42,QCF4_Hafs_42_W,QCF4_Hafs_42_W.ttf,
56,67,1,42,QCF4_Hafs_42_W,QCF4_Hafs_42_W.ttf,
56,68,1,42,QCF4_Hafs_42_W,QCF4_Hafs_42_W.ttf,
56,69,1,42,QCF4_Hafs_42_W,QCF4_Hafs_42_W.ttf,
56,70,1,42,QCF4_Hafs_42_W,QCF4_Hafs_42_W.ttf,
56,71,1,42,QCF4_Hafs_42_W,QCF4_Hafs_42_W.ttf,
56,72,1,42,QCF4_Hafs_42_W,QCF4_Hafs_42_W.ttf,
56,73,1,42,QCF4_Hafs_42_W,QCF4_Hafs_42_W.ttf,
56,74,1,42,QCF4_Hafs_42_W,QCF4_Hafs_42_W.ttf,
56,75,1,42,QCF4_Hafs_42_W,QCF4_Hafs_42_W.ttf,
56,76,1,42,QCF4_Hafs_42_W,QCF4_Hafs_42_W.ttf,
56,77,1,42,QCF4_Hafs_42_W,QCF4_Hafs_42_W.ttf,
56,78,1,42,QCF4_Hafs_42_W,QCF4_Hafs_42_W.ttf,
56,79,1,42,QCF4_Hafs_42_W,QCF4_Hafs_42_W.ttf,
56,80,1,42,QCF4_Hafs_42_W,QCF4_Hafs_42_W.ttf,
56,81,1,42,QCF4_Hafs_42_W,QCF4_Hafs_42_W.ttf,
56,82,1,42,QCF4_Hafs_42_W,QCF4_Hafs_42_W.ttf,
56,83,1,42,QCF4_Hafs_42_W,QCF4_Hafs_42_W.ttf,
56,84,1,42,QCF4_Hafs_42_W,QCF4_Hafs_42_W.ttf,
56,85,1,42,QCF4_Hafs_42_W,QCF4_Hafs_42_W.ttf,
56,86,1,42,QCF4_Hafs_42_W,QCF4_Hafs_42_W.ttf,
56,87,1,42,QCF4_Hafs_42_W,QCF4_Hafs_42_W.ttf,
56,88,1,42,QCF4_Hafs_42_W,QCF4_Hafs_42_W.ttf,
56,89,1,42,QCF4_Hafs_42_W,QCF4_Hafs_42_W.ttf,
56,90,1,42,QCF4_Hafs_42_W,QCF4_Hafs_42_W.ttf,
56,91,1,42,QCF4_Hafs_42_W,QCF4_Hafs_42_W.ttf,
56,92,1,42,QCF4_Hafs_42_W,QCF4_Hafs_42_W.ttf,
56,93,1,42,QCF4_Hafs_42_W,QCF4_Hafs_42_W.ttf,
56,94,1,42,QCF4_Hafs_42_W,QCF4_Hafs_42_W.ttf,
56,95,1,42,QCF4_Hafs_42_W,QCF4_Hafs_42_W.ttf,
56,96,1,42,QCF4_Hafs_42_W,QCF4_Hafs_42_W.ttf,
57,1,1,42,QCF4_Hafs_42_W,QCF4_Hafs_42_W.ttf,
57,2,1,42,QCF4_Hafs_42_W,QCF4_Hafs_42_W.ttf,
57,3,1,42,QCF4_Hafs_42_W,QCF4_Hafs_42_W.ttf,
57,4,1,42,QCF4_Hafs_42_W,QCF4_Hafs_42_W.ttf,
57,5,1,42,QCF4_Hafs_42_W,QCF4_Hafs_42_W.ttf,
57,6,1,42,QCF4_Hafs_42_W,QCF4_Hafs_42_W.ttf,
57,7,1,42,QCF4_Hafs_42_W,QCF4_Hafs_42_W.ttf,
57,8,1,42,QCF4_Hafs_42_W,QCF4_Hafs_42_W.ttf,
57,9,1,42,QCF4_Hafs_42_W,QCF4_Hafs_42_W.ttf,
57,10,1,42,QCF4_Hafs_42_W,QCF4_Hafs_42_W.ttf,
57,11,1,42,QCF4_Hafs_42_W,QCF4_Hafs_42_W.ttf,
57,12,1,42,QCF4_Hafs_42_W,QCF4_Hafs_42_W.ttf,
57,13,1,42,QCF4_Hafs_42_W,QCF4_Hafs_42_W.ttf,
57,14,1,42,QCF4_Hafs_42_W,QCF4_Hafs_42_W.ttf,
57,15,1,42,QCF4_Hafs_42_W,QCF4_Hafs_42_W.ttf,
57,16,1,42,QCF4_Hafs_42_W,QCF4_Hafs_42_W.ttf,
57,17,1,42,QCF4_Hafs_42_W,QCF4_Hafs_42_W.ttf,
57,18,1,42,QCF4_Hafs_42_W,QCF4_Hafs_42_W.ttf,
57,19,1,42,QCF4_Hafs_42_W,QCF4_Hafs_42_W.ttf,
57,20,1,42,QCF4_Hafs_42_W,QCF4_Hafs_42_W.ttf,
57,21,1,42,QCF4_Hafs_42_W,QCF4_Hafs_42_W.ttf,
57,22,1,42,QCF4_Hafs_42_W,QCF4_Hafs_42_W.ttf,
57,23,1,42,QCF4_Hafs_42_W,QCF4_Hafs_42_W.ttf,
57,24,1,42,QCF4_Hafs_42_W,QCF4_Hafs_42_W.ttf,
57,25,1,42,QCF4_Hafs_42_W,QCF4_Hafs_42_W.ttf,
57,26,1,42,QCF4_Hafs_42_W,QCF4_Hafs_42_W.ttf,
57,27,1,42,QCF4_Hafs_42_W,QCF4_Hafs_42_W.ttf,
57,28,1,42,QCF4_Hafs_42_W,QCF4_Hafs_42_W.ttf,
57,29,1,42,QCF4_Hafs_42_W,QCF4_Hafs_42_W.ttf,
58,1,1,42,QCF4_Hafs_42_W,QCF4_Hafs_42_W.ttf,
58,2,1,42,QCF4_Hafs_42_W,QCF4_Hafs_42_W.ttf,
58,3,1,42,QCF4_Hafs_42_W,QCF4_Hafs_42_W.ttf,
58,4,1,42,QCF4_Hafs_42_W,QCF4_Hafs_42_W.ttf,
58,5,1,42,QCF4_Hafs_42_W,QCF4_Hafs_42_W.ttf,
58,6,1,42,QCF4_Hafs_42_W,QCF4_Hafs_42_W.ttf,
58,7,1,42,QCF4_Hafs_42_W,QCF4_Hafs_42_W.ttf,
58,8,1,42,QCF4_Hafs_42_W,QCF4_Hafs_42_W.ttf,
58,9,1,42,QCF4_Hafs_42_W,QCF4_Hafs_42_W.ttf,
58,10,1,42,QCF4_Hafs_42_W,QCF4_Hafs_42_W.ttf,
58,11,1,42,QCF4_Hafs_42_W,QCF4_Hafs_42_W.ttf,
58,12,1,42,QCF4_Hafs_42_W,QCF4_Hafs_42_W.ttf,
58,13,1,42,QCF4_Hafs_42_W,QCF4_Hafs_42_W.ttf,
58,14,1,42,QCF4_Hafs_42_W,QCF4_Hafs_42_W.ttf,
58,15,1,42,QCF4_Hafs_42_W,QCF4_Hafs_42_W.ttf,
58,16,1,42,QCF4_Hafs_42_W,QCF4_Hafs_42_W.ttf,
58,17,1,42,QCF4_Hafs_42_W,QCF4_Hafs_42_W.ttf,
58,18,1,42,QCF4_Hafs_42_W,QCF4_Hafs_42_W.ttf,
58,19,1,42,QCF4_Hafs_42_W,QCF4_Hafs_42_W.ttf,
58,20,1,42,QCF4_Hafs_42_W,QCF4_Hafs_42_W.ttf,
58,21,1,42,QCF4_Hafs_42_W,QCF4_Hafs_42_W.ttf,
58,22,1,42,QCF4_Hafs_42_W,QCF4_Hafs_42_W.ttf,
59,1,1,42,QCF4_Hafs_42_W,QCF4_Hafs_42_W.ttf,
59,2,1,42,QCF4_Hafs_42_W,QCF4_Hafs_42_W.ttf,
59,3,1,42,QCF4_Hafs_42_W,QCF4_Hafs_42_W.ttf,
59,4,1,42,QCF4_Hafs_42_W,QCF4_Hafs_42_W.ttf,
59,5,1,42,QCF4_Hafs_42_W,QCF4_Hafs_42_W.ttf,
59,6,1,42,QCF4_Hafs_42_W,QCF4_Hafs_42_W.ttf,
59,7,1,42,QCF4_Hafs_42_W,QCF4_Hafs_42_W.ttf,
59,8,1,42,QCF4_Hafs_42_W,QCF4_Hafs_42_W.ttf,
59,9,1,42,QCF4_Hafs_42_W,QCF4_Hafs_42_W.ttf,
59,10,1,42,QCF4_Hafs_42_W,QCF4_Hafs_42_W.ttf,
59,11,1,42,QCF4_Hafs_42_W,QCF4_Hafs_42_W.ttf,
59,12,1,42,QCF4_Hafs_42_W,QCF4_Hafs_42_W.ttf,
59,13,1,42,QCF4_Hafs_42_W,QCF4_Hafs_42_W.ttf,
59,14,1,42,QCF4_Hafs_42_W,QCF4_Hafs_42_W.ttf,
59,15,1,42,QCF4_Hafs_42_W,QCF4_Hafs_42_W.ttf,
59,16,1,42,QCF4_Hafs_42_W,QCF4_Hafs_42_W.ttf,
59,17,1,43,QCF4_Hafs_43_W,QCF4_Hafs_43_W.ttf,
59,18,1,43,QCF4_Hafs_43_W,QCF4_Hafs_43_W.ttf,
59,19,1,43,QCF4_Hafs_43_W,QCF4_Hafs_43_W.ttf,
59,20,1,43,QCF4_Hafs_43_W,QCF4_Hafs_43_W.ttf,
59,21,1,43,QCF4_Hafs_43_W,QCF4_Hafs_43_W.ttf,
59,22,1,43,QCF4_Hafs_43_W,QCF4_Hafs_43_W.ttf,
59,23,1,43,QCF4_Hafs_43_W,QCF4_Hafs_43_W.ttf,
59,24,1,43,QCF4_Hafs_43_W,QCF4_Hafs_43_W.ttf,
60,1,1,43,QCF4_Hafs_43_W,QCF4_Hafs_43_W.ttf,
60,2,1,43,QCF4_Hafs_43_W,QCF4_Hafs_43_W.ttf,
60,3,1,43,QCF4_Hafs_43_W,QCF4_Hafs_43_W.ttf,
60,4,1,43,QCF4_Hafs_43_W,QCF4_Hafs_43_W.ttf,
60,5,1,43,QCF4_Hafs_43_W,QCF4_Hafs_43_W.ttf,
60,6,1,43,QCF4_Hafs_43_W,QCF4_Hafs_43_W.ttf,
60,7,1,43,QCF4_Hafs_43_W,QCF4_Hafs_43_W.ttf,
60,8,1,43,QCF4_Hafs_43_W,QCF4_Hafs_43_W.ttf,
60,9,1,43,QCF4_Hafs_43_W,QCF4_Hafs_43_W.ttf,
60,10,1,43,QCF4_Hafs_43_W,QCF4_Hafs_43_W.ttf,
60,11,1,43,QCF4_Hafs_43_W,QCF4_Hafs_43_W.ttf,
60,12,1,43,QCF4_Hafs_43_W,QCF4_Hafs_43_W.ttf,
60,13,1,43,QCF4_Hafs_43_W,QCF4_Hafs_43_W.ttf,
61,1,1,43,QCF4_Hafs_43_W,QCF4_Hafs_43_W.ttf,
61,2,1,43,QCF4_Hafs_43_W,QCF4_Hafs_43_W.ttf,
61,3,1,43,QCF4_Hafs_43_W,QCF4_Hafs_43_W.ttf,
61,4,1,43,QCF4_Hafs_43_W,QCF4_Hafs_43_W.ttf,
61,5,1,43,QCF4_Hafs_43_W,QCF4_Hafs_43_W.ttf,
61,6,1,43,QCF4_Hafs_43_W,QCF4_Hafs_43_W.ttf,
61,7,1,43,QCF4_Hafs_43_W,QCF4_Hafs_43_W.ttf,
61,8,1,43,QCF4_Hafs_43_W,QCF4_Hafs_43_W.ttf,
61,9,1,43,QCF4_Hafs_43_W,QCF4_Hafs_43_W.ttf,
61,10,1,43,QCF4_Hafs_43_W,QCF4_Hafs_43_W.ttf,
61,11,1,43,QCF4_Hafs_43_W,QCF4_Hafs_43_W.ttf,
61,12,1,43,QCF4_Hafs_43_W,QCF4_Hafs_43_W.ttf,
61,13,1,43,QCF4_Hafs_43_W,QCF4_Hafs_43_W.ttf,
61,14,1,43,QCF4_Hafs_43_W,QCF4_Hafs_43_W.ttf,
62,1,1,43,QCF4_Hafs_43_W,QCF4_Hafs_43_W.ttf,
62,2,1,43,QCF4_Hafs_43_W,QCF4_Hafs_43_W.ttf,
62,3,1,43,QCF4_Hafs_43_W,QCF4_Hafs_43_W.ttf,
62,4,1,43,QCF4_Hafs_43_W,QCF4_Hafs_43_W.ttf,
62,5,1,43,QCF4_Hafs_43_W,QCF4_Hafs_43_W.ttf,
62,6,1,43,QCF4_Hafs_43_W,QCF4_Hafs_43_W.ttf,
62,7,1,43,QCF4_Hafs_43_W,QCF4_Hafs_43_W.ttf,
62,8,1,43,QCF4_Hafs_43_W,QCF4_Hafs_43_W.ttf,
62,9,1,43,QCF4_Hafs_43_W,QCF4_Hafs_43_W.ttf,
62,10,1,43,QCF4_Hafs_43_W,QCF4_Hafs_43_W.ttf,
62,11,1,43,QCF4_Hafs_43_W,QCF4_Hafs_43_W.ttf,
63,1,1,43,QCF4_Hafs_43_W,QCF4_Hafs_43_W.ttf,
63,2,1,43,QCF4_Hafs_43_W,QCF4_Hafs_43_W.ttf,
63,3,1,43,QCF4_Hafs_43_W,QCF4_Hafs_43_W.ttf,
63,4,1,43,QCF4_Hafs_43_W,QCF4_Hafs_43_W.ttf,
63,5,1,43,QCF4_Hafs_43_W,QCF4_Hafs_43_W.ttf,
63,6,1,43,QCF4_Hafs_43_W,QCF4_Hafs_43_W.ttf,
63,7,1,43,QCF4_Hafs_43_W,QCF4_Hafs_43_W.ttf,
63,8,1,43,QCF4_Hafs_43_W,QCF4_Hafs_43_W.ttf,
63,9,1,43,QCF4_Hafs_43_W,QCF4_Hafs_43_W.ttf,
63,10,1,43,QCF4_Hafs_43_W,QCF4_Hafs_43_W.ttf,
63,11,1,43,QCF4_Hafs_43_W,QCF4_Hafs_43_W.ttf,
64,1,1,43,QCF4_Hafs_43_W,QCF4_Hafs_43_W.ttf,
64,2,1,43,QCF4_Hafs_43_W,QCF4_Hafs_43_W.ttf,
64,3,1,43,QCF4_Hafs_43_W,QCF4_Hafs_43_W.ttf,
64,4,1,43,QCF4_Hafs_43_W,QCF4_Hafs_43_W.ttf,
64,5,1,43,QCF4_Hafs_43_W,QCF4_Hafs_43_W.ttf,
64,6,1,43,QCF4_Hafs_43_W,QCF4_Hafs_43_W.ttf,
64,7,1,43,QCF4_Hafs_43_W,QCF4_Hafs_43_W.ttf,
64,8,1,43,QCF4_Hafs_43_W,QCF4_Hafs_43_W.ttf,
64,9,1,43,QCF4_Hafs_43_W,QCF4_Hafs_43_W.ttf,
64,10,1,43,QCF4_Hafs_43_W,QCF4_Hafs_43_W.ttf,
64,11,1,43,QCF4_Hafs_43_W,QCF4_Hafs_43_W.ttf,
64,12,1,43,QCF4_Hafs_43_W,QCF4_Hafs_43_W.ttf,
64,13,1,43,QCF4_Hafs_43_W,QCF4_Hafs_43_W.ttf,
64,14,1,43,QCF4_Hafs_43_W,QCF4_Hafs_43_W.ttf,
64,15,1,43,QCF4_Hafs_43_W,QCF4_Hafs_43_W.ttf,
64,16,1,43,QCF4_Hafs_43_W,QCF4_Hafs_43_W.ttf,
64,17,1,43,QCF4_Hafs_43_W,QCF4_Hafs_43_W.ttf,
64,18,1,43,QCF4_Hafs_43_W,QCF4_Hafs_43_W.ttf,
65,1,1,43,QCF4_Hafs_43_W,QCF4_Hafs_43_W.ttf,
65,2,1,43,QCF4_Hafs_43_W,QCF4_Hafs_43_W.ttf,
65,3,1,43,QCF4_Hafs_43_W,QCF4_Hafs_43_W.ttf,
65,4,1,43,QCF4_Hafs_43_W,QCF4_Hafs_43_W.ttf,
65,5,1,43,QCF4_Hafs_43_W,QCF4_Hafs_43_W.ttf,
65,6,1,43,QCF4_Hafs_43_W,QCF4_Hafs_43_W.ttf,
65,7,1,43,QCF4_Hafs_43_W,QCF4_Hafs_43_W.ttf,
65,8,1,43,QCF4_Hafs_43_W,QCF4_Hafs_43_W.ttf,
65,9,1,43,QCF4_Hafs_43_W,QCF4_Hafs_43_W.ttf,
65,10,1,43,QCF4_Hafs_43_W,QCF4_Hafs_43_W.ttf,
65,11,1,43,QCF4_Hafs_43_W,QCF4_Hafs_43_W.ttf,
65,12,1,43,QCF4_Hafs_43_W,QCF4_Hafs_43_W.ttf,
66,1,1,43,QCF4_Hafs_43_W,QCF4_Hafs_43_W.ttf,
66,2,1,43,QCF4_Hafs_43_W,QCF4_Hafs_43_W.ttf,
66,3,1,43,QCF4_Hafs_43_W,QCF4_Hafs_43_W.ttf,
66,4,1,43,QCF4_Hafs_43_W,QCF4_Hafs_43_W.ttf,
66,5,1,43,QCF4_Hafs_43_W,QCF4_Hafs_43_W.ttf,
66,6,1,43,QCF4_Hafs_43_W,QCF4_Hafs_43_W.ttf,
66,7,1,43,QCF4_Hafs_43_W,QCF4_Hafs_43_W.ttf,
66,8,1,44,QCF4_Hafs_44_W,QCF4_Hafs_44_W.ttf,
66,9,1,44,QCF4_Hafs_44_W,QCF4_Hafs_44_W.ttf,
66,10,1,44,QCF4_Hafs_44_W,QCF4_Hafs_44_W.ttf,
66,11,1,44,QCF4_Hafs_44_W,QCF4_Hafs_44_W.ttf,
66,12,1,44,QCF4_Hafs_44_W,QCF4_Hafs_44_W.ttf,
67,1,1,44,QCF4_Hafs_44_W,QCF4_Hafs_44_W.ttf,
67,2,1,44,QCF4_Hafs_44_W,QCF4_Hafs_44_W.ttf,
67,3,1,44,QCF4_Hafs_44_W,QCF4_Hafs_44_W.ttf,
67,4,1,44,QCF4_Hafs_44_W,QCF4_Hafs_44_W.ttf,
67,5,1,44,QCF4_Hafs_44_W,QCF4_Hafs_44_W.ttf,
67,6,1,44,QCF4_Hafs_44_W,QCF4_Hafs_44_W.ttf,
67,7,1,44,QCF4_Hafs_44_W,QCF4_Hafs_44_W.ttf,
67,8,1,44,QCF4_Hafs_44_W,QCF4_Hafs_44_W.ttf,
67,9,1,44,QCF4_Hafs_44_W,QCF4_Hafs_44_W.ttf,
67,10,1,44,QCF4_Hafs_44_W,QCF4_Hafs_44_W.ttf,
67,11,1,44,QCF4_Hafs_44_W,QCF4_Hafs_44_W.ttf,
67,12,1,44,QCF4_Hafs_44_W,QCF4_Hafs_44_W.ttf,
67,13,1,44,QCF4_Hafs_44_W,QCF4_Hafs_44_W.ttf,
67,14,1,44,QCF4_Hafs_44_W,QCF4_Hafs_44_W.ttf,
67,15,1,44,QCF4_Hafs_44_W,QCF4_Hafs_44_W.ttf,
67,16,1,44,QCF4_Hafs_44_W,QCF4_Hafs_44_W.ttf,
67,17,1,44,QCF4_Hafs_44_W,QCF4_Hafs_44_W.ttf,
67,18,1,44,QCF4_Hafs_44_W,QCF4_Hafs_44_W.ttf,
67,19,1,44,QCF4_Hafs_44_W,QCF4_Hafs_44_W.ttf,
67,20,1,44,QCF4_Hafs_44_W,QCF4_Hafs_44_W.ttf,
67,21,1,44,QCF4_Hafs_44_W,QCF4_Hafs_44_W.ttf,
67,22,1,44,QCF4_Hafs_44_W,QCF4_Hafs_44_W.ttf,
67,23,1,44,QCF4_Hafs_44_W,QCF4_Hafs_44_W.ttf,
67,24,1,44,QCF4_Hafs_44_W,QCF4_Hafs_44_W.ttf,
67,25,1,44,QCF4_Hafs_44_W,QCF4_Hafs_44_W.ttf,
67,26,1,44,QCF4_Hafs_44_W,QCF4_Hafs_44_W.ttf,
67,27,1,44,QCF4_Hafs_44_W,QCF4_Hafs_44_W.ttf,
67,28,1,44,QCF4_Hafs_44_W,QCF4_Hafs_44_W.ttf,
67,29,1,44,QCF4_Hafs_44_W,QCF4_Hafs_44_W.ttf,
67,30,1,44,QCF4_Hafs_44_W,QCF4_Hafs_44_W.ttf,
68,1,1,44,QCF4_Hafs_44_W,QCF4_Hafs_44_W.ttf,
68,2,1,44,QCF4_Hafs_44_W,QCF4_Hafs_44_W.ttf,
68,3,1,44,QCF4_Hafs_44_W,QCF4_Hafs_44_W.ttf,
68,4,1,44,QCF4_Hafs_44_W,QCF4_Hafs_44_W.ttf,
68,5,1,44,QCF4_Hafs_44_W,QCF4_Hafs_44_W.ttf,
68,6,1,44,QCF4_Hafs_44_W,QCF4_Hafs_44_W.ttf,
68,7,1,44,QCF4_Hafs_44_W,QCF4_Hafs_44_W.ttf,
68,8,1,44,QCF4_Hafs_44_W,QCF4_Hafs_44_W.ttf,
68,9,1,44,QCF4_Hafs_44_W,QCF4_Hafs_44_W.ttf,
68,10,1,44,QCF4_Hafs_44_W,QCF4_Hafs_44_W.ttf,
68,11,1,44,QCF4_Hafs_44_W,QCF4_Hafs_44_W.ttf,
68,12,1,44,QCF4_Hafs_44_W,QCF4_Hafs_44_W.ttf,
68,13,1,44,QCF4_Hafs_44_W,QCF4_Hafs_44_W.ttf,
68,14,1,44,QCF4_Hafs_44_W,QCF4_Hafs_44_W.ttf,
68,15,1,44,QCF4_Hafs_44_W,QCF4_Hafs_44_W.ttf,
68,16,1,44,QCF4_Hafs_44_W,QCF4_Hafs_44_W.ttf,
68,17,1,44,QCF4_Hafs_44_W,QCF4_Hafs_44_W.ttf,
68,18,1,44,QCF4_Hafs_44_W,QCF4_Hafs_44_W.ttf,
68,19,1,44,QCF4_Hafs_44_W,QCF4_Hafs_44_W.ttf,
68,20,1,44,QCF4_Hafs_44_W,QCF4_Hafs_44_W.ttf,
68,21,1,44,QCF4_Hafs_44_W,QCF4_Hafs_44_W.ttf,
68,22,1,44,QCF4_Hafs_44_W,QCF4_Hafs_44_W.ttf,
68,23,1,44,QCF4_Hafs_44_W,QCF4_Hafs_44_W.ttf,
68,24,1,44,QCF4_Hafs_44_W,QCF4_Hafs_44_W.ttf,
68,25,1,44,QCF4_Hafs_44_W,QCF4_Hafs_44_W.ttf,
68,26,1,44,QCF4_Hafs_44_W,QCF4_Hafs_44_W.ttf,
68,27,1,44,QCF4_Hafs_44_W,QCF4_Hafs_44_W.ttf,
68,28,1,44,QCF4_Hafs_44_W,QCF4_Hafs_44_W.ttf,
68,29,1,44,QCF4_Hafs_44_W,QCF4_Hafs_44_W.ttf,
68,30,1,44,QCF4_Hafs_44_W,QCF4_Hafs_44_W.ttf,
68,31,1,44,QCF4_Hafs_44_W,QCF4_Hafs_44_W.ttf,
68,32,1,44,QCF4_Hafs_44_W,QCF4_Hafs_44_W.ttf,
68,33,1,44,QCF4_Hafs_44_W,QCF4_Hafs_44_W.ttf,
68,34,1,44,QCF4_Hafs_44_W,QCF4_Hafs_44_W.ttf,
68,35,1,44,QCF4_Hafs_44_W,QCF4_Hafs_44_W.ttf,
68,36,1,44,QCF4_Hafs_44_W,QCF4_Hafs_44_W.ttf,
68,37,1,44,QCF4_Hafs_44_W,QCF4_Hafs_44_W.ttf,
68,38,1,44,QCF4_Hafs_44_W,QCF4_Hafs_44_W.ttf,
68,39,1,44,QCF4_Hafs_44_W,QCF4_Hafs_44_W.ttf,
68,40,1,44,QCF4_Hafs_44_W,QCF4_Hafs_44_W.ttf,
68,41,1,44,QCF4_Hafs_44_W,QCF4_Hafs_44_W.ttf,
68,42,1,44,QCF4_Hafs_44_W,QCF4_Hafs_44_W.ttf,
68,43,1,44,QCF4_Hafs_44_W,QCF4_Hafs_44_W.ttf,
68,44,1,44,QCF4_Hafs_44_W,QCF4_Hafs_44_W.ttf,
68,45,1,44,QCF4_Hafs_44_W,QCF4_Hafs_44_W.ttf,
68,46,1,44,QCF4_Hafs_44_W,QCF4_Hafs_44_W.ttf,
68,47,1,44,QCF4_Hafs_44_W,QCF4_Hafs_44_W.ttf,
68,48,1,44,QCF4_Hafs_44_W,QCF4_Hafs_44_W.ttf,
68,49,1,44,QCF4_Hafs_44_W,QCF4_Hafs_44_W.ttf,
68,50,1,44,QCF4_Hafs_44_W,QCF4_Hafs_44_W.ttf,
68,51,1,44,QCF4_Hafs_44_W,QCF4_Hafs_44_W.ttf,
68,52,1,44,QCF4_Hafs_44_W,QCF4_Hafs_44_W.ttf,
69,1,1,44,QCF4_Hafs_44_W,QCF4_Hafs_44_W.ttf,
69,2,1,44,QCF4_Hafs_44_W,QCF4_Hafs_44_W.ttf,
69,3,1,44,QCF4_Hafs_44_W,QCF4_Hafs_44_W.ttf,
69,4,1,44,QCF4_Hafs_44_W,QCF4_Hafs_44_W.ttf,
69,5,1,44,QCF4_Hafs_44_W,QCF4_Hafs_44_W.ttf,
69,6,1,44,QCF4_Hafs_44_W,QCF4_Hafs_44_W.ttf,
69,7,1,44,QCF4_Hafs_44_W,QCF4_Hafs_44_W.ttf,
69,8,1,44,QCF4_Hafs_44_W,QCF4_Hafs_44_W.ttf,
69,9,1,44,QCF4_Hafs_44_W,QCF4_Hafs_44_W.ttf,
69,10,1,44,QCF4_Hafs_44_W,QCF4_Hafs_44_W.ttf,
69,11,1,44,QCF4_Hafs_44_W,QCF4_Hafs_44_W.ttf,
69,12,1,44,QCF4_Hafs_44_W,QCF4_Hafs_44_W.ttf,
69,13,1,44,QCF4_Hafs_44_W,QCF4_Hafs_44_W.ttf,
69,14,1,44,QCF4_Hafs_44_W,QCF4_Hafs_44_W.ttf,
69,15,1,44,QCF4_Hafs_44_W,QCF4_Hafs_44_W.ttf,
69,16,1,44,QCF4_Hafs_44_W,QCF4_Hafs_44_W.ttf,
69,17,1,44,QCF4_Hafs_44_W,QCF4_Hafs_44_W.ttf,
69,18,1,44,QCF4_Hafs_44_W,QCF4_Hafs_44_W.ttf,
69,19,1,44,QCF4_Hafs_44_W,QCF4_Hafs_44_W.ttf,
69,20,1,44,QCF4_Hafs_44_W,QCF4_Hafs_44_W.ttf,
69,21,1,44,QCF4_Hafs_44_W,QCF4_Hafs_44_W.ttf,
69,22,1,44,QCF4_Hafs_44_W,QCF4_Hafs_44_W.ttf,
69,23,1,44,QCF4_Hafs_44_W,QCF4_Hafs_44_W.ttf,
69,24,1,44,QCF4_Hafs_44_W,QCF4_Hafs_44_W.ttf,
69,25,1,44,QCF4_Hafs_44_W,QCF4_Hafs_44_W.ttf,
69,26,1,44,QCF4_Hafs_44_W,QCF4_Hafs_44_W.ttf,
69,27,1,44,QCF4_Hafs_44_W,QCF4_Hafs_44_W.ttf,
69,28,1,44,QCF4_Hafs_44_W,QCF4_Hafs_44_W.ttf,
69,29,1,44,QCF4_Hafs_44_W,QCF4_Hafs_44_W.ttf,
69,30,1,44,QCF4_Hafs_44_W,QCF4_Hafs_44_W.ttf,
69,31,1,44,QCF4_Hafs_44_W,QCF4_Hafs_44_W.ttf,
69,32,1,44,QCF4_Hafs_44_W,QCF4_Hafs_44_W.ttf,
69,33,1,44,QCF4_Hafs_44_W,QCF4_Hafs_44_W.ttf,
69,34,1,44,QCF4_Hafs_44_W,QCF4_Hafs_44_W.ttf,
69,35,1,44,QCF4_Hafs_44_W,QCF4_Hafs_44_W.ttf,
69,36,1,44,QCF4_Hafs_44_W,QCF4_Hafs_44_W.ttf,
69,37,1,44,QCF4_Hafs_44_W,QCF4_Hafs_44_W.ttf,
69,38,1,44,QCF4_Hafs_44_W,QCF4_Hafs_44_W.ttf,
69,39,1,44,QCF4_Hafs_44_W,QCF4_Hafs_44_W.ttf,
69,40,1,44,QCF4_Hafs_44_W,QCF4_Hafs_44_W.ttf,
69,41,1,44,QCF4_Hafs_44_W,QCF4_Hafs_44_W.ttf,
69,42,1,44,QCF4_Hafs_44_W,QCF4_Hafs_44_W.ttf,
69,43,1,44,QCF4_Hafs_44_W,QCF4_Hafs_44_W.ttf,
69,44,1,44,QCF4_Hafs_44_W,QCF4_Hafs_44_W.ttf,
69,45,1,44,QCF4_Hafs_44_W,QCF4_Hafs_44_W.ttf,
69,46,1,44,QCF4_Hafs_44_W,QCF4_Hafs_44_W.ttf,
69,47,1,44,QCF4_Hafs_44_W,QCF4_Hafs_44_W.ttf,
69,48,1,44,QCF4_Hafs_44_W,QCF4_Hafs_44_W.ttf,
69,49,1,44,QCF4_Hafs_44_W,QCF4_Hafs_44_W.ttf,
69,50,1,44,QCF4_Hafs_44_W,QCF4_Hafs_44_W.ttf,
69,51,1,44,QCF4_Hafs_44_W,QCF4_Hafs_44_W.ttf,
69,52,1,44,QCF4_Hafs_44_W,QCF4_Hafs_44_W.ttf,
70,1,1,44,QCF4_Hafs_44_W,QCF4_Hafs_44_W.ttf,
70,2,1,44,QCF4_Hafs_44_W,QCF4_Hafs_44_W.ttf,
70,3,1,44,QCF4_Hafs_44_W,QCF4_Hafs_44_W.ttf,
70,4,1,44,QCF4_Hafs_44_W,QCF4_Hafs_44_W.ttf,
70,5,1,44,QCF4_Hafs_44_W,QCF4_Hafs_44_W.ttf,
70,6,1,44,QCF4_Hafs_44_W,QCF4_Hafs_44_W.ttf,
70,7,1,44,QCF4_Hafs_44_W,QCF4_Hafs_44_W.ttf,
70,8,1,44,QCF4_Hafs_44_W,QCF4_Hafs_44_W.ttf,
70,9,1,44,QCF4_Hafs_44_W,QCF4_Hafs_44_W.ttf,
70,10,1,44,QCF4_Hafs_44_W,QCF4_Hafs_44_W.ttf,
70,11,1,44,QCF4_Hafs_44_W,QCF4_Hafs_44_W.ttf,
70,12,1,44,QCF4_Hafs_44_W,QCF4_Hafs_44_W.ttf,
70,13,1,44,QCF4_Hafs_44_W,QCF4_Hafs_44_W.ttf,
70,14,1,44,QCF4_Hafs_44_W,QCF4_Hafs_44_W.ttf,
70,15,1,44,QCF4_Hafs_44_W,QCF4_Hafs_44_W.ttf,
70,16,1,44,QCF4_Hafs_44_W,QCF4_Hafs_44_W.ttf,
70,17,1,44,QCF4_Hafs_44_W,QCF4_Hafs_44_W.ttf,
70,18,1,44,QCF4_Hafs_44_W,QCF4_Hafs_44_W.ttf,
70,19,1,44,QCF4_Hafs_44_W,QCF4_Hafs_44_W.ttf,
70,20,1,44,QCF4_Hafs_44_W,QCF4_Hafs_44_W.ttf,
70,21,1,44,QCF4_Hafs_44_W,QCF4_Hafs_44_W.ttf,
70,22,1,44,QCF4_Hafs_44_W,QCF4_Hafs_44_W.ttf,
70,23,1,44,QCF4_Hafs_44_W,QCF4_Hafs_44_W.ttf,
70,24,1,44,QCF4_Hafs_44_W,QCF4_Hafs_44_W.ttf,
70,25,1,44,QCF4_Hafs_44_W,QCF4_Hafs_44_W.ttf,
70,26,1,44,QCF4_Hafs_44_W,QCF4_Hafs_44_W.ttf,
70,27,1,44,QCF4_Hafs_44_W,QCF4_Hafs_44_W.ttf,
70,28,1,44,QCF4_Hafs_44_W,QCF4_Hafs_44_W.ttf,
70,29,1,44,QCF4_Hafs_44_W,QCF4_Hafs_44_W.ttf,
70,30,1,44,QCF4_Hafs_44_W,QCF4_Hafs_44_W.ttf,
70,31,1,44,QCF4_Hafs_44_W,QCF4_Hafs_44_W.ttf,
70,32,1,44,QCF4_Hafs_44_W,QCF4_Hafs_44_W.ttf,
70,33,1,44,QCF4_Hafs_44_W,QCF4_Hafs_44_W.ttf,
70,34,1,44,QCF4_Hafs_44_W,QCF4_Hafs_44_W.ttf,
70,35,1,44,QCF4_Hafs_44_W,QCF4_Hafs_44_W.ttf,
70,36,1,44,QCF4_Hafs_44_W,QCF4_Hafs_44_W.ttf,
70,37,1,44,QCF4_Hafs_44_W,QCF4_Hafs_44_W.ttf,
70,38,1,44,QCF4_Hafs_44_W,QCF4_Hafs_44_W.ttf,
70,39,1,44,QCF4_Hafs_44_W,QCF4_Hafs_44_W.ttf,
70,40,1,44,QCF4_Hafs_44_W,QCF4_Hafs_44_W.ttf,
70,41,1,44,QCF4_Hafs_44_W,QCF4_Hafs_44_W.ttf,
70,42,1,44,QCF4_Hafs_44_W,QCF4_Hafs_44_W.ttf,
70,43,1,44,QCF4_Hafs_44_W,QCF4_Hafs_44_W.ttf,
70,44,1,44,QCF4_Hafs_44_W,QCF4_Hafs_44_W.ttf,
71,1,1,44,QCF4_Hafs_44_W,QCF4_Hafs_44_W.ttf,
71,2,1,44,QCF4_Hafs_44_W,QCF4_Hafs_44_W.ttf,
71,3,1,44,QCF4_Hafs_44_W,QCF4_Hafs_44_W.ttf,
71,4,1,44,QCF4_Hafs_44_W,QCF4_Hafs_44_W.ttf,
71,5,1,44,QCF4_Hafs_44_W,QCF4_Hafs_44_W.ttf,
71,6,1,44,QCF4_Hafs_44_W,QCF4_Hafs_44_W.ttf,
71,7,1,44,QCF4_Hafs_44_W,QCF4_Hafs_44_W.ttf,
71,8,1,44,QCF4_Hafs_44_W,QCF4_Hafs_44_W.ttf,
71,9,1,44,QCF4_Hafs_44_W,QCF4_Hafs_44_W.ttf,
71,10,1,44,QCF4_Hafs_44_W,QCF4_Hafs_44_W.ttf,
71,11,1,44,QCF4_Hafs_44_W,QCF4_Hafs_44_W.ttf,
71,12,1,44,QCF4_Hafs_44_W,QCF4_Hafs_44_W.ttf,
71,13,1,44,QCF4_Hafs_44_W,QCF4_Hafs_44_W.ttf,
71,14,1,44,QCF4_Hafs_44_W,QCF4_Hafs_44_W.ttf,
71,15,1,44,QCF4_Hafs_44_W,QCF4_Hafs_44_W.ttf,
71,16,1,44,QCF4_Hafs_44_W,QCF4_Hafs_44_W.ttf,
71,17,1,44,QCF4_Hafs_44_W,QCF4_Hafs_44_W.ttf,
71,18,1,44,QCF4_Hafs_44_W,QCF4_Hafs_44_W.ttf,
71,19,1,44,QCF4_Hafs_44_W,QCF4_Hafs_44_W.ttf,
71,20,1,44,QCF4_Hafs_44_W,QCF4_Hafs_44_W.ttf,
71,21,1,44,QCF4_Hafs_44_W,QCF4_Hafs_44_W.ttf,
71,22,1,44,QCF4_Hafs_44_W,QCF4_Hafs_44_W.ttf,
71,23,1,44,QCF4_Hafs_44_W,QCF4_Hafs_44_W.ttf,
71,24,1,44,QCF4_Hafs_44_W,QCF4_Hafs_44_W.ttf,
71,25,1,44,QCF4_Hafs_44_W,QCF4_Hafs_44_W.ttf,
71,26,1,44,QCF4_Hafs_44_W,QCF4_Hafs_44_W.ttf,
71,27,1,44,QCF4_Hafs_44_W,QCF4_Hafs_44_W.ttf,
71,28,1,44,QCF4_Hafs_44_W,QCF4_Hafs_44_W.ttf,
72,1,1,44,QCF4_Hafs_44_W,QCF4_Hafs_44_W.ttf,
72,2,1,44,QCF4_Hafs_44_W,QCF4_Hafs_44_W.ttf,
72,3,1,44,QCF4_Hafs_44_W,QCF4_Hafs_44_W.ttf,
72,4,1,44,QCF4_Hafs_44_W,QCF4_Hafs_44_W.ttf,
72,5,1,44,QCF4_Hafs_44_W,QCF4_Hafs_44_W.ttf,
72,6,1,44,QCF4_Hafs_44_W,QCF4_Hafs_44_W.ttf,
72,7,1,44,QCF4_Hafs_44_W,QCF4_Hafs_44_W.ttf,
72,8,1,44,QCF4_Hafs_44_W,QCF4_Hafs_44_W.ttf,
72,9,1,44,QCF4_Hafs_44_W,QCF4_Hafs_44_W.ttf,
72,10,1,44,QCF4_Hafs_44_W,QCF4_Hafs_44_W.ttf,
72,11,1,44,QCF4_Hafs_44_W,QCF4_Hafs_44_W.ttf,
72,12,1,44,QCF4_Hafs_44_W,QCF4_Hafs_44_W.ttf,
72,13,1,44,QCF4_Hafs_44_W,QCF4_Hafs_44_W.ttf,
72,14,1,45,QCF4_Hafs_45_W,QCF4_Hafs_45_W.ttf,
72,15,1,45,QCF4_Hafs_45_W,QCF4_Hafs_45_W.ttf,
72,16,1,45,QCF4_Hafs_45_W,QCF4_Hafs_45_W.ttf,
72,17,1,45,QCF4_Hafs_45_W,QCF4_Hafs_45_W.ttf,
72,18,1,45,QCF4_Hafs_45_W,QCF4_Hafs_45_W.ttf,
72,19,1,45,QCF4_Hafs_45_W,QCF4_Hafs_45_W.ttf,
72,20,1,45,QCF4_Hafs_45_W,QCF4_Hafs_45_W.ttf,
72,21,1,45,QCF4_Hafs_45_W,QCF4_Hafs_45_W.ttf,
72,22,1,45,QCF4_Hafs_45_W,QCF4_Hafs_45_W.ttf,
72,23,1,45,QCF4_Hafs_45_W,QCF4_Hafs_45_W.ttf,
72,24,1,45,QCF4_Hafs_45_W,QCF4_Hafs_45_W.ttf,
72,25,1,45,QCF4_Hafs_45_W,QCF4_Hafs_45_W.ttf,
72,26,1,45,QCF4_Hafs_45_W,QCF4_Hafs_45_W.ttf,
72,27,1,45,QCF4_Hafs_45_W,QCF4_Hafs_45_W.ttf,
72,28,1,45,QCF4_Hafs_45_W,QCF4_Hafs_45_W.ttf,
73,1,1,45,QCF4_Hafs_45_W,QCF4_Hafs_45_W.ttf,
73,2,1,45,QCF4_Hafs_45_W,QCF4_Hafs_45_W.ttf,
73,3,1,45,QCF4_Hafs_45_W,QCF4_Hafs_45_W.ttf,
73,4,1,45,QCF4_Hafs_45_W,QCF4_Hafs_45_W.ttf,
73,5,1,45,QCF4_Hafs_45_W,QCF4_Hafs_45_W.ttf,
73,6,1,45,QCF4_Hafs_45_W,QCF4_Hafs_45_W.ttf,
73,7,1,45,QCF4_Hafs_45_W,QCF4_Hafs_45_W.ttf,
73,8,1,45,QCF4_Hafs_45_W,QCF4_Hafs_45_W.ttf,
73,9,1,45,QCF4_Hafs_45_W,QCF4_Hafs_45_W.ttf,
73,10,1,45,QCF4_Hafs_45_W,QCF4_Hafs_45_W.ttf,
73,11,1,45,QCF4_Hafs_45_W,QCF4_Hafs_45_W.ttf,
73,12,1,45,QCF4_Hafs_45_W,QCF4_Hafs_45_W.ttf,
73,13,1,45,QCF4_Hafs_45_W,QCF4_Hafs_45_W.ttf,
73,14,1,45,QCF4_Hafs_45_W,QCF4_Hafs_45_W.ttf,
73,15,1,45,QCF4_Hafs_45_W,QCF4_Hafs_45_W.ttf,
73,16,1,45,QCF4_Hafs_45_W,QCF4_Hafs_45_W.ttf,
73,17,1,45,QCF4_Hafs_45_W,QCF4_Hafs_45_W.ttf,
73,18,1,45,QCF4_Hafs_45_W,QCF4_Hafs_45_W.ttf,
73,19,1,45,QCF4_Hafs_45_W,QCF4_Hafs_45_W.ttf,
73,20,1,45,QCF4_Hafs_45_W,QCF4_Hafs_45_W.ttf,
74,1,1,45,QCF4_Hafs_45_W,QCF4_Hafs_45_W.ttf,
74,2,1,45,QCF4_Hafs_45_W,QCF4_Hafs_45_W.ttf,
74,3,1,45,QCF4_Hafs_45_W,QCF4_Hafs_45_W.ttf,
74,4,1,45,QCF4_Hafs_45_W,QCF4_Hafs_45_W.ttf,
74,5,1,45,QCF4_Hafs_45_W,QCF4_Hafs_45_W.ttf,
74,6,1,45,QCF4_Hafs_45_W,QCF4_Hafs_45_W.ttf,
74,7,1,45,QCF4_Hafs_45_W,QCF4_Hafs_45_W.ttf,
74,8,1,45,QCF4_Hafs_45_W,QCF4_Hafs_45_W.ttf,
74,9,1,45,QCF4_Hafs_45_W,QCF4_Hafs_45_W.ttf,
74,10,1,45,QCF4_Hafs_45_W,QCF4_Hafs_45_W.ttf,
74,11,1,45,QCF4_Hafs_45_W,QCF4_Hafs_45_W.ttf,
74,12,1,45,QCF4_Hafs_45_W,QCF4_Hafs_45_W.ttf,
74,13,1,45,QCF4_Hafs_45_W,QCF4_Hafs_45_W.ttf,
74,14,1,45,QCF4_Hafs_45_W,QCF4_Hafs_45_W.ttf,
74,15,1,45,QCF4_Hafs_45_W,QCF4_Hafs_45_W.ttf,
74,16,1,45,QCF4_Hafs_45_W,QCF4_Hafs_45_W.ttf,
74,17,1,45,QCF4_Hafs_45_W,QCF4_Hafs_45_W.ttf,
74,18,1,45,QCF4_Hafs_45_W,QCF4_Hafs_45_W.ttf,
74,19,1,45,QCF4_Hafs_45_W,QCF4_Hafs_45_W.ttf,
74,20,1,45,QCF4_Hafs_45_W,QCF4_Hafs_45_W.ttf,
74,21,1,45,QCF4_Hafs_45_W,QCF4_Hafs_45_W.ttf,
74,22,1,45,QCF4_Hafs_45_W,QCF4_Hafs_45_W.ttf,
74,23,1,45,QCF4_Hafs_45_W,QCF4_Hafs_45_W.ttf,
74,24,1,45,QCF4_Hafs_45_W,QCF4_Hafs_45_W.ttf,
74,25,1,45,QCF4_Hafs_45_W,QCF4_Hafs_45_W.ttf,
74,26,1,45,QCF4_Hafs_45_W,QCF4_Hafs_45_W.ttf,
74,27,1,45,QCF4_Hafs_45_W,QCF4_Hafs_45_W.ttf,
74,28,1,45,QCF4_Hafs_45_W,QCF4_Hafs_45_W.ttf,
74,29,1,45,QCF4_Hafs_45_W,QCF4_Hafs_45_W.ttf,
74,30,1,45,QCF4_Hafs_45_W,QCF4_Hafs_45_W.ttf,
74,31,1,45,QCF4_Hafs_45_W,QCF4_Hafs_45_W.ttf,
74,32,1,45,QCF4_Hafs_45_W,QCF4_Hafs_45_W.ttf,
74,33,1,45,QCF4_Hafs_45_W,QCF4_Hafs_45_W.ttf,
74,34,1,45,QCF4_Hafs_45_W,QCF4_Hafs_45_W.ttf,
74,35,1,45,QCF4_Hafs_45_W,QCF4_Hafs_45_W.ttf,
74,36,1,45,QCF4_Hafs_45_W,QCF4_Hafs_45_W.ttf,
74,37,1,45,QCF4_Hafs_45_W,QCF4_Hafs_45_W.ttf,
74,38,1,45,QCF4_Hafs_45_W,QCF4_Hafs_45_W.ttf,
74,39,1,45,QCF4_Hafs_45_W,QCF4_Hafs_45_W.ttf,
74,40,1,45,QCF4_Hafs_45_W,QCF4_Hafs_45_W.ttf,
74,41,1,45,QCF4_Hafs_45_W,QCF4_Hafs_45_W.ttf,
74,42,1,45,QCF4_Hafs_45_W,QCF4_Hafs_45_W.ttf,
74,43,1,45,QCF4_Hafs_45_W,QCF4_Hafs_45_W.ttf,
74,44,1,45,QCF4_Hafs_45_W,QCF4_Hafs_45_W.ttf,
74,45,1,45,QCF4_Hafs_45_W,QCF4_Hafs_45_W.ttf,
74,46,1,45,QCF4_Hafs_45_W,QCF4_Hafs_45_W.ttf,
74,47,1,45,QCF4_Hafs_45_W,QCF4_Hafs_45_W.ttf,
74,48,1,45,QCF4_Hafs_45_W,QCF4_Hafs_45_W.ttf,
74,49,1,45,QCF4_Hafs_45_W,QCF4_Hafs_45_W.ttf,
74,50,1,45,QCF4_Hafs_45_W,QCF4_Hafs_45_W.ttf,
74,51,1,45,QCF4_Hafs_45_W,QCF4_Hafs_45_W.ttf,
74,52,1,45,QCF4_Hafs_45_W,QCF4_Hafs_45_W.ttf,
74,53,1,45,QCF4_Hafs_45_W,QCF4_Hafs_45_W.ttf,
74,54,1,45,QCF4_Hafs_45_W,QCF4_Hafs_45_W.ttf,
74,55,1,45,QCF4_Hafs_45_W,QCF4_Hafs_45_W.ttf,
74,56,1,45,QCF4_Hafs_45_W,QCF4_Hafs_45_W.ttf,
75,1,1,45,QCF4_Hafs_45_W,QCF4_Hafs_45_W.ttf,
75,2,1,45,QCF4_Hafs_45_W,QCF4_Hafs_45_W.ttf,
75,3,1,45,QCF4_Hafs_45_W,QCF4_Hafs_45_W.ttf,
75,4,1,45,QCF4_Hafs_45_W,QCF4_Hafs_45_W.ttf,
75,5,1,45,QCF4_Hafs_45_W,QCF4_Hafs_45_W.ttf,
75,6,1,45,QCF4_Hafs_45_W,QCF4_Hafs_45_W.ttf,
75,7,1,45,QCF4_Hafs_45_W,QCF4_Hafs_45_W.ttf,
75,8,1,45,QCF4_Hafs_45_W,QCF4_Hafs_45_W.ttf,
75,9,1,45,QCF4_Hafs_45_W,QCF4_Hafs_45_W.ttf,
75,10,1,45,QCF4_Hafs_45_W,QCF4_Hafs_45_W.ttf,
75,11,1,45,QCF4_Hafs_45_W,QCF4_Hafs_45_W.ttf,
75,12,1,45,QCF4_Hafs_45_W,QCF4_Hafs_45_W.ttf,
75,13,1,45,QCF4_Hafs_45_W,QCF4_Hafs_45_W.ttf,
75,14,1,45,QCF4_Hafs_45_W,QCF4_Hafs_45_W.ttf,
75,15,1,45,QCF4_Hafs_45_W,QCF4_Hafs_45_W.ttf,
75,16,1,45,QCF4_Hafs_45_W,QCF4_Hafs_45_W.ttf,
75,17,1,45,QCF4_Hafs_45_W,QCF4_Hafs_45_W.ttf,
75,18,1,45,QCF4_Hafs_45_W,QCF4_Hafs_45_W.ttf,
75,19,1,45,QCF4_Hafs_45_W,QCF4_Hafs_45_W.ttf,
75,20,1,45,QCF4_Hafs_45_W,QCF4_Hafs_45_W.ttf,
75,21,1,45,QCF4_Hafs_45_W,QCF4_Hafs_45_W.ttf,
75,22,1,45,QCF4_Hafs_45_W,QCF4_Hafs_45_W.ttf,
75,23,1,45,QCF4_Hafs_45_W,QCF4_Hafs_45_W.ttf,
75,24,1,45,QCF4_Hafs_45_W,QCF4_Hafs_45_W.ttf,
75,25,1,45,QCF4_Hafs_45_W,QCF4_Hafs_45_W.ttf,
75,26,1,45,QCF4_Hafs_45_W,QCF4_Hafs_45_W.ttf,
75,27,1,45,QCF4_Hafs_45_W,QCF4_Hafs_45_W.ttf,
75,28,1,45,QCF4_Hafs_45_W,QCF4_Hafs_45_W.ttf,
75,29,1,45,QCF4_Hafs_45_W,QCF4_Hafs_45_W.ttf,
75,30,1,45,QCF4_Hafs_45_W,QCF4_Hafs_45_W.ttf,
75,31,1,45,QCF4_Hafs_45_W,QCF4_Hafs_45_W.ttf,
75,32,1,45,QCF4_Hafs_45_W,QCF4_Hafs_45_W.ttf,
75,33,1,45,QCF4_Hafs_45_W,QCF4_Hafs_45_W.ttf,
75,34,1,45,QCF4_Hafs_45_W,QCF4_Hafs_45_W.ttf,
75,35,1,45,QCF4_Hafs_45_W,QCF4_Hafs_45_W.ttf,
75,36,1,45,QCF4_Hafs_45_W,QCF4_Hafs_45_W.ttf,
75,37,1,45,QCF4_Hafs_45_W,QCF4_Hafs_45_W.ttf,
75,38,1,45,QCF4_Hafs_45_W,QCF4_Hafs_45_W.ttf,
75,39,1,45,QCF4_Hafs_45_W,QCF4_Hafs_45_W.ttf,
75,40,1,45,QCF4_Hafs_45_W,QCF4_Hafs_45_W.ttf,
76,1,1,45,QCF4_Hafs_45_W,QCF4_Hafs_45_W.ttf,
76,2,1,45,QCF4_Hafs_45_W,QCF4_Hafs_45_W.ttf,
76,3,1,45,QCF4_Hafs_45_W,QCF4_Hafs_45_W.ttf,
76,4,1,45,QCF4_Hafs_45_W,QCF4_Hafs_45_W.ttf,
76,5,1,45,QCF4_Hafs_45_W,QCF4_Hafs_45_W.ttf,
76,6,1,45,QCF4_Hafs_45_W,QCF4_Hafs_45_W.ttf,
76,7,1,45,QCF4_Hafs_45_W,QCF4_Hafs_45_W.ttf,
76,8,1,45,QCF4_Hafs_45_W,QCF4_Hafs_45_W.ttf,
76,9,1,45,QCF4_Hafs_45_W,QCF4_Hafs_45_W.ttf,
76,10,1,45,QCF4_Hafs_45_W,QCF4_Hafs_45_W.ttf,
76,11,1,45,QCF4_Hafs_45_W,QCF4_Hafs_45_W.ttf,
76,12,1,45,QCF4_Hafs_45_W,QCF4_Hafs_45_W.ttf,
76,13,1,45,QCF4_Hafs_45_W,QCF4_Hafs_45_W.ttf,
76,14,1,45,QCF4_Hafs_45_W,QCF4_Hafs_45_W.ttf,
76,15,1,45,QCF4_Hafs_45_W,QCF4_Hafs_45_W.ttf,
76,16,1,45,QCF4_Hafs_45_W,QCF4_Hafs_45_W.ttf,
76,17,1,45,QCF4_Hafs_45_W,QCF4_Hafs_45_W.ttf,
76,18,1,45,QCF4_Hafs_45_W,QCF4_Hafs_45_W.ttf,
76,19,1,45,QCF4_Hafs_45_W,QCF4_Hafs_45_W.ttf,
76,20,1,45,QCF4_Hafs_45_W,QCF4_Hafs_45_W.ttf,
76,21,1,45,QCF4_Hafs_45_W,QCF4_Hafs_45_W.ttf,
76,22,1,45,QCF4_Hafs_45_W,QCF4_Hafs_45_W.ttf,
76,23,1,45,QCF4_Hafs_45_W,QCF4_Hafs_45_W.ttf,
76,24,1,45,QCF4_Hafs_45_W,QCF4_Hafs_45_W.ttf,
76,25,1,45,QCF4_Hafs_45_W,QCF4_Hafs_45_W.ttf,
76,26,1,45,QCF4_Hafs_45_W,QCF4_Hafs_45_W.ttf,
76,27,1,45,QCF4_Hafs_45_W,QCF4_Hafs_45_W.ttf,
76,28,1,45,QCF4_Hafs_45_W,QCF4_Hafs_45_W.ttf,
76,29,1,45,QCF4_Hafs_45_W,QCF4_Hafs_45_W.ttf,
76,30,1,45,QCF4_Hafs_45_W,QCF4_Hafs_45_W.ttf,
76,31,1,45,QCF4_Hafs_45_W,QCF4_Hafs_45_W.ttf,
77,1,1,45,QCF4_Hafs_45_W,QCF4_Hafs_45_W.ttf,
77,2,1,45,QCF4_Hafs_45_W,QCF4_Hafs_45_W.ttf,
77,3,1,45,QCF4_Hafs_45_W,QCF4_Hafs_45_W.ttf,
77,4,1,45,QCF4_Hafs_45_W,QCF4_Hafs_45_W.ttf,
77,5,1,45,QCF4_Hafs_45_W,QCF4_Hafs_45_W.ttf,
77,6,1,45,QCF4_Hafs_45_W,QCF4_Hafs_45_W.ttf,
77,7,1,45,QCF4_Hafs_45_W,QCF4_Hafs_45_W.ttf,
77,8,1,45,QCF4_Hafs_45_W,QCF4_Hafs_45_W.ttf,
77,9,1,45,QCF4_Hafs_45_W,QCF4_Hafs_45_W.ttf,
77,10,1,45,QCF4_Hafs_45_W,QCF4_Hafs_45_W.ttf,
77,11,1,45,QCF4_Hafs_45_W,QCF4_Hafs_45_W.ttf,
77,12,1,45,QCF4_Hafs_45_W,QCF4_Hafs_45_W.ttf,
77,13,1,45,QCF4_Hafs_45_W,QCF4_Hafs_45_W.ttf,
77,14,1,45,QCF4_Hafs_45_W,QCF4_Hafs_45_W.ttf,
77,15,1,45,QCF4_Hafs_45_W,QCF4_Hafs_45_W.ttf,
77,16,1,45,QCF4_Hafs_45_W,QCF4_Hafs_45_W.ttf,
77,17,1,45,QCF4_Hafs_45_W,QCF4_Hafs_45_W.ttf,
77,18,1,45,QCF4_Hafs_45_W,QCF4_Hafs_45_W.ttf,
77,19,1,45,QCF4_Hafs_45_W,QCF4_Hafs_45_W.ttf,
77,20,1,45,QCF4_Hafs_45_W,QCF4_Hafs_45_W.ttf,
77,21,1,45,QCF4_Hafs_45_W,QCF4_Hafs_45_W.ttf,
77,22,1,45,QCF4_Hafs_45_W,QCF4_Hafs_45_W.ttf,
77,23,1,45,QCF4_Hafs_45_W,QCF4_Hafs_45_W.ttf,
77,24,1,45,QCF4_Hafs_45_W,QCF4_Hafs_45_W.ttf,
77,25,1,45,QCF4_Hafs_45_W,QCF4_Hafs_45_W.ttf,
77,26,1,45,QCF4_Hafs_45_W,QCF4_Hafs_45_W.ttf,
77,27,1,45,QCF4_Hafs_45_W,QCF4_Hafs_45_W.ttf,
77,28,1,45,QCF4_Hafs_45_W,QCF4_Hafs_45_W.ttf,
77,29,1,45,QCF4_Hafs_45_W,QCF4_Hafs_45_W.ttf,
77,30,1,45,QCF4_Hafs_45_W,QCF4_Hafs_45_W.ttf,
77,31,1,45,QCF4_Hafs_45_W,QCF4_Hafs_45_W.ttf,
77,32,1,45,QCF4_Hafs_45_W,QCF4_Hafs_45_W.ttf,
77,33,1,45,QCF4_Hafs_45_W,QCF4_Hafs_45_W.ttf,
77,34,1,45,QCF4_Hafs_45_W,QCF4_Hafs_45_W.ttf,
77,35,1,45,QCF4_Hafs_45_W,QCF4_Hafs_45_W.ttf,
77,36,1,45,QCF4_Hafs_45_W,QCF4_Hafs_45_W.ttf,
77,37,1,45,QCF4_Hafs_45_W,QCF4_Hafs_45_W.ttf,
77,38,1,45,QCF4_Hafs_45_W,QCF4_Hafs_45_W.ttf,
77,39,1,45,QCF4_Hafs_45_W,QCF4_Hafs_45_W.ttf,
77,40,1,45,QCF4_Hafs_45_W,QCF4_Hafs_45_W.ttf,
77,41,1,45,QCF4_Hafs_45_W,QCF4_Hafs_45_W.ttf,
77,42,1,45,QCF4_Hafs_45_W,QCF4_Hafs_45_W.ttf,
77,43,1,45,QCF4_Hafs_45_W,QCF4_Hafs_45_W.ttf,
77,44,1,45,QCF4_Hafs_45_W,QCF4_Hafs_45_W.ttf,
77,45,1,45,QCF4_Hafs_45_W,QCF4_Hafs_45_W.ttf,
77,46,1,45,QCF4_Hafs_45_W,QCF4_Hafs_45_W.ttf,
77,47,1,45,QCF4_Hafs_45_W,QCF4_Hafs_45_W.ttf,
77,48,1,45,QCF4_Hafs_45_W,QCF4_Hafs_45_W.ttf,
77,49,1,45,QCF4_Hafs_45_W,QCF4_Hafs_45_W.ttf,
77,50,1,45,QCF4_Hafs_45_W,QCF4_Hafs_45_W.ttf,
78,1,1,45,QCF4_Hafs_45_W,QCF4_Hafs_45_W.ttf,
78,2,1,45,QCF4_Hafs_45_W,QCF4_Hafs_45_W.ttf,
78,3,1,45,QCF4_Hafs_45_W,QCF4_Hafs_45_W.ttf,
78,4,1,45,QCF4_Hafs_45_W,QCF4_Hafs_45_W.ttf,
78,5,1,45,QCF4_Hafs_45_W,QCF4_Hafs_45_W.ttf,
78,6,1,45,QCF4_Hafs_45_W,QCF4_Hafs_45_W.ttf,
78,7,1,45,QCF4_Hafs_45_W,QCF4_Hafs_45_W.ttf,
78,8,1,45,QCF4_Hafs_45_W,QCF4_Hafs_45_W.ttf,
78,9,1,45,QCF4_Hafs_45_W,QCF4_Hafs_45_W.ttf,
78,10,1,45,QCF4_Hafs_45_W,QCF4_Hafs_45_W.ttf,
78,11,1,45,QCF4_Hafs_45_W,QCF4_Hafs_45_W.ttf,
78,12,1,45,QCF4_Hafs_45_W,QCF4_Hafs_45_W.ttf,
78,13,1,45,QCF4_Hafs_45_W,QCF4_Hafs_45_W.ttf,
78,14,1,45,QCF4_Hafs_45_W,QCF4_Hafs_45_W.ttf,
78,15,1,45,QCF4_Hafs_45_W,QCF4_Hafs_45_W.ttf,
78,16,1,45,QCF4_Hafs_45_W,QCF4_Hafs_45_W.ttf,
78,17,1,45,QCF4_Hafs_45_W,QCF4_Hafs_45_W.ttf,
78,18,1,45,QCF4_Hafs_45_W,QCF4_Hafs_45_W.ttf,
78,19,1,45,QCF4_Hafs_45_W,QCF4_Hafs_45_W.ttf,
78,20,1,45,QCF4_Hafs_45_W,QCF4_Hafs_45_W.ttf,
78,21,1,45,QCF4_Hafs_45_W,QCF4_Hafs_45_W.ttf,
78,22,1,45,QCF4_Hafs_45_W,QCF4_Hafs_45_W.ttf,
78,23,1,45,QCF4_Hafs_45_W,QCF4_Hafs_45_W.ttf,
78,24,1,45,QCF4_Hafs_45_W,QCF4_Hafs_45_W.ttf,
78,25,1,45,QCF4_Hafs_45_W,QCF4_Hafs_45_W.ttf,
78,26,1,45,QCF4_Hafs_45_W,QCF4_Hafs_45_W.ttf,
78,27,1,45,QCF4_Hafs_45_W,QCF4_Hafs_45_W.ttf,
78,28,1,45,QCF4_Hafs_45_W,QCF4_Hafs_45_W.ttf,
78,29,1,45,QCF4_Hafs_45_W,QCF4_Hafs_45_W.ttf,
78,30,1,45,QCF4_Hafs_45_W,QCF4_Hafs_45_W.ttf,
78,31,1,45,QCF4_Hafs_45_W,QCF4_Hafs_45_W.ttf,
78,32,1,45,QCF4_Hafs_45_W,QCF4_Hafs_45_W.ttf,
78,33,1,45,QCF4_Hafs_45_W,QCF4_Hafs_45_W.ttf,
78,34,1,45,QCF4_Hafs_45_W,QCF4_Hafs_45_W.ttf,
78,35,1,45,QCF4_Hafs_45_W,QCF4_Hafs_45_W.ttf,
78,36,1,45,QCF4_Hafs_45_W,QCF4_Hafs_45_W.ttf,
78,37,1,45,QCF4_Hafs_45_W,QCF4_Hafs_45_W.ttf,
78,38,1,45,QCF4_Hafs_45_W,QCF4_Hafs_45_W.ttf,
78,39,1,45,QCF4_Hafs_45_W,QCF4_Hafs_45_W.ttf,
78,40,1,45,QCF4_Hafs_45_W,QCF4_Hafs_45_W.ttf,
79,1,1,45,QCF4_Hafs_45_W,QCF4_Hafs_45_W.ttf,
79,2,1,45,QCF4_Hafs_45_W,QCF4_Hafs_45_W.ttf,
79,3,1,45,QCF4_Hafs_45_W,QCF4_Hafs_45_W.ttf,
79,4,1,45,QCF4_Hafs_45_W,QCF4_Hafs_45_W.ttf,
79,5,1,45,QCF4_Hafs_45_W,QCF4_Hafs_45_W.ttf,
79,6,1,45,QCF4_Hafs_45_W,QCF4_Hafs_45_W.ttf,
79,7,1,45,QCF4_Hafs_45_W,QCF4_Hafs_45_W.ttf,
79,8,1,45,QCF4_Hafs_45_W,QCF4_Hafs_45_W.ttf,
79,9,1,45,QCF4_Hafs_45_W,QCF4_Hafs_45_W.ttf,
79,10,1,45,QCF4_Hafs_45_W,QCF4_Hafs_45_W.ttf,
79,11,1,45,QCF4_Hafs_45_W,QCF4_Hafs_45_W.ttf,
79,12,1,45,QCF4_Hafs_45_W,QCF4_Hafs_45_W.ttf,
79,13,1,45,QCF4_Hafs_45_W,QCF4_Hafs_45_W.ttf,
79,14,1,45,QCF4_Hafs_45_W,QCF4_Hafs_45_W.ttf,
79,15,1,45,QCF4_Hafs_45_W,QCF4_Hafs_45_W.ttf,
79,16,1,45,QCF4_Hafs_45_W,QCF4_Hafs_45_W.ttf,
79,17,1,45,QCF4_Hafs_45_W,QCF4_Hafs_45_W.ttf,
79,18,1,45,QCF4_Hafs_45_W,QCF4_Hafs_45_W.ttf,
79,19,1,45,QCF4_Hafs_45_W,QCF4_Hafs_45_W.ttf,
79,20,1,45,QCF4_Hafs_45_W,QCF4_Hafs_45_W.ttf,
79,21,1,45,QCF4_Hafs_45_W,QCF4_Hafs_45_W.ttf,
79,22,1,45,QCF4_Hafs_45_W,QCF4_Hafs_45_W.ttf,
79,23,1,45,QCF4_Hafs_45_W,QCF4_Hafs_45_W.ttf,
79,24,1,45,QCF4_Hafs_45_W,QCF4_Hafs_45_W.ttf,
79,25,1,45,QCF4_Hafs_45_W,QCF4_Hafs_45_W.ttf,
79,26,1,45,QCF4_Hafs_45_W,QCF4_Hafs_45_W.ttf,
79,27,1,45,QCF4_Hafs_45_W,QCF4_Hafs_45_W.ttf,
79,28,1,45,QCF4_Hafs_45_W,QCF4_Hafs_45_W.ttf,
79,29,1,45,QCF4_Hafs_45_W,QCF4_Hafs_45_W.ttf,
79,30,1,45,QCF4_Hafs_45_W,QCF4_Hafs_45_W.ttf,
79,31,1,45,QCF4_Hafs_45_W,QCF4_Hafs_45_W.ttf,
79,32,1,45,QCF4_Hafs_45_W,QCF4_Hafs_45_W.ttf,
79,33,1,45,QCF4_Hafs_45_W,QCF4_Hafs_45_W.ttf,
79,34,1,45,QCF4_Hafs_45_W,QCF4_Hafs_45_W.ttf,
79,35,1,45,QCF4_Hafs_45_W,QCF4_Hafs_45_W.ttf,
79,36,1,45,QCF4_Hafs_45_W,QCF4_Hafs_45_W.ttf,
79,37,1,45,QCF4_Hafs_45_W,QCF4_Hafs_45_W.ttf,
79,38,1,45,QCF4_Hafs_45_W,QCF4_Hafs_45_W.ttf,
79,39,1,45,QCF4_Hafs_45_W,QCF4_Hafs_45_W.ttf,
79,40,1,45,QCF4_Hafs_45_W,QCF4_Hafs_45_W.ttf,
79,41,1,45,QCF4_Hafs_45_W,QCF4_Hafs_45_W.ttf,
79,42,1,45,QCF4_Hafs_45_W,QCF4_Hafs_45_W.ttf,
79,43,1,45,QCF4_Hafs_45_W,QCF4_Hafs_45_W.ttf,
79,44,1,45,QCF4_Hafs_45_W,QCF4_Hafs_45_W.ttf,
79,45,1,45,QCF4_Hafs_45_W,QCF4_Hafs_45_W.ttf,
79,46,1,45,QCF4_Hafs_45_W,QCF4_Hafs_45_W.ttf,
80,1,1,46,QCF4_Hafs_46_W,QCF4_Hafs_46_W.ttf,
80,2,1,46,QCF4_Hafs_46_W,QCF4_Hafs_46_W.ttf,
80,3,1,46,QCF4_Hafs_46_W,QCF4_Hafs_46_W.ttf,
80,4,1,46,QCF4_Hafs_46_W,QCF4_Hafs_46_W.ttf,
80,5,1,46,QCF4_Hafs_46_W,QCF4_Hafs_46_W.ttf,
80,6,1,46,QCF4_Hafs_46_W,QCF4_Hafs_46_W.ttf,
80,7,1,46,QCF4_Hafs_46_W,QCF4_Hafs_46_W.ttf,
80,8,1,46,QCF4_Hafs_46_W,QCF4_Hafs_46_W.ttf,
80,9,1,46,QCF4_Hafs_46_W,QCF4_Hafs_46_W.ttf,
80,10,1,46,QCF4_Hafs_46_W,QCF4_Hafs_46_W.ttf,
80,11,1,46,QCF4_Hafs_46_W,QCF4_Hafs_46_W.ttf,
80,12,1,46,QCF4_Hafs_46_W,QCF4_Hafs_46_W.ttf,
80,13,1,46,QCF4_Hafs_46_W,QCF4_Hafs_46_W.ttf,
80,14,1,46,QCF4_Hafs_46_W,QCF4_Hafs_46_W.ttf,
80,15,1,46,QCF4_Hafs_46_W,QCF4_Hafs_46_W.ttf,
80,16,1,46,QCF4_Hafs_46_W,QCF4_Hafs_46_W.ttf,
80,17,1,46,QCF4_Hafs_46_W,QCF4_Hafs_46_W.ttf,
80,18,1,46,QCF4_Hafs_46_W,QCF4_Hafs_46_W.ttf,
80,19,1,46,QCF4_Hafs_46_W,QCF4_Hafs_46_W.ttf,
80,20,1,46,QCF4_Hafs_46_W,QCF4_Hafs_46_W.ttf,
80,21,1,46,QCF4_Hafs_46_W,QCF4_Hafs_46_W.ttf,
80,22,1,46,QCF4_Hafs_46_W,QCF4_Hafs_46_W.ttf,
80,23,1,46,QCF4_Hafs_46_W,QCF4_Hafs_46_W.ttf,
80,24,1,46,QCF4_Hafs_46_W,QCF4_Hafs_46_W.ttf,
80,25,1,46,QCF4_Hafs_46_W,QCF4_Hafs_46_W.ttf,
80,26,1,46,QCF4_Hafs_46_W,QCF4_Hafs_46_W.ttf,
80,27,1,46,QCF4_Hafs_46_W,QCF4_Hafs_46_W.ttf,
80,28,1,46,QCF4_Hafs_46_W,QCF4_Hafs_46_W.ttf,
80,29,1,46,QCF4_Hafs_46_W,QCF4_Hafs_46_W.ttf,
80,30,1,46,QCF4_Hafs_46_W,QCF4_Hafs_46_W.ttf,
80,31,1,46,QCF4_Hafs_46_W,QCF4_Hafs_46_W.ttf,
80,32,1,46,QCF4_Hafs_46_W,QCF4_Hafs_46_W.ttf,
80,33,1,46,QCF4_Hafs_46_W,QCF4_Hafs_46_W.ttf,
80,34,1,46,QCF4_Hafs_46_W,QCF4_Hafs_46_W.ttf,
80,35,1,46,QCF4_Hafs_46_W,QCF4_Hafs_46_W.ttf,
80,36,1,46,QCF4_Hafs_46_W,QCF4_Hafs_46_W.ttf,
80,37,1,46,QCF4_Hafs_46_W,QCF4_Hafs_46_W.ttf,
80,38,1,46,QCF4_Hafs_46_W,QCF4_Hafs_46_W.ttf,
80,39,1,46,QCF4_Hafs_46_W,QCF4_Hafs_46_W.ttf,
80,40,1,46,QCF4_Hafs_46_W,QCF4_Hafs_46_W.ttf,
80,41,1,46,QCF4_Hafs_46_W,QCF4_Hafs_46_W.ttf,
80,42,1,46,QCF4_Hafs_46_W,QCF4_Hafs_46_W.ttf,
81,1,1,46,QCF4_Hafs_46_W,QCF4_Hafs_46_W.ttf,
81,2,1,46,QCF4_Hafs_46_W,QCF4_Hafs_46_W.ttf,
81,3,1,46,QCF4_Hafs_46_W,QCF4_Hafs_46_W.ttf,
81,4,1,46,QCF4_Hafs_46_W,QCF4_Hafs_46_W.ttf,
81,5,1,46,QCF4_Hafs_46_W,QCF4_Hafs_46_W.ttf,
81,6,1,46,QCF4_Hafs_46_W,QCF4_Hafs_46_W.ttf,
81,7,1,46,QCF4_Hafs_46_W,QCF4_Hafs_46_W.ttf,
81,8,1,46,QCF4_Hafs_46_W,QCF4_Hafs_46_W.ttf,
81,9,1,46,QCF4_Hafs_46_W,QCF4_Hafs_46_W.ttf,
81,10,1,46,QCF4_Hafs_46_W,QCF4_Hafs_46_W.ttf,
81,11,1,46,QCF4_Hafs_46_W,QCF4_Hafs_46_W.ttf,
81,12,1,46,QCF4_Hafs_46_W,QCF4_Hafs_46_W.ttf,
81,13,1,46,QCF4_Hafs_46_W,QCF4_Hafs_46_W.ttf,
81,14,1,46,QCF4_Hafs_46_W,QCF4_Hafs_46_W.ttf,
81,15,1,46,QCF4_Hafs_46_W,QCF4_Hafs_46_W.ttf,
81,16,1,46,QCF4_Hafs_46_W,QCF4_Hafs_46_W.ttf,
81,17,1,46,QCF4_Hafs_46_W,QCF4_Hafs_46_W.ttf,
81,18,1,46,QCF4_Hafs_46_W,QCF4_Hafs_46_W.ttf,
81,19,1,46,QCF4_Hafs_46_W,QCF4_Hafs_46_W.ttf,
81,20,1,46,QCF4_Hafs_46_W,QCF4_Hafs_46_W.ttf,
81,21,1,46,QCF4_Hafs_46_W,QCF4_Hafs_46_W.ttf,
81,22,1,46,QCF4_Hafs_46_W,QCF4_Hafs_46_W.ttf,
81,23,1,46,QCF4_Hafs_46_W,QCF4_Hafs_46_W.ttf,
81,24,1,46,QCF4_Hafs_46_W,QCF4_Hafs_46_W.ttf,
81,25,1,46,QCF4_Hafs_46_W,QCF4_Hafs_46_W.ttf,
81,26,1,46,QCF4_Hafs_46_W,QCF4_Hafs_46_W.ttf,
81,27,1,46,QCF4_Hafs_46_W,QCF4_Hafs_46_W.ttf,
81,28,1,46,QCF4_Hafs_46_W,QCF4_Hafs_46_W.ttf,
81,29,1,46,QCF4_Hafs_46_W,QCF4_Hafs_46_W.ttf,
82,1,1,46,QCF4_Hafs_46_W,QCF4_Hafs_46_W.ttf,
82,2,1,46,QCF4_Hafs_46_W,QCF4_Hafs_46_W.ttf,
82,3,1,46,QCF4_Hafs_46_W,QCF4_Hafs_46_W.ttf,
82,4,1,46,QCF4_Hafs_46_W,QCF4_Hafs_46_W.ttf,
82,5,1,46,QCF4_Hafs_46_W,QCF4_Hafs_46_W.ttf,
82,6,1,46,QCF4_Hafs_46_W,QCF4_Hafs_46_W.ttf,
82,7,1,46,QCF4_Hafs_46_W,QCF4_Hafs_46_W.ttf,
82,8,1,46,QCF4_Hafs_46_W,QCF4_Hafs_46_W.ttf,
82,9,1,46,QCF4_Hafs_46_W,QCF4_Hafs_46_W.ttf,
82,10,1,46,QCF4_Hafs_46_W,QCF4_Hafs_46_W.ttf,
82,11,1,46,QCF4_Hafs_46_W,QCF4_Hafs_46_W.ttf,
82,12,1,46,QCF4_Hafs_46_W,QCF4_Hafs_46_W.ttf,
82,13,1,46,QCF4_Hafs_46_W,QCF4_Hafs_46_W.ttf,
82,14,1,46,QCF4_Hafs_46_W,QCF4_Hafs_46_W.ttf,
82,15,1,46,QCF4_Hafs_46_W,QCF4_Hafs_46_W.ttf,
82,16,1,46,QCF4_Hafs_46_W,QCF4_Hafs_46_W.ttf,
82,17,1,46,QCF4_Hafs_46_W,QCF4_Hafs_46_W.ttf,
82,18,1,46,QCF4_Hafs_46_W,QCF4_Hafs_46_W.ttf,
82,19,1,46,QCF4_Hafs_46_W,QCF4_Hafs_46_W.ttf,
83,1,1,46,QCF4_Hafs_46_W,QCF4_Hafs_46_W.ttf,
83,2,1,46,QCF4_Hafs_46_W,QCF4_Hafs_46_W.ttf,
83,3,1,46,QCF4_Hafs_46_W,QCF4_Hafs_46_W.ttf,
83,4,1,46,QCF4_Hafs_46_W,QCF4_Hafs_46_W.ttf,
83,5,1,46,QCF4_Hafs_46_W,QCF4_Hafs_46_W.ttf,
83,6,1,46,QCF4_Hafs_46_W,QCF4_Hafs_46_W.ttf,
83,7,1,46,QCF4_Hafs_46_W,QCF4_Hafs_46_W.ttf,
83,8,1,46,QCF4_Hafs_46_W,QCF4_Hafs_46_W.ttf,
83,9,1,46,QCF4_Hafs_46_W,QCF4_Hafs_46_W.ttf,
83,10,1,46,QCF4_Hafs_46_W,QCF4_Hafs_46_W.ttf,
83,11,1,46,QCF4_Hafs_46_W,QCF4_Hafs_46_W.ttf,
83,12,1,46,QCF4_Hafs_46_W,QCF4_Hafs_46_W.ttf,
83,13,1,46,QCF4_Hafs_46_W,QCF4_Hafs_46_W.ttf,
83,14,1,46,QCF4_Hafs_46_W,QCF4_Hafs_46_W.ttf,
83,15,1,46,QCF4_Hafs_46_W,QCF4_Hafs_46_W.ttf,
83,16,1,46,QCF4_Hafs_46_W,QCF4_Hafs_46_W.ttf,
83,17,1,46,QCF4_Hafs_46_W,QCF4_Hafs_46_W.ttf,
83,18,1,46,QCF4_Hafs_46_W,QCF4_Hafs_46_W.ttf,
83,19,1,46,QCF4_Hafs_46_W,QCF4_Hafs_46_W.ttf,
83,20,1,46,QCF4_Hafs_46_W,QCF4_Hafs_46_W.ttf,
83,21,1,46,QCF4_Hafs_46_W,QCF4_Hafs_46_W.ttf,
83,22,1,46,QCF4_Hafs_46_W,QCF4_Hafs_46_W.ttf,
83,23,1,46,QCF4_Hafs_46_W,QCF4_Hafs_46_W.ttf,
83,24,1,46,QCF4_Hafs_46_W,QCF4_Hafs_46_W.ttf,
83,25,1,46,QCF4_Hafs_46_W,QCF4_Hafs_46_W.ttf,
83,26,1,46,QCF4_Hafs_46_W,QCF4_Hafs_46_W.ttf,
83,27,1,46,QCF4_Hafs_46_W,QCF4_Hafs_46_W.ttf,
83,28,1,46,QCF4_Hafs_46_W,QCF4_Hafs_46_W.ttf,
83,29,1,46,QCF4_Hafs_46_W,QCF4_Hafs_46_W.ttf,
83,30,1,46,QCF4_Hafs_46_W,QCF4_Hafs_46_W.ttf,
83,31,1,46,QCF4_Hafs_46_W,QCF4_Hafs_46_W.ttf,
83,32,1,46,QCF4_Hafs_46_W,QCF4_Hafs_46_W.ttf,
83,33,1,46,QCF4_Hafs_46_W,QCF4_Hafs_46_W.ttf,
83,34,1,46,QCF4_Hafs_46_W,QCF4_Hafs_46_W.ttf,
83,35,1,46,QCF4_Hafs_46_W,QCF4_Hafs_46_W.ttf,
83,36,1,46,QCF4_Hafs_46_W,QCF4_Hafs_46_W.ttf,
84,1,1,46,QCF4_Hafs_46_W,QCF4_Hafs_46_W.ttf,
84,2,1,46,QCF4_Hafs_46_W,QCF4_Hafs_46_W.ttf,
84,3,1,46,QCF4_Hafs_46_W,QCF4_Hafs_46_W.ttf,
84,4,1,46,QCF4_Hafs_46_W,QCF4_Hafs_46_W.ttf,
84,5,1,46,QCF4_Hafs_46_W,QCF4_Hafs_46_W.ttf,
84,6,1,46,QCF4_Hafs_46_W,QCF4_Hafs_46_W.ttf,
84,7,1,46,QCF4_Hafs_46_W,QCF4_Hafs_46_W.ttf,
84,8,1,46,QCF4_Hafs_46_W,QCF4_Hafs_46_W.ttf,
84,9,1,46,QCF4_Hafs_46_W,QCF4_Hafs_46_W.ttf,
84,10,1,46,QCF4_Hafs_46_W,QCF4_Hafs_46_W.ttf,
84,11,1,46,QCF4_Hafs_46_W,QCF4_Hafs_46_W.ttf,
84,12,1,46,QCF4_Hafs_46_W,QCF4_Hafs_46_W.ttf,
84,13,1,46,QCF4_Hafs_46_W,QCF4_Hafs_46_W.ttf,
84,14,1,46,QCF4_Hafs_46_W,QCF4_Hafs_46_W.ttf,
84,15,1,46,QCF4_Hafs_46_W,QCF4_Hafs_46_W.ttf,
84,16,1,46,QCF4_Hafs_46_W,QCF4_Hafs_46_W.ttf,
84,17,1,46,QCF4_Hafs_46_W,QCF4_Hafs_46_W.ttf,
84,18,1,46,QCF4_Hafs_46_W,QCF4_Hafs_46_W.ttf,
84,19,1,46,QCF4_Hafs_46_W,QCF4_Hafs_46_W.ttf,
84,20,1,46,QCF4_Hafs_46_W,QCF4_Hafs_46_W.ttf,
84,21,1,46,QCF4_Hafs_46_W,QCF4_Hafs_46_W.ttf,
84,22,1,46,QCF4_Hafs_46_W,QCF4_Hafs_46_W.ttf,
84,23,1,46,QCF4_Hafs_46_W,QCF4_Hafs_46_W.ttf,
84,24,1,46,QCF4_Hafs_46_W,QCF4_Hafs_46_W.ttf,
84,25,1,46,QCF4_Hafs_46_W,QCF4_Hafs_46_W.ttf,
85,1,1,46,QCF4_Hafs_46_W,QCF4_Hafs_46_W.ttf,
85,2,1,46,QCF4_Hafs_46_W,QCF4_Hafs_46_W.ttf,
85,3,1,46,QCF4_Hafs_46_W,QCF4_Hafs_46_W.ttf,
85,4,1,46,QCF4_Hafs_46_W,QCF4_Hafs_46_W.ttf,
85,5,1,46,QCF4_Hafs_46_W,QCF4_Hafs_46_W.ttf,
85,6,1,46,QCF4_Hafs_46_W,QCF4_Hafs_46_W.ttf,
85,7,1,46,QCF4_Hafs_46_W,QCF4_Hafs_46_W.ttf,
85,8,1,46,QCF4_Hafs_46_W,QCF4_Hafs_46_W.ttf,
85,9,1,46,QCF4_Hafs_46_W,QCF4_Hafs_46_W.ttf,
85,10,1,46,QCF4_Hafs_46_W,QCF4_Hafs_46_W.ttf,
85,11,1,46,QCF4_Hafs_46_W,QCF4_Hafs_46_W.ttf,
85,12,1,46,QCF4_Hafs_46_W,QCF4_Hafs_46_W.ttf,
85,13,1,46,QCF4_Hafs_46_W,QCF4_Hafs_46_W.ttf,
85,14,1,46,QCF4_Hafs_46_W,QCF4_Hafs_46_W.ttf,
85,15,1,46,QCF4_Hafs_46_W,QCF4_Hafs_46_W.ttf,
85,16,1,46,QCF4_Hafs_46_W,QCF4_Hafs_46_W.ttf,
85,17,1,46,QCF4_Hafs_46_W,QCF4_Hafs_46_W.ttf,
85,18,1,46,QCF4_Hafs_46_W,QCF4_Hafs_46_W.ttf,
85,19,1,46,QCF4_Hafs_46_W,QCF4_Hafs_46_W.ttf,
85,20,1,46,QCF4_Hafs_46_W,QCF4_Hafs_46_W.ttf,
85,21,1,46,QCF4_Hafs_46_W,QCF4_Hafs_46_W.ttf,
85,22,1,46,QCF4_Hafs_46_W,QCF4_Hafs_46_W.ttf,
86,1,1,47,QCF4_Hafs_47_W,QCF4_Hafs_47_W.ttf,
86,2,1,47,QCF4_Hafs_47_W,QCF4_Hafs_47_W.ttf,
86,3,1,47,QCF4_Hafs_47_W,QCF4_Hafs_47_W.ttf,
86,4,1,47,QCF4_Hafs_47_W,QCF4_Hafs_47_W.ttf,
86,5,1,47,QCF4_Hafs_47_W,QCF4_Hafs_47_W.ttf,
86,6,1,47,QCF4_Hafs_47_W,QCF4_Hafs_47_W.ttf,
86,7,1,47,QCF4_Hafs_47_W,QCF4_Hafs_47_W.ttf,
86,8,1,47,QCF4_Hafs_47_W,QCF4_Hafs_47_W.ttf,
86,9,1,47,QCF4_Hafs_47_W,QCF4_Hafs_47_W.ttf,
86,10,1,47,QCF4_Hafs_47_W,QCF4_Hafs_47_W.ttf,
86,11,1,47,QCF4_Hafs_47_W,QCF4_Hafs_47_W.ttf,
86,12,1,47,QCF4_Hafs_47_W,QCF4_Hafs_47_W.ttf,
86,13,1,47,QCF4_Hafs_47_W,QCF4_Hafs_47_W.ttf,
86,14,1,47,QCF4_Hafs_47_W,QCF4_Hafs_47_W.ttf,
86,15,1,47,QCF4_Hafs_47_W,QCF4_Hafs_47_W.ttf,
86,16,1,47,QCF4_Hafs_47_W,QCF4_Hafs_47_W.ttf,
86,17,1,47,QCF4_Hafs_47_W,QCF4_Hafs_47_W.ttf,
87,1,1,47,QCF4_Hafs_47_W,QCF4_Hafs_47_W.ttf,
87,2,1,47,QCF4_Hafs_47_W,QCF4_Hafs_47_W.ttf,
87,3,1,47,QCF4_Hafs_47_W,QCF4_Hafs_47_W.ttf,
87,4,1,47,QCF4_Hafs_47_W,QCF4_Hafs_47_W.ttf,
87,5,1,47,QCF4_Hafs_47_W,QCF4_Hafs_47_W.ttf,
87,6,1,47,QCF4_Hafs_47_W,QCF4_Hafs_47_W.ttf,
87,7,1,47,QCF4_Hafs_47_W,QCF4_Hafs_47_W.ttf,
87,8,1,47,QCF4_Hafs_47_W,QCF4_Hafs_47_W.ttf,
87,9,1,47,QCF4_Hafs_47_W,QCF4_Hafs_47_W.ttf,
87,10,1,47,QCF4_Hafs_47_W,QCF4_Hafs_47_W.ttf,
87,11,1,47,QCF4_Hafs_47_W,QCF4_Hafs_47_W.ttf,
87,12,1,47,QCF4_Hafs_47_W,QCF4_Hafs_47_W.ttf,
87,13,1,47,QCF4_Hafs_47_W,QCF4_Hafs_47_W.ttf,
87,14,1,47,QCF4_Hafs_47_W,QCF4_Hafs_47_W.ttf,
87,15,1,47,QCF4_Hafs_47_W,QCF4_Hafs_47_W.ttf,
87,16,1,47,QCF4_Hafs_47_W,QCF4_Hafs_47_W.ttf,
87,17,1,47,QCF4_Hafs_47_W,QCF4_Hafs_47_W.ttf,
87,18,1,47,QCF4_Hafs_47_W,QCF4_Hafs_47_W.ttf,
87,19,1,47,QCF4_Hafs_47_W,QCF4_Hafs_47_W.ttf,
88,1,1,47,QCF4_Hafs_47_W,QCF4_Hafs_47_W.ttf,
88,2,1,47,QCF4_Hafs_47_W,QCF4_Hafs_47_W.ttf,
88,3,1,47,QCF4_Hafs_47_W,QCF4_Hafs_47_W.ttf,
88,4,1,47,QCF4_Hafs_47_W,QCF4_Hafs_47_W.ttf,
88,5,1,47,QCF4_Hafs_47_W,QCF4_Hafs_47_W.ttf,
88,6,1,47,QCF4_Hafs_47_W,QCF4_Hafs_47_W.ttf,
88,7,1,47,QCF4_Hafs_47_W,QCF4_Hafs_47_W.ttf,
88,8,1,47,QCF4_Hafs_47_W,QCF4_Hafs_47_W.ttf,
88,9,1,47,QCF4_Hafs_47_W,QCF4_Hafs_47_W.ttf,
88,10,1,47,QCF4_Hafs_47_W,QCF4_Hafs_47_W.ttf,
88,11,1,47,QCF4_Hafs_47_W,QCF4_Hafs_47_W.ttf,
88,12,1,47,QCF4_Hafs_47_W,QCF4_Hafs_47_W.ttf,
88,13,1,47,QCF4_Hafs_47_W,QCF4_Hafs_47_W.ttf,
88,14,1,47,QCF4_Hafs_47_W,QCF4_Hafs_47_W.ttf,
88,15,1,47,QCF4_Hafs_47_W,QCF4_Hafs_47_W.ttf,
88,16,1,47,QCF4_Hafs_47_W,QCF4_Hafs_47_W.ttf,
88,17,1,47,QCF4_Hafs_47_W,QCF4_Hafs_47_W.ttf,
88,18,1,47,QCF4_Hafs_47_W,QCF4_Hafs_47_W.ttf,
88,19,1,47,QCF4_Hafs_47_W,QCF4_Hafs_47_W.ttf,
88,20,1,47,QCF4_Hafs_47_W,QCF4_Hafs_47_W.ttf,
88,21,1,47,QCF4_Hafs_47_W,QCF4_Hafs_47_W.ttf,
88,22,1,47,QCF4_Hafs_47_W,QCF4_Hafs_47_W.ttf,
88,23,1,47,QCF4_Hafs_47_W,QCF4_Hafs_47_W.ttf,
88,24,1,47,QCF4_Hafs_47_W,QCF4_Hafs_47_W.ttf,
88,25,1,47,QCF4_Hafs_47_W,QCF4_Hafs_47_W.ttf,
88,26,1,47,QCF4_Hafs_47_W,QCF4_Hafs_47_W.ttf,
89,1,1,47,QCF4_Hafs_47_W,QCF4_Hafs_47_W.ttf,
89,2,1,47,QCF4_Hafs_47_W,QCF4_Hafs_47_W.ttf,
89,3,1,47,QCF4_Hafs_47_W,QCF4_Hafs_47_W.ttf,
89,4,1,47,QCF4_Hafs_47_W,QCF4_Hafs_47_W.ttf,
89,5,1,47,QCF4_Hafs_47_W,QCF4_Hafs_47_W.ttf,
89,6,1,47,QCF4_Hafs_47_W,QCF4_Hafs_47_W.ttf,
89,7,1,47,QCF4_Hafs_47_W,QCF4_Hafs_47_W.ttf,
89,8,1,47,QCF4_Hafs_47_W,QCF4_Hafs_47_W.ttf,
89,9,1,47,QCF4_Hafs_47_W,QCF4_Hafs_47_W.ttf,
89,10,1,47,QCF4_Hafs_47_W,QCF4_Hafs_47_W.ttf,
89,11,1,47,QCF4_Hafs_47_W,QCF4_Hafs_47_W.ttf,
89,12,1,47,QCF4_Hafs_47_W,QCF4_Hafs_47_W.ttf,
89,13,1,47,QCF4_Hafs_47_W,QCF4_Hafs_47_W.ttf,
89,14,1,47,QCF4_Hafs_47_W,QCF4_Hafs_47_W.ttf,
89,15,1,47,QCF4_Hafs_47_W,QCF4_Hafs_47_W.ttf,
89,16,1,47,QCF4_Hafs_47_W,QCF4_Hafs_47_W.ttf,
89,17,1,47,QCF4_Hafs_47_W,QCF4_Hafs_47_W.ttf,
89,18,1,47,QCF4_Hafs_47_W,QCF4_Hafs_47_W.ttf,
89,19,1,47,QCF4_Hafs_47_W,QCF4_Hafs_47_W.ttf,
89,20,1,47,QCF4_Hafs_47_W,QCF4_Hafs_47_W.ttf,
89,21,1,47,QCF4_Hafs_47_W,QCF4_Hafs_47_W.ttf,
89,22,1,47,QCF4_Hafs_47_W,QCF4_Hafs_47_W.ttf,
89,23,1,47,QCF4_Hafs_47_W,QCF4_Hafs_47_W.ttf,
89,24,1,47,QCF4_Hafs_47_W,QCF4_Hafs_47_W.ttf,
89,25,1,47,QCF4_Hafs_47_W,QCF4_Hafs_47_W.ttf,
89,26,1,47,QCF4_Hafs_47_W,QCF4_Hafs_47_W.ttf,
89,27,1,47,QCF4_Hafs_47_W,QCF4_Hafs_47_W.ttf,
89,28,1,47,QCF4_Hafs_47_W,QCF4_Hafs_47_W.ttf,
89,29,1,47,QCF4_Hafs_47_W,QCF4_Hafs_47_W.ttf,
89,30,1,47,QCF4_Hafs_47_W,QCF4_Hafs_47_W.ttf,
90,1,1,47,QCF4_Hafs_47_W,QCF4_Hafs_47_W.ttf,
90,2,1,47,QCF4_Hafs_47_W,QCF4_Hafs_47_W.ttf,
90,3,1,47,QCF4_Hafs_47_W,QCF4_Hafs_47_W.ttf,
90,4,1,47,QCF4_Hafs_47_W,QCF4_Hafs_47_W.ttf,
90,5,1,47,QCF4_Hafs_47_W,QCF4_Hafs_47_W.ttf,
90,6,1,47,QCF4_Hafs_47_W,QCF4_Hafs_47_W.ttf,
90,7,1,47,QCF4_Hafs_47_W,QCF4_Hafs_47_W.ttf,
90,8,1,47,QCF4_Hafs_47_W,QCF4_Hafs_47_W.ttf,
90,9,1,47,QCF4_Hafs_47_W,QCF4_Hafs_47_W.ttf,
90,10,1,47,QCF4_Hafs_47_W,QCF4_Hafs_47_W.ttf,
90,11,1,47,QCF4_Hafs_47_W,QCF4_Hafs_47_W.ttf,
90,12,1,47,QCF4_Hafs_47_W,QCF4_Hafs_47_W.ttf,
90,13,1,47,QCF4_Hafs_47_W,QCF4_Hafs_47_W.ttf,
90,14,1,47,QCF4_Hafs_47_W,QCF4_Hafs_47_W.ttf,
90,15,1,47,QCF4_Hafs_47_W,QCF4_Hafs_47_W.ttf,
90,16,1,47,QCF4_Hafs_47_W,QCF4_Hafs_47_W.ttf,
90,17,1,47,QCF4_Hafs_47_W,QCF4_Hafs_47_W.ttf,
90,18,1,47,QCF4_Hafs_47_W,QCF4_Hafs_47_W.ttf,
90,19,1,47,QCF4_Hafs_47_W,QCF4_Hafs_47_W.ttf,
90,20,1,47,QCF4_Hafs_47_W,QCF4_Hafs_47_W.ttf,
91,1,1,47,QCF4_Hafs_47_W,QCF4_Hafs_47_W.ttf,
91,2,1,47,QCF4_Hafs_47_W,QCF4_Hafs_47_W.ttf,
91,3,1,47,QCF4_Hafs_47_W,QCF4_Hafs_47_W.ttf,
91,4,1,47,QCF4_Hafs_47_W,QCF4_Hafs_47_W.ttf,
91,5,1,47,QCF4_Hafs_47_W,QCF4_Hafs_47_W.ttf,
91,6,1,47,QCF4_Hafs_47_W,QCF4_Hafs_47_W.ttf,
91,7,1,47,QCF4_Hafs_47_W,QCF4_Hafs_47_W.ttf,
91,8,1,47,QCF4_Hafs_47_W,QCF4_Hafs_47_W.ttf,
91,9,1,47,QCF4_Hafs_47_W,QCF4_Hafs_47_W.ttf,
91,10,1,47,QCF4_Hafs_47_W,QCF4_Hafs_47_W.ttf,
91,11,1,47,QCF4_Hafs_47_W,QCF4_Hafs_47_W.ttf,
91,12,1,47,QCF4_Hafs_47_W,QCF4_Hafs_47_W.ttf,
91,13,1,47,QCF4_Hafs_47_W,QCF4_Hafs_47_W.ttf,
91,14,1,47,QCF4_Hafs_47_W,QCF4_Hafs_47_W.ttf,
91,15,1,47,QCF4_Hafs_47_W,QCF4_Hafs_47_W.ttf,
92,1,1,47,QCF4_Hafs_47_W,QCF4_Hafs_47_W.ttf,
92,2,1,47,QCF4_Hafs_47_W,QCF4_Hafs_47_W.ttf,
92,3,1,47,QCF4_Hafs_47_W,QCF4_Hafs_47_W.ttf,
92,4,1,47,QCF4_Hafs_47_W,QCF4_Hafs_47_W.ttf,
92,5,1,47,QCF4_Hafs_47_W,QCF4_Hafs_47_W.ttf,
92,6,1,47,QCF4_Hafs_47_W,QCF4_Hafs_47_W.ttf,
92,7,1,47,QCF4_Hafs_47_W,QCF4_Hafs_47_W.ttf,
92,8,1,47,QCF4_Hafs_47_W,QCF4_Hafs_47_W.ttf,
92,9,1,47,QCF4_Hafs_47_W,QCF4_Hafs_47_W.ttf,
92,10,1,47,QCF4_Hafs_47_W,QCF4_Hafs_47_W.ttf,
92,11,1,47,QCF4_Hafs_47_W,QCF4_Hafs_47_W.ttf,
92,12,1,47,QCF4_Hafs_47_W,QCF4_Hafs_47_W.ttf,
92,13,1,47,QCF4_Hafs_47_W,QCF4_Hafs_47_W.ttf,
92,14,1,47,QCF4_Hafs_47_W,QCF4_Hafs_47_W.ttf,
92,15,1,47,QCF4_Hafs_47_W,QCF4_Hafs_47_W.ttf,
92,16,1,47,QCF4_Hafs_47_W,QCF4_Hafs_47_W.ttf,
92,17,1,47,QCF4_Hafs_47_W,QCF4_Hafs_47_W.ttf,
92,18,1,47,QCF4_Hafs_47_W,QCF4_Hafs_47_W.ttf,
92,19,1,47,QCF4_Hafs_47_W,QCF4_Hafs_47_W.ttf,
92,20,1,47,QCF4_Hafs_47_W,QCF4_Hafs_47_W.ttf,
92,21,1,47,QCF4_Hafs_47_W,QCF4_Hafs_47_W.ttf,
93,1,1,47,QCF4_Hafs_47_W,QCF4_Hafs_47_W.ttf,
93,2,1,47,QCF4_Hafs_47_W,QCF4_Hafs_47_W.ttf,
93,3,1,47,QCF4_Hafs_47_W,QCF4_Hafs_47_W.ttf,
93,4,1,47,QCF4_Hafs_47_W,QCF4_Hafs_47_W.ttf,
93,5,1,47,QCF4_Hafs_47_W,QCF4_Hafs_47_W.ttf,
93,6,1,47,QCF4_Hafs_47_W,QCF4_Hafs_47_W.ttf,
93,7,1,47,QCF4_Hafs_47_W,QCF4_Hafs_47_W.ttf,
93,8,1,47,QCF4_Hafs_47_W,QCF4_Hafs_47_W.ttf,
93,9,1,47,QCF4_Hafs_47_W,QCF4_Hafs_47_W.ttf,
93,10,1,47,QCF4_Hafs_47_W,QCF4_Hafs_47_W.ttf,
93,11,1,47,QCF4_Hafs_47_W,QCF4_Hafs_47_W.ttf,
94,1,1,47,QCF4_Hafs_47_W,QCF4_Hafs_47_W.ttf,
94,2,1,47,QCF4_Hafs_47_W,QCF4_Hafs_47_W.ttf,
94,3,1,47,QCF4_Hafs_47_W,QCF4_Hafs_47_W.ttf,
94,4,1,47,QCF4_Hafs_47_W,QCF4_Hafs_47_W.ttf,
94,5,1,47,QCF4_Hafs_47_W,QCF4_Hafs_47_W.ttf,
94,6,1,47,QCF4_Hafs_47_W,QCF4_Hafs_47_W.ttf,
94,7,1,47,QCF4_Hafs_47_W,QCF4_Hafs_47_W.ttf,
94,8,1,47,QCF4_Hafs_47_W,QCF4_Hafs_47_W.ttf,
95,1,1,47,QCF4_Hafs_47_W,QCF4_Hafs_47_W.ttf,
95,2,1,47,QCF4_Hafs_47_W,QCF4_Hafs_47_W.ttf,
95,3,1,47,QCF4_Hafs_47_W,QCF4_Hafs_47_W.ttf,
95,4,1,47,QCF4_Hafs_47_W,QCF4_Hafs_47_W.ttf,
95,5,1,47,QCF4_Hafs_47_W,QCF4_Hafs_47_W.ttf,
95,6,1,47,QCF4_Hafs_47_W,QCF4_Hafs_47_W.ttf,
95,7,1,47,QCF4_Hafs_47_W,QCF4_Hafs_47_W.ttf,
95,8,1,47,QCF4_Hafs_47_W,QCF4_Hafs_47_W.ttf,
96,1,1,47,QCF4_Hafs_47_W,QCF4_Hafs_47_W.ttf,
96,2,1,47,QCF4_Hafs_47_W,QCF4_Hafs_47_W.ttf,
96,3,1,47,QCF4_Hafs_47_W,QCF4_Hafs_47_W.ttf,
96,4,1,47,QCF4_Hafs_47_W,QCF4_Hafs_47_W.ttf,
96,5,1,47,QCF4_Hafs_47_W,QCF4_Hafs_47_W.ttf,
96,6,1,47,QCF4_Hafs_47_W,QCF4_Hafs_47_W.ttf,
96,7,1,47,QCF4_Hafs_47_W,QCF4_Hafs_47_W.ttf,
96,8,1,47,QCF4_Hafs_47_W,QCF4_Hafs_47_W.ttf,
96,9,1,47,QCF4_Hafs_47_W,QCF4_Hafs_47_W.ttf,
96,10,1,47,QCF4_Hafs_47_W,QCF4_Hafs_47_W.ttf,
96,11,1,47,QCF4_Hafs_47_W,QCF4_Hafs_47_W.ttf,
96,12,1,47,QCF4_Hafs_47_W,QCF4_Hafs_47_W.ttf,
96,13,1,47,QCF4_Hafs_47_W,QCF4_Hafs_47_W.ttf,
96,14,1,47,QCF4_Hafs_47_W,QCF4_Hafs_47_W.ttf,
96,15,1,47,QCF4_Hafs_47_W,QCF4_Hafs_47_W.ttf,
96,16,1,47,QCF4_Hafs_47_W,QCF4_Hafs_47_W.ttf,
96,17,1,47,QCF4_Hafs_47_W,QCF4_Hafs_47_W.ttf,
96,18,1,47,QCF4_Hafs_47_W,QCF4_Hafs_47_W.ttf,
96,19,1,47,QCF4_Hafs_47_W,QCF4_Hafs_47_W.ttf,
97,1,1,47,QCF4_Hafs_47_W,QCF4_Hafs_47_W.ttf,
97,2,1,47,QCF4_Hafs_47_W,QCF4_Hafs_47_W.ttf,
97,3,1,47,QCF4_Hafs_47_W,QCF4_Hafs_47_W.ttf,
97,4,1,47,QCF4_Hafs_47_W,QCF4_Hafs_47_W.ttf,
97,5,1,47,QCF4_Hafs_47_W,QCF4_Hafs_47_W.ttf,
98,1,1,47,QCF4_Hafs_47_W,QCF4_Hafs_47_W.ttf,
98,2,1,47,QCF4_Hafs_47_W,QCF4_Hafs_47_W.ttf,
98,3,1,47,QCF4_Hafs_47_W,QCF4_Hafs_47_W.ttf,
98,4,1,47,QCF4_Hafs_47_W,QCF4_Hafs_47_W.ttf,
98,5,1,47,QCF4_Hafs_47_W,QCF4_Hafs_47_W.ttf,
98,6,1,47,QCF4_Hafs_47_W,QCF4_Hafs_47_W.ttf,
98,7,1,47,QCF4_Hafs_47_W,QCF4_Hafs_47_W.ttf,
98,8,1,47,QCF4_Hafs_47_W,QCF4_Hafs_47_W.ttf,
99,1,1,47,QCF4_Hafs_47_W,QCF4_Hafs_47_W.ttf,
99,2,1,47,QCF4_Hafs_47_W,QCF4_Hafs_47_W.ttf,
99,3,1,47,QCF4_Hafs_47_W,QCF4_Hafs_47_W.ttf,
99,4,1,47,QCF4_Hafs_47_W,QCF4_Hafs_47_W.ttf,
99,5,1,47,QCF4_Hafs_47_W,QCF4_Hafs_47_W.ttf,
99,6,1,47,QCF4_Hafs_47_W,QCF4_Hafs_47_W.ttf,
99,7,1,47,QCF4_Hafs_47_W,QCF4_Hafs_47_W.ttf,
99,8,1,47,QCF4_Hafs_47_W,QCF4_Hafs_47_W.ttf,
100,1,1,47,QCF4_Hafs_47_W,QCF4_Hafs_47_W.ttf,
100,2,1,47,QCF4_Hafs_47_W,QCF4_Hafs_47_W.ttf,
100,3,1,47,QCF4_Hafs_47_W,QCF4_Hafs_47_W.ttf,
100,4,1,47,QCF4_Hafs_47_W,QCF4_Hafs_47_W.ttf,
100,5,1,47,QCF4_Hafs_47_W,QCF4_Hafs_47_W.ttf,
100,6,1,47,QCF4_Hafs_47_W,QCF4_Hafs_47_W.ttf,
100,7,1,47,QCF4_Hafs_47_W,QCF4_Hafs_47_W.ttf,
100,8,1,47,QCF4_Hafs_47_W,QCF4_Hafs_47_W.ttf,
100,9,1,47,QCF4_Hafs_47_W,QCF4_Hafs_47_W.ttf,
100,10,1,47,QCF4_Hafs_47_W,QCF4_Hafs_47_W.ttf,
100,11,1,47,QCF4_Hafs_47_W,QCF4_Hafs_47_W.ttf,
101,1,1,47,QCF4_Hafs_47_W,QCF4_Hafs_47_W.ttf,
101,2,1,47,QCF4_Hafs_47_W,QCF4_Hafs_47_W.ttf,
101,3,1,47,QCF4_Hafs_47_W,QCF4_Hafs_47_W.ttf,
101,4,1,47,QCF4_Hafs_47_W,QCF4_Hafs_47_W.ttf,
101,5,1,47,QCF4_Hafs_47_W,QCF4_Hafs_47_W.ttf,
101,6,1,47,QCF4_Hafs_47_W,QCF4_Hafs_47_W.ttf,
101,7,1,47,QCF4_Hafs_47_W,QCF4_Hafs_47_W.ttf,
101,8,1,47,QCF4_Hafs_47_W,QCF4_Hafs_47_W.ttf,
101,9,1,47,QCF4_Hafs_47_W,QCF4_Hafs_47_W.ttf,
101,10,1,47,QCF4_Hafs_47_W,QCF4_Hafs_47_W.ttf,
101,11,1,47,QCF4_Hafs_47_W,QCF4_Hafs_47_W.ttf,
102,1,1,47,QCF4_Hafs_47_W,QCF4_Hafs_47_W.ttf,
102,2,1,47,QCF4_Hafs_47_W,QCF4_Hafs_47_W.ttf,
102,3,1,47,QCF4_Hafs_47_W,QCF4_Hafs_47_W.ttf,
102,4,1,47,QCF4_Hafs_47_W,QCF4_Hafs_47_W.ttf,
102,5,1,47,QCF4_Hafs_47_W,QCF4_Hafs_47_W.ttf,
102,6,1,47,QCF4_Hafs_47_W,QCF4_Hafs_47_W.ttf,
102,7,1,47,QCF4_Hafs_47_W,QCF4_Hafs_47_W.ttf,
102,8,1,47,QCF4_Hafs_47_W,QCF4_Hafs_47_W.ttf,
103,1,1,47,QCF4_Hafs_47_W,QCF4_Hafs_47_W.ttf,
103,2,1,47,QCF4_Hafs_47_W,QCF4_Hafs_47_W.ttf,
103,3,1,47,QCF4_Hafs_47_W,QCF4_Hafs_47_W.ttf,
104,1,1,47,QCF4_Hafs_47_W,QCF4_Hafs_47_W.ttf,
104,2,1,47,QCF4_Hafs_47_W,QCF4_Hafs_47_W.ttf,
104,3,1,47,QCF4_Hafs_47_W,QCF4_Hafs_47_W.ttf,
104,4,1,47,QCF4_Hafs_47_W,QCF4_Hafs_47_W.ttf,
104,5,1,47,QCF4_Hafs_47_W,QCF4_Hafs_47_W.ttf,
104,6,1,47,QCF4_Hafs_47_W,QCF4_Hafs_47_W.ttf,
104,7,1,47,QCF4_Hafs_47_W,QCF4_Hafs_47_W.ttf,
104,8,1,47,QCF4_Hafs_47_W,QCF4_Hafs_47_W.ttf,
104,9,1,47,QCF4_Hafs_47_W,QCF4_Hafs_47_W.ttf,
105,1,1,47,QCF4_Hafs_47_W,QCF4_Hafs_47_W.ttf,
105,2,1,47,QCF4_Hafs_47_W,QCF4_Hafs_47_W.ttf,
105,3,1,47,QCF4_Hafs_47_W,QCF4_Hafs_47_W.ttf,
105,4,1,47,QCF4_Hafs_47_W,QCF4_Hafs_47_W.ttf,
105,5,1,47,QCF4_Hafs_47_W,QCF4_Hafs_47_W.ttf,
106,1,1,47,QCF4_Hafs_47_W,QCF4_Hafs_47_W.ttf,
106,2,1,47,QCF4_Hafs_47_W,QCF4_Hafs_47_W.ttf,
106,3,1,47,QCF4_Hafs_47_W,QCF4_Hafs_47_W.ttf,
106,4,1,47,QCF4_Hafs_47_W,QCF4_Hafs_47_W.ttf,
107,1,1,47,QCF4_Hafs_47_W,QCF4_Hafs_47_W.ttf,
107,2,1,47,QCF4_Hafs_47_W,QCF4_Hafs_47_W.ttf,
107,3,1,47,QCF4_Hafs_47_W,QCF4_Hafs_47_W.ttf,
107,4,1,47,QCF4_Hafs_47_W,QCF4_Hafs_47_W.ttf,
107,5,1,47,QCF4_Hafs_47_W,QCF4_Hafs_47_W.ttf,
107,6,1,47,QCF4_Hafs_47_W,QCF4_Hafs_47_W.ttf,
107,7,1,47,QCF4_Hafs_47_W,QCF4_Hafs_47_W.ttf,
108,1,1,47,QCF4_Hafs_47_W,QCF4_Hafs_47_W.ttf,
108,2,1,47,QCF4_Hafs_47_W,QCF4_Hafs_47_W.ttf,
108,3,1,47,QCF4_Hafs_47_W,QCF4_Hafs_47_W.ttf,
109,1,1,47,QCF4_Hafs_47_W,QCF4_Hafs_47_W.ttf,
109,2,1,47,QCF4_Hafs_47_W,QCF4_Hafs_47_W.ttf,
109,3,1,47,QCF4_Hafs_47_W,QCF4_Hafs_47_W.ttf,
109,4,1,47,QCF4_Hafs_47_W,QCF4_Hafs_47_W.ttf,
109,5,1,47,QCF4_Hafs_47_W,QCF4_Hafs_47_W.ttf,
109,6,1,47,QCF4_Hafs_47_W,QCF4_Hafs_47_W.ttf,
110,1,1,47,QCF4_Hafs_47_W,QCF4_Hafs_47_W.ttf,
110,2,1,47,QCF4_Hafs_47_W,QCF4_Hafs_47_W.ttf,
110,3,1,47,QCF4_Hafs_47_W,QCF4_Hafs_47_W.ttf,
111,1,1,47,QCF4_Hafs_47_W,QCF4_Hafs_47_W.ttf,
111,2,1,47,QCF4_Hafs_47_W,QCF4_Hafs_47_W.ttf,
111,3,1,47,QCF4_Hafs_47_W,QCF4_Hafs_47_W.ttf,
111,4,1,47,QCF4_Hafs_47_W,QCF4_Hafs_47_W.ttf,
111,5,1,47,QCF4_Hafs_47_W,QCF4_Hafs_47_W.ttf,
112,1,1,47,QCF4_Hafs_47_W,QCF4_Hafs_47_W.ttf,
112,2,1,47,QCF4_Hafs_47_W,QCF4_Hafs_47_W.ttf,
112,3,1,47,QCF4_Hafs_47_W,QCF4_Hafs_47_W.ttf,
112,4,1,47,QCF4_Hafs_47_W,QCF4_Hafs_47_W.ttf,
113,1,1,47,QCF4_Hafs_47_W,QCF4_Hafs_47_W.ttf,
113,2,1,47,QCF4_Hafs_47_W,QCF4_Hafs_47_W.ttf,
113,3,1,47,QCF4_Hafs_47_W,QCF4_Hafs_47_W.ttf,
113,4,1,47,QCF4_Hafs_47_W,QCF4_Hafs_47_W.ttf,
113,5,1,47,QCF4_Hafs_47_W,QCF4_Hafs_47_W.ttf,
114,1,1,47,QCF4_Hafs_47_W,QCF4_Hafs_47_W.ttf,
114,2,1,47,QCF4_Hafs_47_W,QCF4_Hafs_47_W.ttf,
114,3,1,47,QCF4_Hafs_47_W,QCF4_Hafs_47_W.ttf,
114,4,1,47,QCF4_Hafs_47_W,QCF4_Hafs_47_W.ttf,
114,5,1,47,QCF4_Hafs_47_W,QCF4_Hafs_47_W.ttf,
114,6,1,47,QCF4_Hafs_47_W,QCF4_Hafs_47_W.ttf,
